-- Table: activity_log
CREATE TABLE `activity_log` (`id` INT AUTO_INCREMENT PRIMARY KEY not null, `log_name` VARCHAR(255), `description` text not null, `subject_type` VARCHAR(255), `subject_id` INT, `event` VARCHAR(255), `causer_type` VARCHAR(255), `causer_id` INT, `properties` text, `batch_uuid` VARCHAR(255), `created_at` DATETIME, `updated_at` DATETIME);

INSERT INTO `activity_log` (`id`, `log_name`, `description`, `subject_type`, `subject_id`, `event`, `causer_type`, `causer_id`, `properties`, `batch_uuid`, `created_at`, `updated_at`) VALUES ('1', 'lunar', 'created', 'currency', '1', 'created', NULL, NULL, '{"attributes":{"id":1,"code":"EUR","name":"Euro","exchange_rate":1,"decimal_places":2,"enabled":true,"default":true,"created_at":"2026-02-04T16:50:32.000000Z","sync_prices":false}}', NULL, '2026-02-04 16:50:32', '2026-02-04 16:50:32');
INSERT INTO `activity_log` (`id`, `log_name`, `description`, `subject_type`, `subject_id`, `event`, `causer_type`, `causer_id`, `properties`, `batch_uuid`, `created_at`, `updated_at`) VALUES ('2', 'lunar', 'created', 'customer_group', '1', 'created', NULL, NULL, '{"attributes":{"id":1,"name":"Default","handle":"default","default":0,"created_at":"2026-02-04T16:50:32.000000Z","attribute_data":null}}', NULL, '2026-02-04 16:50:32', '2026-02-04 16:50:32');
INSERT INTO `activity_log` (`id`, `log_name`, `description`, `subject_type`, `subject_id`, `event`, `causer_type`, `causer_id`, `properties`, `batch_uuid`, `created_at`, `updated_at`) VALUES ('3', 'lunar', 'created', 'product_type', '1', 'created', NULL, NULL, '{"attributes":{"id":1,"name":"Bambes","created_at":"2026-02-04T16:50:32.000000Z"}}', NULL, '2026-02-04 16:50:32', '2026-02-04 16:50:32');
INSERT INTO `activity_log` (`id`, `log_name`, `description`, `subject_type`, `subject_id`, `event`, `causer_type`, `causer_id`, `properties`, `batch_uuid`, `created_at`, `updated_at`) VALUES ('4', 'lunar', 'created', 'tax_class', '1', 'created', NULL, NULL, '{"attributes":{"id":1,"name":"Standard","created_at":"2026-02-04T16:50:32.000000Z","default":1}}', NULL, '2026-02-04 16:50:32', '2026-02-04 16:50:32');
INSERT INTO `activity_log` (`id`, `log_name`, `description`, `subject_type`, `subject_id`, `event`, `causer_type`, `causer_id`, `properties`, `batch_uuid`, `created_at`, `updated_at`) VALUES ('5', 'lunar', 'created', 'collection_group', '1', 'created', NULL, NULL, '{"attributes":{"id":1,"name":"Tipus de bambes","handle":"tipus-bambes","created_at":"2026-02-04T16:50:32.000000Z"}}', NULL, '2026-02-04 16:50:32', '2026-02-04 16:50:32');
INSERT INTO `activity_log` (`id`, `log_name`, `description`, `subject_type`, `subject_id`, `event`, `causer_type`, `causer_id`, `properties`, `batch_uuid`, `created_at`, `updated_at`) VALUES ('6', 'lunar', 'created', 'product_option', '1', 'created', NULL, NULL, '{"attributes":{"id":1,"name":null,"created_at":"2026-02-04T16:50:32.000000Z","handle":"talla","label":null,"shared":false,"meta":null}}', NULL, '2026-02-04 16:50:32', '2026-02-04 16:50:32');
INSERT INTO `activity_log` (`id`, `log_name`, `description`, `subject_type`, `subject_id`, `event`, `causer_type`, `causer_id`, `properties`, `batch_uuid`, `created_at`, `updated_at`) VALUES ('7', 'lunar', 'created', 'product_option', '2', 'created', NULL, NULL, '{"attributes":{"id":2,"name":null,"created_at":"2026-02-04T16:50:32.000000Z","handle":"color","label":null,"shared":false,"meta":null}}', NULL, '2026-02-04 16:50:32', '2026-02-04 16:50:32');
INSERT INTO `activity_log` (`id`, `log_name`, `description`, `subject_type`, `subject_id`, `event`, `causer_type`, `causer_id`, `properties`, `batch_uuid`, `created_at`, `updated_at`) VALUES ('8', 'lunar', 'created', 'brand', '1', 'created', NULL, NULL, '{"attributes":{"id":1,"name":"Nike","created_at":"2026-02-04T16:50:32.000000Z","attribute_data":null}}', NULL, '2026-02-04 16:50:32', '2026-02-04 16:50:32');
INSERT INTO `activity_log` (`id`, `log_name`, `description`, `subject_type`, `subject_id`, `event`, `causer_type`, `causer_id`, `properties`, `batch_uuid`, `created_at`, `updated_at`) VALUES ('9', 'lunar', 'created', 'product', '1', 'created', NULL, NULL, '{"attributes":{"id":1,"product_type_id":1,"status":"published","attribute_data":{"name":{"en":"Nike Air Zoom Pegasus 41"},"description":{"en":"Sabatilla d''entrenament per asfalt, polivalent."}},"created_at":"2026-02-04T16:50:32.000000Z","deleted_at":null,"brand_id":1,"slug":null,"thumbnail_id":null}}', NULL, '2026-02-04 16:50:32', '2026-02-04 16:50:32');
INSERT INTO `activity_log` (`id`, `log_name`, `description`, `subject_type`, `subject_id`, `event`, `causer_type`, `causer_id`, `properties`, `batch_uuid`, `created_at`, `updated_at`) VALUES ('10', 'lunar', 'created', 'product_variant', '1', 'created', NULL, NULL, '{"attributes":{"id":1,"product_id":1,"tax_class_id":1,"tax_ref":null,"unit_quantity":1,"sku":"NIKE-NIKE-AIR-ZOOM-PEGASUS-41-41-NEGRE","gtin":null,"mpn":null,"ean":null,"length_value":0,"length_unit":"mm","width_value":0,"width_unit":"mm","height_value":0,"height_unit":"mm","weight_value":0,"weight_unit":"mm","volume_value":0,"volume_unit":"mm","shippable":1,"stock":29,"backorder":0,"purchasable":"1","created_at":"2026-02-04T16:50:32.000000Z","deleted_at":null,"attribute_data":null,"quantity_increment":1,"min_quantity":1}}', NULL, '2026-02-04 16:50:32', '2026-02-04 16:50:32');
INSERT INTO `activity_log` (`id`, `log_name`, `description`, `subject_type`, `subject_id`, `event`, `causer_type`, `causer_id`, `properties`, `batch_uuid`, `created_at`, `updated_at`) VALUES ('11', 'lunar', 'created', 'product_variant', '2', 'created', NULL, NULL, '{"attributes":{"id":2,"product_id":1,"tax_class_id":1,"tax_ref":null,"unit_quantity":1,"sku":"NIKE-NIKE-AIR-ZOOM-PEGASUS-41-41-BLANC","gtin":null,"mpn":null,"ean":null,"length_value":0,"length_unit":"mm","width_value":0,"width_unit":"mm","height_value":0,"height_unit":"mm","weight_value":0,"weight_unit":"mm","volume_value":0,"volume_unit":"mm","shippable":1,"stock":35,"backorder":0,"purchasable":"1","created_at":"2026-02-04T16:50:32.000000Z","deleted_at":null,"attribute_data":null,"quantity_increment":1,"min_quantity":1}}', NULL, '2026-02-04 16:50:32', '2026-02-04 16:50:32');
INSERT INTO `activity_log` (`id`, `log_name`, `description`, `subject_type`, `subject_id`, `event`, `causer_type`, `causer_id`, `properties`, `batch_uuid`, `created_at`, `updated_at`) VALUES ('12', 'lunar', 'created', 'product_variant', '3', 'created', NULL, NULL, '{"attributes":{"id":3,"product_id":1,"tax_class_id":1,"tax_ref":null,"unit_quantity":1,"sku":"NIKE-NIKE-AIR-ZOOM-PEGASUS-41-42-NEGRE","gtin":null,"mpn":null,"ean":null,"length_value":0,"length_unit":"mm","width_value":0,"width_unit":"mm","height_value":0,"height_unit":"mm","weight_value":0,"weight_unit":"mm","volume_value":0,"volume_unit":"mm","shippable":1,"stock":21,"backorder":0,"purchasable":"1","created_at":"2026-02-04T16:50:32.000000Z","deleted_at":null,"attribute_data":null,"quantity_increment":1,"min_quantity":1}}', NULL, '2026-02-04 16:50:32', '2026-02-04 16:50:32');
INSERT INTO `activity_log` (`id`, `log_name`, `description`, `subject_type`, `subject_id`, `event`, `causer_type`, `causer_id`, `properties`, `batch_uuid`, `created_at`, `updated_at`) VALUES ('13', 'lunar', 'created', 'product_variant', '4', 'created', NULL, NULL, '{"attributes":{"id":4,"product_id":1,"tax_class_id":1,"tax_ref":null,"unit_quantity":1,"sku":"NIKE-NIKE-AIR-ZOOM-PEGASUS-41-42-BLANC","gtin":null,"mpn":null,"ean":null,"length_value":0,"length_unit":"mm","width_value":0,"width_unit":"mm","height_value":0,"height_unit":"mm","weight_value":0,"weight_unit":"mm","volume_value":0,"volume_unit":"mm","shippable":1,"stock":31,"backorder":0,"purchasable":"1","created_at":"2026-02-04T16:50:32.000000Z","deleted_at":null,"attribute_data":null,"quantity_increment":1,"min_quantity":1}}', NULL, '2026-02-04 16:50:32', '2026-02-04 16:50:32');
INSERT INTO `activity_log` (`id`, `log_name`, `description`, `subject_type`, `subject_id`, `event`, `causer_type`, `causer_id`, `properties`, `batch_uuid`, `created_at`, `updated_at`) VALUES ('14', 'lunar', 'created', 'product_variant', '5', 'created', NULL, NULL, '{"attributes":{"id":5,"product_id":1,"tax_class_id":1,"tax_ref":null,"unit_quantity":1,"sku":"NIKE-NIKE-AIR-ZOOM-PEGASUS-41-43-NEGRE","gtin":null,"mpn":null,"ean":null,"length_value":0,"length_unit":"mm","width_value":0,"width_unit":"mm","height_value":0,"height_unit":"mm","weight_value":0,"weight_unit":"mm","volume_value":0,"volume_unit":"mm","shippable":1,"stock":47,"backorder":0,"purchasable":"1","created_at":"2026-02-04T16:50:32.000000Z","deleted_at":null,"attribute_data":null,"quantity_increment":1,"min_quantity":1}}', NULL, '2026-02-04 16:50:32', '2026-02-04 16:50:32');
INSERT INTO `activity_log` (`id`, `log_name`, `description`, `subject_type`, `subject_id`, `event`, `causer_type`, `causer_id`, `properties`, `batch_uuid`, `created_at`, `updated_at`) VALUES ('15', 'lunar', 'created', 'product_variant', '6', 'created', NULL, NULL, '{"attributes":{"id":6,"product_id":1,"tax_class_id":1,"tax_ref":null,"unit_quantity":1,"sku":"NIKE-NIKE-AIR-ZOOM-PEGASUS-41-43-BLANC","gtin":null,"mpn":null,"ean":null,"length_value":0,"length_unit":"mm","width_value":0,"width_unit":"mm","height_value":0,"height_unit":"mm","weight_value":0,"weight_unit":"mm","volume_value":0,"volume_unit":"mm","shippable":1,"stock":18,"backorder":0,"purchasable":"1","created_at":"2026-02-04T16:50:32.000000Z","deleted_at":null,"attribute_data":null,"quantity_increment":1,"min_quantity":1}}', NULL, '2026-02-04 16:50:32', '2026-02-04 16:50:32');
INSERT INTO `activity_log` (`id`, `log_name`, `description`, `subject_type`, `subject_id`, `event`, `causer_type`, `causer_id`, `properties`, `batch_uuid`, `created_at`, `updated_at`) VALUES ('16', 'lunar', 'created', 'brand', '2', 'created', NULL, NULL, '{"attributes":{"id":2,"name":"ASICS","created_at":"2026-02-04T16:50:32.000000Z","attribute_data":null}}', NULL, '2026-02-04 16:50:32', '2026-02-04 16:50:32');
INSERT INTO `activity_log` (`id`, `log_name`, `description`, `subject_type`, `subject_id`, `event`, `causer_type`, `causer_id`, `properties`, `batch_uuid`, `created_at`, `updated_at`) VALUES ('17', 'lunar', 'created', 'product', '2', 'created', NULL, NULL, '{"attributes":{"id":2,"product_type_id":1,"status":"published","attribute_data":{"name":{"en":"ASICS GEL-Kayano 31"},"description":{"en":"Estabilitat i amortiguaci\u00f3 per rodatges llargs."}},"created_at":"2026-02-04T16:50:32.000000Z","deleted_at":null,"brand_id":2,"slug":null,"thumbnail_id":null}}', NULL, '2026-02-04 16:50:32', '2026-02-04 16:50:32');
INSERT INTO `activity_log` (`id`, `log_name`, `description`, `subject_type`, `subject_id`, `event`, `causer_type`, `causer_id`, `properties`, `batch_uuid`, `created_at`, `updated_at`) VALUES ('18', 'lunar', 'created', 'product_variant', '7', 'created', NULL, NULL, '{"attributes":{"id":7,"product_id":2,"tax_class_id":1,"tax_ref":null,"unit_quantity":1,"sku":"ASICS-ASICS-GEL-KAYANO-31-41-NEGRE","gtin":null,"mpn":null,"ean":null,"length_value":0,"length_unit":"mm","width_value":0,"width_unit":"mm","height_value":0,"height_unit":"mm","weight_value":0,"weight_unit":"mm","volume_value":0,"volume_unit":"mm","shippable":1,"stock":41,"backorder":0,"purchasable":"1","created_at":"2026-02-04T16:50:32.000000Z","deleted_at":null,"attribute_data":null,"quantity_increment":1,"min_quantity":1}}', NULL, '2026-02-04 16:50:32', '2026-02-04 16:50:32');
INSERT INTO `activity_log` (`id`, `log_name`, `description`, `subject_type`, `subject_id`, `event`, `causer_type`, `causer_id`, `properties`, `batch_uuid`, `created_at`, `updated_at`) VALUES ('19', 'lunar', 'created', 'product_variant', '8', 'created', NULL, NULL, '{"attributes":{"id":8,"product_id":2,"tax_class_id":1,"tax_ref":null,"unit_quantity":1,"sku":"ASICS-ASICS-GEL-KAYANO-31-41-BLANC","gtin":null,"mpn":null,"ean":null,"length_value":0,"length_unit":"mm","width_value":0,"width_unit":"mm","height_value":0,"height_unit":"mm","weight_value":0,"weight_unit":"mm","volume_value":0,"volume_unit":"mm","shippable":1,"stock":29,"backorder":0,"purchasable":"1","created_at":"2026-02-04T16:50:32.000000Z","deleted_at":null,"attribute_data":null,"quantity_increment":1,"min_quantity":1}}', NULL, '2026-02-04 16:50:32', '2026-02-04 16:50:32');
INSERT INTO `activity_log` (`id`, `log_name`, `description`, `subject_type`, `subject_id`, `event`, `causer_type`, `causer_id`, `properties`, `batch_uuid`, `created_at`, `updated_at`) VALUES ('20', 'lunar', 'created', 'product_variant', '9', 'created', NULL, NULL, '{"attributes":{"id":9,"product_id":2,"tax_class_id":1,"tax_ref":null,"unit_quantity":1,"sku":"ASICS-ASICS-GEL-KAYANO-31-42-NEGRE","gtin":null,"mpn":null,"ean":null,"length_value":0,"length_unit":"mm","width_value":0,"width_unit":"mm","height_value":0,"height_unit":"mm","weight_value":0,"weight_unit":"mm","volume_value":0,"volume_unit":"mm","shippable":1,"stock":43,"backorder":0,"purchasable":"1","created_at":"2026-02-04T16:50:32.000000Z","deleted_at":null,"attribute_data":null,"quantity_increment":1,"min_quantity":1}}', NULL, '2026-02-04 16:50:32', '2026-02-04 16:50:32');
INSERT INTO `activity_log` (`id`, `log_name`, `description`, `subject_type`, `subject_id`, `event`, `causer_type`, `causer_id`, `properties`, `batch_uuid`, `created_at`, `updated_at`) VALUES ('21', 'lunar', 'created', 'product_variant', '10', 'created', NULL, NULL, '{"attributes":{"id":10,"product_id":2,"tax_class_id":1,"tax_ref":null,"unit_quantity":1,"sku":"ASICS-ASICS-GEL-KAYANO-31-42-BLANC","gtin":null,"mpn":null,"ean":null,"length_value":0,"length_unit":"mm","width_value":0,"width_unit":"mm","height_value":0,"height_unit":"mm","weight_value":0,"weight_unit":"mm","volume_value":0,"volume_unit":"mm","shippable":1,"stock":31,"backorder":0,"purchasable":"1","created_at":"2026-02-04T16:50:32.000000Z","deleted_at":null,"attribute_data":null,"quantity_increment":1,"min_quantity":1}}', NULL, '2026-02-04 16:50:32', '2026-02-04 16:50:32');
INSERT INTO `activity_log` (`id`, `log_name`, `description`, `subject_type`, `subject_id`, `event`, `causer_type`, `causer_id`, `properties`, `batch_uuid`, `created_at`, `updated_at`) VALUES ('22', 'lunar', 'created', 'product_variant', '11', 'created', NULL, NULL, '{"attributes":{"id":11,"product_id":2,"tax_class_id":1,"tax_ref":null,"unit_quantity":1,"sku":"ASICS-ASICS-GEL-KAYANO-31-43-NEGRE","gtin":null,"mpn":null,"ean":null,"length_value":0,"length_unit":"mm","width_value":0,"width_unit":"mm","height_value":0,"height_unit":"mm","weight_value":0,"weight_unit":"mm","volume_value":0,"volume_unit":"mm","shippable":1,"stock":16,"backorder":0,"purchasable":"1","created_at":"2026-02-04T16:50:32.000000Z","deleted_at":null,"attribute_data":null,"quantity_increment":1,"min_quantity":1}}', NULL, '2026-02-04 16:50:32', '2026-02-04 16:50:32');
INSERT INTO `activity_log` (`id`, `log_name`, `description`, `subject_type`, `subject_id`, `event`, `causer_type`, `causer_id`, `properties`, `batch_uuid`, `created_at`, `updated_at`) VALUES ('23', 'lunar', 'created', 'product_variant', '12', 'created', NULL, NULL, '{"attributes":{"id":12,"product_id":2,"tax_class_id":1,"tax_ref":null,"unit_quantity":1,"sku":"ASICS-ASICS-GEL-KAYANO-31-43-BLANC","gtin":null,"mpn":null,"ean":null,"length_value":0,"length_unit":"mm","width_value":0,"width_unit":"mm","height_value":0,"height_unit":"mm","weight_value":0,"weight_unit":"mm","volume_value":0,"volume_unit":"mm","shippable":1,"stock":16,"backorder":0,"purchasable":"1","created_at":"2026-02-04T16:50:32.000000Z","deleted_at":null,"attribute_data":null,"quantity_increment":1,"min_quantity":1}}', NULL, '2026-02-04 16:50:32', '2026-02-04 16:50:32');
INSERT INTO `activity_log` (`id`, `log_name`, `description`, `subject_type`, `subject_id`, `event`, `causer_type`, `causer_id`, `properties`, `batch_uuid`, `created_at`, `updated_at`) VALUES ('24', 'lunar', 'created', 'brand', '3', 'created', NULL, NULL, '{"attributes":{"id":3,"name":"HOKA","created_at":"2026-02-04T16:50:32.000000Z","attribute_data":null}}', NULL, '2026-02-04 16:50:32', '2026-02-04 16:50:32');
INSERT INTO `activity_log` (`id`, `log_name`, `description`, `subject_type`, `subject_id`, `event`, `causer_type`, `causer_id`, `properties`, `batch_uuid`, `created_at`, `updated_at`) VALUES ('25', 'lunar', 'created', 'product', '3', 'created', NULL, NULL, '{"attributes":{"id":3,"product_type_id":1,"status":"published","attribute_data":{"name":{"en":"HOKA Clifton 9"},"description":{"en":"Amortiguaci\u00f3 suau i lleugera per asfalts."}},"created_at":"2026-02-04T16:50:32.000000Z","deleted_at":null,"brand_id":3,"slug":null,"thumbnail_id":null}}', NULL, '2026-02-04 16:50:32', '2026-02-04 16:50:32');
INSERT INTO `activity_log` (`id`, `log_name`, `description`, `subject_type`, `subject_id`, `event`, `causer_type`, `causer_id`, `properties`, `batch_uuid`, `created_at`, `updated_at`) VALUES ('26', 'lunar', 'created', 'product_variant', '13', 'created', NULL, NULL, '{"attributes":{"id":13,"product_id":3,"tax_class_id":1,"tax_ref":null,"unit_quantity":1,"sku":"HOKA-HOKA-CLIFTON-9-41-NEGRE","gtin":null,"mpn":null,"ean":null,"length_value":0,"length_unit":"mm","width_value":0,"width_unit":"mm","height_value":0,"height_unit":"mm","weight_value":0,"weight_unit":"mm","volume_value":0,"volume_unit":"mm","shippable":1,"stock":43,"backorder":0,"purchasable":"1","created_at":"2026-02-04T16:50:32.000000Z","deleted_at":null,"attribute_data":null,"quantity_increment":1,"min_quantity":1}}', NULL, '2026-02-04 16:50:32', '2026-02-04 16:50:32');
INSERT INTO `activity_log` (`id`, `log_name`, `description`, `subject_type`, `subject_id`, `event`, `causer_type`, `causer_id`, `properties`, `batch_uuid`, `created_at`, `updated_at`) VALUES ('27', 'lunar', 'created', 'product_variant', '14', 'created', NULL, NULL, '{"attributes":{"id":14,"product_id":3,"tax_class_id":1,"tax_ref":null,"unit_quantity":1,"sku":"HOKA-HOKA-CLIFTON-9-41-BLANC","gtin":null,"mpn":null,"ean":null,"length_value":0,"length_unit":"mm","width_value":0,"width_unit":"mm","height_value":0,"height_unit":"mm","weight_value":0,"weight_unit":"mm","volume_value":0,"volume_unit":"mm","shippable":1,"stock":46,"backorder":0,"purchasable":"1","created_at":"2026-02-04T16:50:32.000000Z","deleted_at":null,"attribute_data":null,"quantity_increment":1,"min_quantity":1}}', NULL, '2026-02-04 16:50:32', '2026-02-04 16:50:32');
INSERT INTO `activity_log` (`id`, `log_name`, `description`, `subject_type`, `subject_id`, `event`, `causer_type`, `causer_id`, `properties`, `batch_uuid`, `created_at`, `updated_at`) VALUES ('28', 'lunar', 'created', 'product_variant', '15', 'created', NULL, NULL, '{"attributes":{"id":15,"product_id":3,"tax_class_id":1,"tax_ref":null,"unit_quantity":1,"sku":"HOKA-HOKA-CLIFTON-9-42-NEGRE","gtin":null,"mpn":null,"ean":null,"length_value":0,"length_unit":"mm","width_value":0,"width_unit":"mm","height_value":0,"height_unit":"mm","weight_value":0,"weight_unit":"mm","volume_value":0,"volume_unit":"mm","shippable":1,"stock":38,"backorder":0,"purchasable":"1","created_at":"2026-02-04T16:50:32.000000Z","deleted_at":null,"attribute_data":null,"quantity_increment":1,"min_quantity":1}}', NULL, '2026-02-04 16:50:32', '2026-02-04 16:50:32');
INSERT INTO `activity_log` (`id`, `log_name`, `description`, `subject_type`, `subject_id`, `event`, `causer_type`, `causer_id`, `properties`, `batch_uuid`, `created_at`, `updated_at`) VALUES ('29', 'lunar', 'created', 'product_variant', '16', 'created', NULL, NULL, '{"attributes":{"id":16,"product_id":3,"tax_class_id":1,"tax_ref":null,"unit_quantity":1,"sku":"HOKA-HOKA-CLIFTON-9-42-BLANC","gtin":null,"mpn":null,"ean":null,"length_value":0,"length_unit":"mm","width_value":0,"width_unit":"mm","height_value":0,"height_unit":"mm","weight_value":0,"weight_unit":"mm","volume_value":0,"volume_unit":"mm","shippable":1,"stock":11,"backorder":0,"purchasable":"1","created_at":"2026-02-04T16:50:32.000000Z","deleted_at":null,"attribute_data":null,"quantity_increment":1,"min_quantity":1}}', NULL, '2026-02-04 16:50:32', '2026-02-04 16:50:32');
INSERT INTO `activity_log` (`id`, `log_name`, `description`, `subject_type`, `subject_id`, `event`, `causer_type`, `causer_id`, `properties`, `batch_uuid`, `created_at`, `updated_at`) VALUES ('30', 'lunar', 'created', 'product_variant', '17', 'created', NULL, NULL, '{"attributes":{"id":17,"product_id":3,"tax_class_id":1,"tax_ref":null,"unit_quantity":1,"sku":"HOKA-HOKA-CLIFTON-9-43-NEGRE","gtin":null,"mpn":null,"ean":null,"length_value":0,"length_unit":"mm","width_value":0,"width_unit":"mm","height_value":0,"height_unit":"mm","weight_value":0,"weight_unit":"mm","volume_value":0,"volume_unit":"mm","shippable":1,"stock":32,"backorder":0,"purchasable":"1","created_at":"2026-02-04T16:50:32.000000Z","deleted_at":null,"attribute_data":null,"quantity_increment":1,"min_quantity":1}}', NULL, '2026-02-04 16:50:32', '2026-02-04 16:50:32');
INSERT INTO `activity_log` (`id`, `log_name`, `description`, `subject_type`, `subject_id`, `event`, `causer_type`, `causer_id`, `properties`, `batch_uuid`, `created_at`, `updated_at`) VALUES ('31', 'lunar', 'created', 'product_variant', '18', 'created', NULL, NULL, '{"attributes":{"id":18,"product_id":3,"tax_class_id":1,"tax_ref":null,"unit_quantity":1,"sku":"HOKA-HOKA-CLIFTON-9-43-BLANC","gtin":null,"mpn":null,"ean":null,"length_value":0,"length_unit":"mm","width_value":0,"width_unit":"mm","height_value":0,"height_unit":"mm","weight_value":0,"weight_unit":"mm","volume_value":0,"volume_unit":"mm","shippable":1,"stock":39,"backorder":0,"purchasable":"1","created_at":"2026-02-04T16:50:32.000000Z","deleted_at":null,"attribute_data":null,"quantity_increment":1,"min_quantity":1}}', NULL, '2026-02-04 16:50:32', '2026-02-04 16:50:32');
INSERT INTO `activity_log` (`id`, `log_name`, `description`, `subject_type`, `subject_id`, `event`, `causer_type`, `causer_id`, `properties`, `batch_uuid`, `created_at`, `updated_at`) VALUES ('32', 'lunar', 'created', 'brand', '4', 'created', NULL, NULL, '{"attributes":{"id":4,"name":"Adidas","created_at":"2026-02-04T16:50:32.000000Z","attribute_data":null}}', NULL, '2026-02-04 16:50:32', '2026-02-04 16:50:32');
INSERT INTO `activity_log` (`id`, `log_name`, `description`, `subject_type`, `subject_id`, `event`, `causer_type`, `causer_id`, `properties`, `batch_uuid`, `created_at`, `updated_at`) VALUES ('33', 'lunar', 'created', 'product', '4', 'created', NULL, NULL, '{"attributes":{"id":4,"product_type_id":1,"status":"published","attribute_data":{"name":{"en":"Adidas Ultraboost Light"},"description":{"en":"Confort i resposta per \u00fas esportiu i diari."}},"created_at":"2026-02-04T16:50:32.000000Z","deleted_at":null,"brand_id":4,"slug":null,"thumbnail_id":null}}', NULL, '2026-02-04 16:50:32', '2026-02-04 16:50:32');
INSERT INTO `activity_log` (`id`, `log_name`, `description`, `subject_type`, `subject_id`, `event`, `causer_type`, `causer_id`, `properties`, `batch_uuid`, `created_at`, `updated_at`) VALUES ('34', 'lunar', 'created', 'product_variant', '19', 'created', NULL, NULL, '{"attributes":{"id":19,"product_id":4,"tax_class_id":1,"tax_ref":null,"unit_quantity":1,"sku":"ADIDAS-ADIDAS-ULTRABOOST-LIGHT-41-NEGRE","gtin":null,"mpn":null,"ean":null,"length_value":0,"length_unit":"mm","width_value":0,"width_unit":"mm","height_value":0,"height_unit":"mm","weight_value":0,"weight_unit":"mm","volume_value":0,"volume_unit":"mm","shippable":1,"stock":32,"backorder":0,"purchasable":"1","created_at":"2026-02-04T16:50:32.000000Z","deleted_at":null,"attribute_data":null,"quantity_increment":1,"min_quantity":1}}', NULL, '2026-02-04 16:50:32', '2026-02-04 16:50:32');
INSERT INTO `activity_log` (`id`, `log_name`, `description`, `subject_type`, `subject_id`, `event`, `causer_type`, `causer_id`, `properties`, `batch_uuid`, `created_at`, `updated_at`) VALUES ('35', 'lunar', 'created', 'product_variant', '20', 'created', NULL, NULL, '{"attributes":{"id":20,"product_id":4,"tax_class_id":1,"tax_ref":null,"unit_quantity":1,"sku":"ADIDAS-ADIDAS-ULTRABOOST-LIGHT-41-BLANC","gtin":null,"mpn":null,"ean":null,"length_value":0,"length_unit":"mm","width_value":0,"width_unit":"mm","height_value":0,"height_unit":"mm","weight_value":0,"weight_unit":"mm","volume_value":0,"volume_unit":"mm","shippable":1,"stock":39,"backorder":0,"purchasable":"1","created_at":"2026-02-04T16:50:32.000000Z","deleted_at":null,"attribute_data":null,"quantity_increment":1,"min_quantity":1}}', NULL, '2026-02-04 16:50:32', '2026-02-04 16:50:32');
INSERT INTO `activity_log` (`id`, `log_name`, `description`, `subject_type`, `subject_id`, `event`, `causer_type`, `causer_id`, `properties`, `batch_uuid`, `created_at`, `updated_at`) VALUES ('36', 'lunar', 'created', 'product_variant', '21', 'created', NULL, NULL, '{"attributes":{"id":21,"product_id":4,"tax_class_id":1,"tax_ref":null,"unit_quantity":1,"sku":"ADIDAS-ADIDAS-ULTRABOOST-LIGHT-42-NEGRE","gtin":null,"mpn":null,"ean":null,"length_value":0,"length_unit":"mm","width_value":0,"width_unit":"mm","height_value":0,"height_unit":"mm","weight_value":0,"weight_unit":"mm","volume_value":0,"volume_unit":"mm","shippable":1,"stock":33,"backorder":0,"purchasable":"1","created_at":"2026-02-04T16:50:32.000000Z","deleted_at":null,"attribute_data":null,"quantity_increment":1,"min_quantity":1}}', NULL, '2026-02-04 16:50:32', '2026-02-04 16:50:32');
INSERT INTO `activity_log` (`id`, `log_name`, `description`, `subject_type`, `subject_id`, `event`, `causer_type`, `causer_id`, `properties`, `batch_uuid`, `created_at`, `updated_at`) VALUES ('37', 'lunar', 'created', 'product_variant', '22', 'created', NULL, NULL, '{"attributes":{"id":22,"product_id":4,"tax_class_id":1,"tax_ref":null,"unit_quantity":1,"sku":"ADIDAS-ADIDAS-ULTRABOOST-LIGHT-42-BLANC","gtin":null,"mpn":null,"ean":null,"length_value":0,"length_unit":"mm","width_value":0,"width_unit":"mm","height_value":0,"height_unit":"mm","weight_value":0,"weight_unit":"mm","volume_value":0,"volume_unit":"mm","shippable":1,"stock":50,"backorder":0,"purchasable":"1","created_at":"2026-02-04T16:50:32.000000Z","deleted_at":null,"attribute_data":null,"quantity_increment":1,"min_quantity":1}}', NULL, '2026-02-04 16:50:32', '2026-02-04 16:50:32');
INSERT INTO `activity_log` (`id`, `log_name`, `description`, `subject_type`, `subject_id`, `event`, `causer_type`, `causer_id`, `properties`, `batch_uuid`, `created_at`, `updated_at`) VALUES ('38', 'lunar', 'created', 'product_variant', '23', 'created', NULL, NULL, '{"attributes":{"id":23,"product_id":4,"tax_class_id":1,"tax_ref":null,"unit_quantity":1,"sku":"ADIDAS-ADIDAS-ULTRABOOST-LIGHT-43-NEGRE","gtin":null,"mpn":null,"ean":null,"length_value":0,"length_unit":"mm","width_value":0,"width_unit":"mm","height_value":0,"height_unit":"mm","weight_value":0,"weight_unit":"mm","volume_value":0,"volume_unit":"mm","shippable":1,"stock":43,"backorder":0,"purchasable":"1","created_at":"2026-02-04T16:50:32.000000Z","deleted_at":null,"attribute_data":null,"quantity_increment":1,"min_quantity":1}}', NULL, '2026-02-04 16:50:32', '2026-02-04 16:50:32');
INSERT INTO `activity_log` (`id`, `log_name`, `description`, `subject_type`, `subject_id`, `event`, `causer_type`, `causer_id`, `properties`, `batch_uuid`, `created_at`, `updated_at`) VALUES ('39', 'lunar', 'created', 'product_variant', '24', 'created', NULL, NULL, '{"attributes":{"id":24,"product_id":4,"tax_class_id":1,"tax_ref":null,"unit_quantity":1,"sku":"ADIDAS-ADIDAS-ULTRABOOST-LIGHT-43-BLANC","gtin":null,"mpn":null,"ean":null,"length_value":0,"length_unit":"mm","width_value":0,"width_unit":"mm","height_value":0,"height_unit":"mm","weight_value":0,"weight_unit":"mm","volume_value":0,"volume_unit":"mm","shippable":1,"stock":17,"backorder":0,"purchasable":"1","created_at":"2026-02-04T16:50:32.000000Z","deleted_at":null,"attribute_data":null,"quantity_increment":1,"min_quantity":1}}', NULL, '2026-02-04 16:50:32', '2026-02-04 16:50:32');
INSERT INTO `activity_log` (`id`, `log_name`, `description`, `subject_type`, `subject_id`, `event`, `causer_type`, `causer_id`, `properties`, `batch_uuid`, `created_at`, `updated_at`) VALUES ('40', 'lunar', 'created', 'brand', '5', 'created', NULL, NULL, '{"attributes":{"id":5,"name":"Salomon","created_at":"2026-02-04T16:50:32.000000Z","attribute_data":null}}', NULL, '2026-02-04 16:50:32', '2026-02-04 16:50:32');
INSERT INTO `activity_log` (`id`, `log_name`, `description`, `subject_type`, `subject_id`, `event`, `causer_type`, `causer_id`, `properties`, `batch_uuid`, `created_at`, `updated_at`) VALUES ('41', 'lunar', 'created', 'product', '5', 'created', NULL, NULL, '{"attributes":{"id":5,"product_type_id":1,"status":"published","attribute_data":{"name":{"en":"Salomon Speedcross 6"},"description":{"en":"Trail agressiu per fang i terreny t\u00e8cnic."}},"created_at":"2026-02-04T16:50:32.000000Z","deleted_at":null,"brand_id":5,"slug":null,"thumbnail_id":null}}', NULL, '2026-02-04 16:50:32', '2026-02-04 16:50:32');
INSERT INTO `activity_log` (`id`, `log_name`, `description`, `subject_type`, `subject_id`, `event`, `causer_type`, `causer_id`, `properties`, `batch_uuid`, `created_at`, `updated_at`) VALUES ('42', 'lunar', 'created', 'product_variant', '25', 'created', NULL, NULL, '{"attributes":{"id":25,"product_id":5,"tax_class_id":1,"tax_ref":null,"unit_quantity":1,"sku":"SALOMON-SALOMON-SPEEDCROSS-6-41-NEGRE","gtin":null,"mpn":null,"ean":null,"length_value":0,"length_unit":"mm","width_value":0,"width_unit":"mm","height_value":0,"height_unit":"mm","weight_value":0,"weight_unit":"mm","volume_value":0,"volume_unit":"mm","shippable":1,"stock":19,"backorder":0,"purchasable":"1","created_at":"2026-02-04T16:50:32.000000Z","deleted_at":null,"attribute_data":null,"quantity_increment":1,"min_quantity":1}}', NULL, '2026-02-04 16:50:32', '2026-02-04 16:50:32');
INSERT INTO `activity_log` (`id`, `log_name`, `description`, `subject_type`, `subject_id`, `event`, `causer_type`, `causer_id`, `properties`, `batch_uuid`, `created_at`, `updated_at`) VALUES ('43', 'lunar', 'created', 'product_variant', '26', 'created', NULL, NULL, '{"attributes":{"id":26,"product_id":5,"tax_class_id":1,"tax_ref":null,"unit_quantity":1,"sku":"SALOMON-SALOMON-SPEEDCROSS-6-41-BLANC","gtin":null,"mpn":null,"ean":null,"length_value":0,"length_unit":"mm","width_value":0,"width_unit":"mm","height_value":0,"height_unit":"mm","weight_value":0,"weight_unit":"mm","volume_value":0,"volume_unit":"mm","shippable":1,"stock":12,"backorder":0,"purchasable":"1","created_at":"2026-02-04T16:50:32.000000Z","deleted_at":null,"attribute_data":null,"quantity_increment":1,"min_quantity":1}}', NULL, '2026-02-04 16:50:32', '2026-02-04 16:50:32');
INSERT INTO `activity_log` (`id`, `log_name`, `description`, `subject_type`, `subject_id`, `event`, `causer_type`, `causer_id`, `properties`, `batch_uuid`, `created_at`, `updated_at`) VALUES ('44', 'lunar', 'created', 'product_variant', '27', 'created', NULL, NULL, '{"attributes":{"id":27,"product_id":5,"tax_class_id":1,"tax_ref":null,"unit_quantity":1,"sku":"SALOMON-SALOMON-SPEEDCROSS-6-42-NEGRE","gtin":null,"mpn":null,"ean":null,"length_value":0,"length_unit":"mm","width_value":0,"width_unit":"mm","height_value":0,"height_unit":"mm","weight_value":0,"weight_unit":"mm","volume_value":0,"volume_unit":"mm","shippable":1,"stock":18,"backorder":0,"purchasable":"1","created_at":"2026-02-04T16:50:32.000000Z","deleted_at":null,"attribute_data":null,"quantity_increment":1,"min_quantity":1}}', NULL, '2026-02-04 16:50:32', '2026-02-04 16:50:32');
INSERT INTO `activity_log` (`id`, `log_name`, `description`, `subject_type`, `subject_id`, `event`, `causer_type`, `causer_id`, `properties`, `batch_uuid`, `created_at`, `updated_at`) VALUES ('45', 'lunar', 'created', 'product_variant', '28', 'created', NULL, NULL, '{"attributes":{"id":28,"product_id":5,"tax_class_id":1,"tax_ref":null,"unit_quantity":1,"sku":"SALOMON-SALOMON-SPEEDCROSS-6-42-BLANC","gtin":null,"mpn":null,"ean":null,"length_value":0,"length_unit":"mm","width_value":0,"width_unit":"mm","height_value":0,"height_unit":"mm","weight_value":0,"weight_unit":"mm","volume_value":0,"volume_unit":"mm","shippable":1,"stock":43,"backorder":0,"purchasable":"1","created_at":"2026-02-04T16:50:32.000000Z","deleted_at":null,"attribute_data":null,"quantity_increment":1,"min_quantity":1}}', NULL, '2026-02-04 16:50:32', '2026-02-04 16:50:32');
INSERT INTO `activity_log` (`id`, `log_name`, `description`, `subject_type`, `subject_id`, `event`, `causer_type`, `causer_id`, `properties`, `batch_uuid`, `created_at`, `updated_at`) VALUES ('46', 'lunar', 'created', 'product_variant', '29', 'created', NULL, NULL, '{"attributes":{"id":29,"product_id":5,"tax_class_id":1,"tax_ref":null,"unit_quantity":1,"sku":"SALOMON-SALOMON-SPEEDCROSS-6-43-NEGRE","gtin":null,"mpn":null,"ean":null,"length_value":0,"length_unit":"mm","width_value":0,"width_unit":"mm","height_value":0,"height_unit":"mm","weight_value":0,"weight_unit":"mm","volume_value":0,"volume_unit":"mm","shippable":1,"stock":34,"backorder":0,"purchasable":"1","created_at":"2026-02-04T16:50:32.000000Z","deleted_at":null,"attribute_data":null,"quantity_increment":1,"min_quantity":1}}', NULL, '2026-02-04 16:50:32', '2026-02-04 16:50:32');
INSERT INTO `activity_log` (`id`, `log_name`, `description`, `subject_type`, `subject_id`, `event`, `causer_type`, `causer_id`, `properties`, `batch_uuid`, `created_at`, `updated_at`) VALUES ('47', 'lunar', 'created', 'product_variant', '30', 'created', NULL, NULL, '{"attributes":{"id":30,"product_id":5,"tax_class_id":1,"tax_ref":null,"unit_quantity":1,"sku":"SALOMON-SALOMON-SPEEDCROSS-6-43-BLANC","gtin":null,"mpn":null,"ean":null,"length_value":0,"length_unit":"mm","width_value":0,"width_unit":"mm","height_value":0,"height_unit":"mm","weight_value":0,"weight_unit":"mm","volume_value":0,"volume_unit":"mm","shippable":1,"stock":13,"backorder":0,"purchasable":"1","created_at":"2026-02-04T16:50:32.000000Z","deleted_at":null,"attribute_data":null,"quantity_increment":1,"min_quantity":1}}', NULL, '2026-02-04 16:50:32', '2026-02-04 16:50:32');
INSERT INTO `activity_log` (`id`, `log_name`, `description`, `subject_type`, `subject_id`, `event`, `causer_type`, `causer_id`, `properties`, `batch_uuid`, `created_at`, `updated_at`) VALUES ('48', 'lunar', 'created', 'brand', '6', 'created', NULL, NULL, '{"attributes":{"id":6,"name":"Saucony","created_at":"2026-02-04T16:50:32.000000Z","attribute_data":null}}', NULL, '2026-02-04 16:50:32', '2026-02-04 16:50:32');
INSERT INTO `activity_log` (`id`, `log_name`, `description`, `subject_type`, `subject_id`, `event`, `causer_type`, `causer_id`, `properties`, `batch_uuid`, `created_at`, `updated_at`) VALUES ('49', 'lunar', 'created', 'product', '6', 'created', NULL, NULL, '{"attributes":{"id":6,"product_type_id":1,"status":"published","attribute_data":{"name":{"en":"Saucony Peregrine 14"},"description":{"en":"Trail polivalent amb bon agarri."}},"created_at":"2026-02-04T16:50:32.000000Z","deleted_at":null,"brand_id":6,"slug":null,"thumbnail_id":null}}', NULL, '2026-02-04 16:50:32', '2026-02-04 16:50:32');
INSERT INTO `activity_log` (`id`, `log_name`, `description`, `subject_type`, `subject_id`, `event`, `causer_type`, `causer_id`, `properties`, `batch_uuid`, `created_at`, `updated_at`) VALUES ('50', 'lunar', 'created', 'product_variant', '31', 'created', NULL, NULL, '{"attributes":{"id":31,"product_id":6,"tax_class_id":1,"tax_ref":null,"unit_quantity":1,"sku":"SAUCONY-SAUCONY-PEREGRINE-14-41-NEGRE","gtin":null,"mpn":null,"ean":null,"length_value":0,"length_unit":"mm","width_value":0,"width_unit":"mm","height_value":0,"height_unit":"mm","weight_value":0,"weight_unit":"mm","volume_value":0,"volume_unit":"mm","shippable":1,"stock":17,"backorder":0,"purchasable":"1","created_at":"2026-02-04T16:50:32.000000Z","deleted_at":null,"attribute_data":null,"quantity_increment":1,"min_quantity":1}}', NULL, '2026-02-04 16:50:32', '2026-02-04 16:50:32');
INSERT INTO `activity_log` (`id`, `log_name`, `description`, `subject_type`, `subject_id`, `event`, `causer_type`, `causer_id`, `properties`, `batch_uuid`, `created_at`, `updated_at`) VALUES ('51', 'lunar', 'created', 'product_variant', '32', 'created', NULL, NULL, '{"attributes":{"id":32,"product_id":6,"tax_class_id":1,"tax_ref":null,"unit_quantity":1,"sku":"SAUCONY-SAUCONY-PEREGRINE-14-41-BLANC","gtin":null,"mpn":null,"ean":null,"length_value":0,"length_unit":"mm","width_value":0,"width_unit":"mm","height_value":0,"height_unit":"mm","weight_value":0,"weight_unit":"mm","volume_value":0,"volume_unit":"mm","shippable":1,"stock":42,"backorder":0,"purchasable":"1","created_at":"2026-02-04T16:50:32.000000Z","deleted_at":null,"attribute_data":null,"quantity_increment":1,"min_quantity":1}}', NULL, '2026-02-04 16:50:32', '2026-02-04 16:50:32');
INSERT INTO `activity_log` (`id`, `log_name`, `description`, `subject_type`, `subject_id`, `event`, `causer_type`, `causer_id`, `properties`, `batch_uuid`, `created_at`, `updated_at`) VALUES ('52', 'lunar', 'created', 'product_variant', '33', 'created', NULL, NULL, '{"attributes":{"id":33,"product_id":6,"tax_class_id":1,"tax_ref":null,"unit_quantity":1,"sku":"SAUCONY-SAUCONY-PEREGRINE-14-42-NEGRE","gtin":null,"mpn":null,"ean":null,"length_value":0,"length_unit":"mm","width_value":0,"width_unit":"mm","height_value":0,"height_unit":"mm","weight_value":0,"weight_unit":"mm","volume_value":0,"volume_unit":"mm","shippable":1,"stock":44,"backorder":0,"purchasable":"1","created_at":"2026-02-04T16:50:32.000000Z","deleted_at":null,"attribute_data":null,"quantity_increment":1,"min_quantity":1}}', NULL, '2026-02-04 16:50:32', '2026-02-04 16:50:32');
INSERT INTO `activity_log` (`id`, `log_name`, `description`, `subject_type`, `subject_id`, `event`, `causer_type`, `causer_id`, `properties`, `batch_uuid`, `created_at`, `updated_at`) VALUES ('53', 'lunar', 'created', 'product_variant', '34', 'created', NULL, NULL, '{"attributes":{"id":34,"product_id":6,"tax_class_id":1,"tax_ref":null,"unit_quantity":1,"sku":"SAUCONY-SAUCONY-PEREGRINE-14-42-BLANC","gtin":null,"mpn":null,"ean":null,"length_value":0,"length_unit":"mm","width_value":0,"width_unit":"mm","height_value":0,"height_unit":"mm","weight_value":0,"weight_unit":"mm","volume_value":0,"volume_unit":"mm","shippable":1,"stock":18,"backorder":0,"purchasable":"1","created_at":"2026-02-04T16:50:32.000000Z","deleted_at":null,"attribute_data":null,"quantity_increment":1,"min_quantity":1}}', NULL, '2026-02-04 16:50:32', '2026-02-04 16:50:32');
INSERT INTO `activity_log` (`id`, `log_name`, `description`, `subject_type`, `subject_id`, `event`, `causer_type`, `causer_id`, `properties`, `batch_uuid`, `created_at`, `updated_at`) VALUES ('54', 'lunar', 'created', 'product_variant', '35', 'created', NULL, NULL, '{"attributes":{"id":35,"product_id":6,"tax_class_id":1,"tax_ref":null,"unit_quantity":1,"sku":"SAUCONY-SAUCONY-PEREGRINE-14-43-NEGRE","gtin":null,"mpn":null,"ean":null,"length_value":0,"length_unit":"mm","width_value":0,"width_unit":"mm","height_value":0,"height_unit":"mm","weight_value":0,"weight_unit":"mm","volume_value":0,"volume_unit":"mm","shippable":1,"stock":28,"backorder":0,"purchasable":"1","created_at":"2026-02-04T16:50:32.000000Z","deleted_at":null,"attribute_data":null,"quantity_increment":1,"min_quantity":1}}', NULL, '2026-02-04 16:50:32', '2026-02-04 16:50:32');
INSERT INTO `activity_log` (`id`, `log_name`, `description`, `subject_type`, `subject_id`, `event`, `causer_type`, `causer_id`, `properties`, `batch_uuid`, `created_at`, `updated_at`) VALUES ('55', 'lunar', 'created', 'product_variant', '36', 'created', NULL, NULL, '{"attributes":{"id":36,"product_id":6,"tax_class_id":1,"tax_ref":null,"unit_quantity":1,"sku":"SAUCONY-SAUCONY-PEREGRINE-14-43-BLANC","gtin":null,"mpn":null,"ean":null,"length_value":0,"length_unit":"mm","width_value":0,"width_unit":"mm","height_value":0,"height_unit":"mm","weight_value":0,"weight_unit":"mm","volume_value":0,"volume_unit":"mm","shippable":1,"stock":39,"backorder":0,"purchasable":"1","created_at":"2026-02-04T16:50:32.000000Z","deleted_at":null,"attribute_data":null,"quantity_increment":1,"min_quantity":1}}', NULL, '2026-02-04 16:50:32', '2026-02-04 16:50:32');
INSERT INTO `activity_log` (`id`, `log_name`, `description`, `subject_type`, `subject_id`, `event`, `causer_type`, `causer_id`, `properties`, `batch_uuid`, `created_at`, `updated_at`) VALUES ('56', 'lunar', 'created', 'brand', '7', 'created', NULL, NULL, '{"attributes":{"id":7,"name":"La Sportiva","created_at":"2026-02-04T16:50:32.000000Z","attribute_data":null}}', NULL, '2026-02-04 16:50:32', '2026-02-04 16:50:32');
INSERT INTO `activity_log` (`id`, `log_name`, `description`, `subject_type`, `subject_id`, `event`, `causer_type`, `causer_id`, `properties`, `batch_uuid`, `created_at`, `updated_at`) VALUES ('57', 'lunar', 'created', 'product', '7', 'created', NULL, NULL, '{"attributes":{"id":7,"product_type_id":1,"status":"published","attribute_data":{"name":{"en":"La Sportiva Bushido II"},"description":{"en":"Precisa i estable per terreny t\u00e8cnic."}},"created_at":"2026-02-04T16:50:32.000000Z","deleted_at":null,"brand_id":7,"slug":null,"thumbnail_id":null}}', NULL, '2026-02-04 16:50:32', '2026-02-04 16:50:32');
INSERT INTO `activity_log` (`id`, `log_name`, `description`, `subject_type`, `subject_id`, `event`, `causer_type`, `causer_id`, `properties`, `batch_uuid`, `created_at`, `updated_at`) VALUES ('58', 'lunar', 'created', 'product_variant', '37', 'created', NULL, NULL, '{"attributes":{"id":37,"product_id":7,"tax_class_id":1,"tax_ref":null,"unit_quantity":1,"sku":"LA-SPORTIVA-LA-SPORTIVA-BUSHIDO-II-41-NEGRE","gtin":null,"mpn":null,"ean":null,"length_value":0,"length_unit":"mm","width_value":0,"width_unit":"mm","height_value":0,"height_unit":"mm","weight_value":0,"weight_unit":"mm","volume_value":0,"volume_unit":"mm","shippable":1,"stock":40,"backorder":0,"purchasable":"1","created_at":"2026-02-04T16:50:32.000000Z","deleted_at":null,"attribute_data":null,"quantity_increment":1,"min_quantity":1}}', NULL, '2026-02-04 16:50:32', '2026-02-04 16:50:32');
INSERT INTO `activity_log` (`id`, `log_name`, `description`, `subject_type`, `subject_id`, `event`, `causer_type`, `causer_id`, `properties`, `batch_uuid`, `created_at`, `updated_at`) VALUES ('59', 'lunar', 'created', 'product_variant', '38', 'created', NULL, NULL, '{"attributes":{"id":38,"product_id":7,"tax_class_id":1,"tax_ref":null,"unit_quantity":1,"sku":"LA-SPORTIVA-LA-SPORTIVA-BUSHIDO-II-41-BLANC","gtin":null,"mpn":null,"ean":null,"length_value":0,"length_unit":"mm","width_value":0,"width_unit":"mm","height_value":0,"height_unit":"mm","weight_value":0,"weight_unit":"mm","volume_value":0,"volume_unit":"mm","shippable":1,"stock":12,"backorder":0,"purchasable":"1","created_at":"2026-02-04T16:50:32.000000Z","deleted_at":null,"attribute_data":null,"quantity_increment":1,"min_quantity":1}}', NULL, '2026-02-04 16:50:32', '2026-02-04 16:50:32');
INSERT INTO `activity_log` (`id`, `log_name`, `description`, `subject_type`, `subject_id`, `event`, `causer_type`, `causer_id`, `properties`, `batch_uuid`, `created_at`, `updated_at`) VALUES ('60', 'lunar', 'created', 'product_variant', '39', 'created', NULL, NULL, '{"attributes":{"id":39,"product_id":7,"tax_class_id":1,"tax_ref":null,"unit_quantity":1,"sku":"LA-SPORTIVA-LA-SPORTIVA-BUSHIDO-II-42-NEGRE","gtin":null,"mpn":null,"ean":null,"length_value":0,"length_unit":"mm","width_value":0,"width_unit":"mm","height_value":0,"height_unit":"mm","weight_value":0,"weight_unit":"mm","volume_value":0,"volume_unit":"mm","shippable":1,"stock":48,"backorder":0,"purchasable":"1","created_at":"2026-02-04T16:50:32.000000Z","deleted_at":null,"attribute_data":null,"quantity_increment":1,"min_quantity":1}}', NULL, '2026-02-04 16:50:32', '2026-02-04 16:50:32');
INSERT INTO `activity_log` (`id`, `log_name`, `description`, `subject_type`, `subject_id`, `event`, `causer_type`, `causer_id`, `properties`, `batch_uuid`, `created_at`, `updated_at`) VALUES ('61', 'lunar', 'created', 'product_variant', '40', 'created', NULL, NULL, '{"attributes":{"id":40,"product_id":7,"tax_class_id":1,"tax_ref":null,"unit_quantity":1,"sku":"LA-SPORTIVA-LA-SPORTIVA-BUSHIDO-II-42-BLANC","gtin":null,"mpn":null,"ean":null,"length_value":0,"length_unit":"mm","width_value":0,"width_unit":"mm","height_value":0,"height_unit":"mm","weight_value":0,"weight_unit":"mm","volume_value":0,"volume_unit":"mm","shippable":1,"stock":46,"backorder":0,"purchasable":"1","created_at":"2026-02-04T16:50:32.000000Z","deleted_at":null,"attribute_data":null,"quantity_increment":1,"min_quantity":1}}', NULL, '2026-02-04 16:50:32', '2026-02-04 16:50:32');
INSERT INTO `activity_log` (`id`, `log_name`, `description`, `subject_type`, `subject_id`, `event`, `causer_type`, `causer_id`, `properties`, `batch_uuid`, `created_at`, `updated_at`) VALUES ('62', 'lunar', 'created', 'product_variant', '41', 'created', NULL, NULL, '{"attributes":{"id":41,"product_id":7,"tax_class_id":1,"tax_ref":null,"unit_quantity":1,"sku":"LA-SPORTIVA-LA-SPORTIVA-BUSHIDO-II-43-NEGRE","gtin":null,"mpn":null,"ean":null,"length_value":0,"length_unit":"mm","width_value":0,"width_unit":"mm","height_value":0,"height_unit":"mm","weight_value":0,"weight_unit":"mm","volume_value":0,"volume_unit":"mm","shippable":1,"stock":17,"backorder":0,"purchasable":"1","created_at":"2026-02-04T16:50:32.000000Z","deleted_at":null,"attribute_data":null,"quantity_increment":1,"min_quantity":1}}', NULL, '2026-02-04 16:50:32', '2026-02-04 16:50:32');
INSERT INTO `activity_log` (`id`, `log_name`, `description`, `subject_type`, `subject_id`, `event`, `causer_type`, `causer_id`, `properties`, `batch_uuid`, `created_at`, `updated_at`) VALUES ('63', 'lunar', 'created', 'product_variant', '42', 'created', NULL, NULL, '{"attributes":{"id":42,"product_id":7,"tax_class_id":1,"tax_ref":null,"unit_quantity":1,"sku":"LA-SPORTIVA-LA-SPORTIVA-BUSHIDO-II-43-BLANC","gtin":null,"mpn":null,"ean":null,"length_value":0,"length_unit":"mm","width_value":0,"width_unit":"mm","height_value":0,"height_unit":"mm","weight_value":0,"weight_unit":"mm","volume_value":0,"volume_unit":"mm","shippable":1,"stock":24,"backorder":0,"purchasable":"1","created_at":"2026-02-04T16:50:32.000000Z","deleted_at":null,"attribute_data":null,"quantity_increment":1,"min_quantity":1}}', NULL, '2026-02-04 16:50:32', '2026-02-04 16:50:32');
INSERT INTO `activity_log` (`id`, `log_name`, `description`, `subject_type`, `subject_id`, `event`, `causer_type`, `causer_id`, `properties`, `batch_uuid`, `created_at`, `updated_at`) VALUES ('64', 'lunar', 'created', 'brand', '8', 'created', NULL, NULL, '{"attributes":{"id":8,"name":"Brooks","created_at":"2026-02-04T16:50:32.000000Z","attribute_data":null}}', NULL, '2026-02-04 16:50:32', '2026-02-04 16:50:32');
INSERT INTO `activity_log` (`id`, `log_name`, `description`, `subject_type`, `subject_id`, `event`, `causer_type`, `causer_id`, `properties`, `batch_uuid`, `created_at`, `updated_at`) VALUES ('65', 'lunar', 'created', 'product', '8', 'created', NULL, NULL, '{"attributes":{"id":8,"product_type_id":1,"status":"published","attribute_data":{"name":{"en":"Brooks Ghost 16"},"description":{"en":"Rodatge c\u00f2mode per entrenament diari."}},"created_at":"2026-02-04T16:50:32.000000Z","deleted_at":null,"brand_id":8,"slug":null,"thumbnail_id":null}}', NULL, '2026-02-04 16:50:32', '2026-02-04 16:50:32');
INSERT INTO `activity_log` (`id`, `log_name`, `description`, `subject_type`, `subject_id`, `event`, `causer_type`, `causer_id`, `properties`, `batch_uuid`, `created_at`, `updated_at`) VALUES ('66', 'lunar', 'created', 'product_variant', '43', 'created', NULL, NULL, '{"attributes":{"id":43,"product_id":8,"tax_class_id":1,"tax_ref":null,"unit_quantity":1,"sku":"BROOKS-BROOKS-GHOST-16-41-NEGRE","gtin":null,"mpn":null,"ean":null,"length_value":0,"length_unit":"mm","width_value":0,"width_unit":"mm","height_value":0,"height_unit":"mm","weight_value":0,"weight_unit":"mm","volume_value":0,"volume_unit":"mm","shippable":1,"stock":33,"backorder":0,"purchasable":"1","created_at":"2026-02-04T16:50:32.000000Z","deleted_at":null,"attribute_data":null,"quantity_increment":1,"min_quantity":1}}', NULL, '2026-02-04 16:50:33', '2026-02-04 16:50:33');
INSERT INTO `activity_log` (`id`, `log_name`, `description`, `subject_type`, `subject_id`, `event`, `causer_type`, `causer_id`, `properties`, `batch_uuid`, `created_at`, `updated_at`) VALUES ('67', 'lunar', 'created', 'product_variant', '44', 'created', NULL, NULL, '{"attributes":{"id":44,"product_id":8,"tax_class_id":1,"tax_ref":null,"unit_quantity":1,"sku":"BROOKS-BROOKS-GHOST-16-41-BLANC","gtin":null,"mpn":null,"ean":null,"length_value":0,"length_unit":"mm","width_value":0,"width_unit":"mm","height_value":0,"height_unit":"mm","weight_value":0,"weight_unit":"mm","volume_value":0,"volume_unit":"mm","shippable":1,"stock":15,"backorder":0,"purchasable":"1","created_at":"2026-02-04T16:50:33.000000Z","deleted_at":null,"attribute_data":null,"quantity_increment":1,"min_quantity":1}}', NULL, '2026-02-04 16:50:33', '2026-02-04 16:50:33');
INSERT INTO `activity_log` (`id`, `log_name`, `description`, `subject_type`, `subject_id`, `event`, `causer_type`, `causer_id`, `properties`, `batch_uuid`, `created_at`, `updated_at`) VALUES ('68', 'lunar', 'created', 'product_variant', '45', 'created', NULL, NULL, '{"attributes":{"id":45,"product_id":8,"tax_class_id":1,"tax_ref":null,"unit_quantity":1,"sku":"BROOKS-BROOKS-GHOST-16-42-NEGRE","gtin":null,"mpn":null,"ean":null,"length_value":0,"length_unit":"mm","width_value":0,"width_unit":"mm","height_value":0,"height_unit":"mm","weight_value":0,"weight_unit":"mm","volume_value":0,"volume_unit":"mm","shippable":1,"stock":10,"backorder":0,"purchasable":"1","created_at":"2026-02-04T16:50:33.000000Z","deleted_at":null,"attribute_data":null,"quantity_increment":1,"min_quantity":1}}', NULL, '2026-02-04 16:50:33', '2026-02-04 16:50:33');
INSERT INTO `activity_log` (`id`, `log_name`, `description`, `subject_type`, `subject_id`, `event`, `causer_type`, `causer_id`, `properties`, `batch_uuid`, `created_at`, `updated_at`) VALUES ('69', 'lunar', 'created', 'product_variant', '46', 'created', NULL, NULL, '{"attributes":{"id":46,"product_id":8,"tax_class_id":1,"tax_ref":null,"unit_quantity":1,"sku":"BROOKS-BROOKS-GHOST-16-42-BLANC","gtin":null,"mpn":null,"ean":null,"length_value":0,"length_unit":"mm","width_value":0,"width_unit":"mm","height_value":0,"height_unit":"mm","weight_value":0,"weight_unit":"mm","volume_value":0,"volume_unit":"mm","shippable":1,"stock":49,"backorder":0,"purchasable":"1","created_at":"2026-02-04T16:50:33.000000Z","deleted_at":null,"attribute_data":null,"quantity_increment":1,"min_quantity":1}}', NULL, '2026-02-04 16:50:33', '2026-02-04 16:50:33');
INSERT INTO `activity_log` (`id`, `log_name`, `description`, `subject_type`, `subject_id`, `event`, `causer_type`, `causer_id`, `properties`, `batch_uuid`, `created_at`, `updated_at`) VALUES ('70', 'lunar', 'created', 'product_variant', '47', 'created', NULL, NULL, '{"attributes":{"id":47,"product_id":8,"tax_class_id":1,"tax_ref":null,"unit_quantity":1,"sku":"BROOKS-BROOKS-GHOST-16-43-NEGRE","gtin":null,"mpn":null,"ean":null,"length_value":0,"length_unit":"mm","width_value":0,"width_unit":"mm","height_value":0,"height_unit":"mm","weight_value":0,"weight_unit":"mm","volume_value":0,"volume_unit":"mm","shippable":1,"stock":27,"backorder":0,"purchasable":"1","created_at":"2026-02-04T16:50:33.000000Z","deleted_at":null,"attribute_data":null,"quantity_increment":1,"min_quantity":1}}', NULL, '2026-02-04 16:50:33', '2026-02-04 16:50:33');
INSERT INTO `activity_log` (`id`, `log_name`, `description`, `subject_type`, `subject_id`, `event`, `causer_type`, `causer_id`, `properties`, `batch_uuid`, `created_at`, `updated_at`) VALUES ('71', 'lunar', 'created', 'product_variant', '48', 'created', NULL, NULL, '{"attributes":{"id":48,"product_id":8,"tax_class_id":1,"tax_ref":null,"unit_quantity":1,"sku":"BROOKS-BROOKS-GHOST-16-43-BLANC","gtin":null,"mpn":null,"ean":null,"length_value":0,"length_unit":"mm","width_value":0,"width_unit":"mm","height_value":0,"height_unit":"mm","weight_value":0,"weight_unit":"mm","volume_value":0,"volume_unit":"mm","shippable":1,"stock":19,"backorder":0,"purchasable":"1","created_at":"2026-02-04T16:50:33.000000Z","deleted_at":null,"attribute_data":null,"quantity_increment":1,"min_quantity":1}}', NULL, '2026-02-04 16:50:33', '2026-02-04 16:50:33');
INSERT INTO `activity_log` (`id`, `log_name`, `description`, `subject_type`, `subject_id`, `event`, `causer_type`, `causer_id`, `properties`, `batch_uuid`, `created_at`, `updated_at`) VALUES ('72', 'lunar', 'created', 'brand', '9', 'created', NULL, NULL, '{"attributes":{"id":9,"name":"New Balance","created_at":"2026-02-04T16:50:33.000000Z","attribute_data":null}}', NULL, '2026-02-04 16:50:33', '2026-02-04 16:50:33');
INSERT INTO `activity_log` (`id`, `log_name`, `description`, `subject_type`, `subject_id`, `event`, `causer_type`, `causer_id`, `properties`, `batch_uuid`, `created_at`, `updated_at`) VALUES ('73', 'lunar', 'created', 'product', '9', 'created', NULL, NULL, '{"attributes":{"id":9,"product_type_id":1,"status":"published","attribute_data":{"name":{"en":"New Balance Fresh Foam X 1080v13"},"description":{"en":"M\u00e0xima comoditat per quil\u00f2metres."}},"created_at":"2026-02-04T16:50:33.000000Z","deleted_at":null,"brand_id":9,"slug":null,"thumbnail_id":null}}', NULL, '2026-02-04 16:50:33', '2026-02-04 16:50:33');
INSERT INTO `activity_log` (`id`, `log_name`, `description`, `subject_type`, `subject_id`, `event`, `causer_type`, `causer_id`, `properties`, `batch_uuid`, `created_at`, `updated_at`) VALUES ('74', 'lunar', 'created', 'product_variant', '49', 'created', NULL, NULL, '{"attributes":{"id":49,"product_id":9,"tax_class_id":1,"tax_ref":null,"unit_quantity":1,"sku":"NEW-BALANCE-NEW-BALANCE-FRESH-FOAM-X-1080V13-41-NEGRE","gtin":null,"mpn":null,"ean":null,"length_value":0,"length_unit":"mm","width_value":0,"width_unit":"mm","height_value":0,"height_unit":"mm","weight_value":0,"weight_unit":"mm","volume_value":0,"volume_unit":"mm","shippable":1,"stock":29,"backorder":0,"purchasable":"1","created_at":"2026-02-04T16:50:33.000000Z","deleted_at":null,"attribute_data":null,"quantity_increment":1,"min_quantity":1}}', NULL, '2026-02-04 16:50:33', '2026-02-04 16:50:33');
INSERT INTO `activity_log` (`id`, `log_name`, `description`, `subject_type`, `subject_id`, `event`, `causer_type`, `causer_id`, `properties`, `batch_uuid`, `created_at`, `updated_at`) VALUES ('75', 'lunar', 'created', 'product_variant', '50', 'created', NULL, NULL, '{"attributes":{"id":50,"product_id":9,"tax_class_id":1,"tax_ref":null,"unit_quantity":1,"sku":"NEW-BALANCE-NEW-BALANCE-FRESH-FOAM-X-1080V13-41-BLANC","gtin":null,"mpn":null,"ean":null,"length_value":0,"length_unit":"mm","width_value":0,"width_unit":"mm","height_value":0,"height_unit":"mm","weight_value":0,"weight_unit":"mm","volume_value":0,"volume_unit":"mm","shippable":1,"stock":43,"backorder":0,"purchasable":"1","created_at":"2026-02-04T16:50:33.000000Z","deleted_at":null,"attribute_data":null,"quantity_increment":1,"min_quantity":1}}', NULL, '2026-02-04 16:50:33', '2026-02-04 16:50:33');
INSERT INTO `activity_log` (`id`, `log_name`, `description`, `subject_type`, `subject_id`, `event`, `causer_type`, `causer_id`, `properties`, `batch_uuid`, `created_at`, `updated_at`) VALUES ('76', 'lunar', 'created', 'product_variant', '51', 'created', NULL, NULL, '{"attributes":{"id":51,"product_id":9,"tax_class_id":1,"tax_ref":null,"unit_quantity":1,"sku":"NEW-BALANCE-NEW-BALANCE-FRESH-FOAM-X-1080V13-42-NEGRE","gtin":null,"mpn":null,"ean":null,"length_value":0,"length_unit":"mm","width_value":0,"width_unit":"mm","height_value":0,"height_unit":"mm","weight_value":0,"weight_unit":"mm","volume_value":0,"volume_unit":"mm","shippable":1,"stock":28,"backorder":0,"purchasable":"1","created_at":"2026-02-04T16:50:33.000000Z","deleted_at":null,"attribute_data":null,"quantity_increment":1,"min_quantity":1}}', NULL, '2026-02-04 16:50:33', '2026-02-04 16:50:33');
INSERT INTO `activity_log` (`id`, `log_name`, `description`, `subject_type`, `subject_id`, `event`, `causer_type`, `causer_id`, `properties`, `batch_uuid`, `created_at`, `updated_at`) VALUES ('77', 'lunar', 'created', 'product_variant', '52', 'created', NULL, NULL, '{"attributes":{"id":52,"product_id":9,"tax_class_id":1,"tax_ref":null,"unit_quantity":1,"sku":"NEW-BALANCE-NEW-BALANCE-FRESH-FOAM-X-1080V13-42-BLANC","gtin":null,"mpn":null,"ean":null,"length_value":0,"length_unit":"mm","width_value":0,"width_unit":"mm","height_value":0,"height_unit":"mm","weight_value":0,"weight_unit":"mm","volume_value":0,"volume_unit":"mm","shippable":1,"stock":13,"backorder":0,"purchasable":"1","created_at":"2026-02-04T16:50:33.000000Z","deleted_at":null,"attribute_data":null,"quantity_increment":1,"min_quantity":1}}', NULL, '2026-02-04 16:50:33', '2026-02-04 16:50:33');
INSERT INTO `activity_log` (`id`, `log_name`, `description`, `subject_type`, `subject_id`, `event`, `causer_type`, `causer_id`, `properties`, `batch_uuid`, `created_at`, `updated_at`) VALUES ('78', 'lunar', 'created', 'product_variant', '53', 'created', NULL, NULL, '{"attributes":{"id":53,"product_id":9,"tax_class_id":1,"tax_ref":null,"unit_quantity":1,"sku":"NEW-BALANCE-NEW-BALANCE-FRESH-FOAM-X-1080V13-43-NEGRE","gtin":null,"mpn":null,"ean":null,"length_value":0,"length_unit":"mm","width_value":0,"width_unit":"mm","height_value":0,"height_unit":"mm","weight_value":0,"weight_unit":"mm","volume_value":0,"volume_unit":"mm","shippable":1,"stock":21,"backorder":0,"purchasable":"1","created_at":"2026-02-04T16:50:33.000000Z","deleted_at":null,"attribute_data":null,"quantity_increment":1,"min_quantity":1}}', NULL, '2026-02-04 16:50:33', '2026-02-04 16:50:33');
INSERT INTO `activity_log` (`id`, `log_name`, `description`, `subject_type`, `subject_id`, `event`, `causer_type`, `causer_id`, `properties`, `batch_uuid`, `created_at`, `updated_at`) VALUES ('79', 'lunar', 'created', 'product_variant', '54', 'created', NULL, NULL, '{"attributes":{"id":54,"product_id":9,"tax_class_id":1,"tax_ref":null,"unit_quantity":1,"sku":"NEW-BALANCE-NEW-BALANCE-FRESH-FOAM-X-1080V13-43-BLANC","gtin":null,"mpn":null,"ean":null,"length_value":0,"length_unit":"mm","width_value":0,"width_unit":"mm","height_value":0,"height_unit":"mm","weight_value":0,"weight_unit":"mm","volume_value":0,"volume_unit":"mm","shippable":1,"stock":42,"backorder":0,"purchasable":"1","created_at":"2026-02-04T16:50:33.000000Z","deleted_at":null,"attribute_data":null,"quantity_increment":1,"min_quantity":1}}', NULL, '2026-02-04 16:50:33', '2026-02-04 16:50:33');
INSERT INTO `activity_log` (`id`, `log_name`, `description`, `subject_type`, `subject_id`, `event`, `causer_type`, `causer_id`, `properties`, `batch_uuid`, `created_at`, `updated_at`) VALUES ('80', 'lunar', 'created', 'brand', '10', 'created', NULL, NULL, '{"attributes":{"id":10,"name":"Mizuno","created_at":"2026-02-04T16:50:33.000000Z","attribute_data":null}}', NULL, '2026-02-04 16:50:33', '2026-02-04 16:50:33');
INSERT INTO `activity_log` (`id`, `log_name`, `description`, `subject_type`, `subject_id`, `event`, `causer_type`, `causer_id`, `properties`, `batch_uuid`, `created_at`, `updated_at`) VALUES ('81', 'lunar', 'created', 'product', '10', 'created', NULL, NULL, '{"attributes":{"id":10,"product_type_id":1,"status":"published","attribute_data":{"name":{"en":"Mizuno Wave Rider 27"},"description":{"en":"Equilibri entre amortiguaci\u00f3 i resposta."}},"created_at":"2026-02-04T16:50:33.000000Z","deleted_at":null,"brand_id":10,"slug":null,"thumbnail_id":null}}', NULL, '2026-02-04 16:50:33', '2026-02-04 16:50:33');
INSERT INTO `activity_log` (`id`, `log_name`, `description`, `subject_type`, `subject_id`, `event`, `causer_type`, `causer_id`, `properties`, `batch_uuid`, `created_at`, `updated_at`) VALUES ('82', 'lunar', 'created', 'product_variant', '55', 'created', NULL, NULL, '{"attributes":{"id":55,"product_id":10,"tax_class_id":1,"tax_ref":null,"unit_quantity":1,"sku":"MIZUNO-MIZUNO-WAVE-RIDER-27-41-NEGRE","gtin":null,"mpn":null,"ean":null,"length_value":0,"length_unit":"mm","width_value":0,"width_unit":"mm","height_value":0,"height_unit":"mm","weight_value":0,"weight_unit":"mm","volume_value":0,"volume_unit":"mm","shippable":1,"stock":20,"backorder":0,"purchasable":"1","created_at":"2026-02-04T16:50:33.000000Z","deleted_at":null,"attribute_data":null,"quantity_increment":1,"min_quantity":1}}', NULL, '2026-02-04 16:50:33', '2026-02-04 16:50:33');
INSERT INTO `activity_log` (`id`, `log_name`, `description`, `subject_type`, `subject_id`, `event`, `causer_type`, `causer_id`, `properties`, `batch_uuid`, `created_at`, `updated_at`) VALUES ('83', 'lunar', 'created', 'product_variant', '56', 'created', NULL, NULL, '{"attributes":{"id":56,"product_id":10,"tax_class_id":1,"tax_ref":null,"unit_quantity":1,"sku":"MIZUNO-MIZUNO-WAVE-RIDER-27-41-BLANC","gtin":null,"mpn":null,"ean":null,"length_value":0,"length_unit":"mm","width_value":0,"width_unit":"mm","height_value":0,"height_unit":"mm","weight_value":0,"weight_unit":"mm","volume_value":0,"volume_unit":"mm","shippable":1,"stock":16,"backorder":0,"purchasable":"1","created_at":"2026-02-04T16:50:33.000000Z","deleted_at":null,"attribute_data":null,"quantity_increment":1,"min_quantity":1}}', NULL, '2026-02-04 16:50:33', '2026-02-04 16:50:33');
INSERT INTO `activity_log` (`id`, `log_name`, `description`, `subject_type`, `subject_id`, `event`, `causer_type`, `causer_id`, `properties`, `batch_uuid`, `created_at`, `updated_at`) VALUES ('84', 'lunar', 'created', 'product_variant', '57', 'created', NULL, NULL, '{"attributes":{"id":57,"product_id":10,"tax_class_id":1,"tax_ref":null,"unit_quantity":1,"sku":"MIZUNO-MIZUNO-WAVE-RIDER-27-42-NEGRE","gtin":null,"mpn":null,"ean":null,"length_value":0,"length_unit":"mm","width_value":0,"width_unit":"mm","height_value":0,"height_unit":"mm","weight_value":0,"weight_unit":"mm","volume_value":0,"volume_unit":"mm","shippable":1,"stock":47,"backorder":0,"purchasable":"1","created_at":"2026-02-04T16:50:33.000000Z","deleted_at":null,"attribute_data":null,"quantity_increment":1,"min_quantity":1}}', NULL, '2026-02-04 16:50:33', '2026-02-04 16:50:33');
INSERT INTO `activity_log` (`id`, `log_name`, `description`, `subject_type`, `subject_id`, `event`, `causer_type`, `causer_id`, `properties`, `batch_uuid`, `created_at`, `updated_at`) VALUES ('85', 'lunar', 'created', 'product_variant', '58', 'created', NULL, NULL, '{"attributes":{"id":58,"product_id":10,"tax_class_id":1,"tax_ref":null,"unit_quantity":1,"sku":"MIZUNO-MIZUNO-WAVE-RIDER-27-42-BLANC","gtin":null,"mpn":null,"ean":null,"length_value":0,"length_unit":"mm","width_value":0,"width_unit":"mm","height_value":0,"height_unit":"mm","weight_value":0,"weight_unit":"mm","volume_value":0,"volume_unit":"mm","shippable":1,"stock":34,"backorder":0,"purchasable":"1","created_at":"2026-02-04T16:50:33.000000Z","deleted_at":null,"attribute_data":null,"quantity_increment":1,"min_quantity":1}}', NULL, '2026-02-04 16:50:33', '2026-02-04 16:50:33');
INSERT INTO `activity_log` (`id`, `log_name`, `description`, `subject_type`, `subject_id`, `event`, `causer_type`, `causer_id`, `properties`, `batch_uuid`, `created_at`, `updated_at`) VALUES ('86', 'lunar', 'created', 'product_variant', '59', 'created', NULL, NULL, '{"attributes":{"id":59,"product_id":10,"tax_class_id":1,"tax_ref":null,"unit_quantity":1,"sku":"MIZUNO-MIZUNO-WAVE-RIDER-27-43-NEGRE","gtin":null,"mpn":null,"ean":null,"length_value":0,"length_unit":"mm","width_value":0,"width_unit":"mm","height_value":0,"height_unit":"mm","weight_value":0,"weight_unit":"mm","volume_value":0,"volume_unit":"mm","shippable":1,"stock":11,"backorder":0,"purchasable":"1","created_at":"2026-02-04T16:50:33.000000Z","deleted_at":null,"attribute_data":null,"quantity_increment":1,"min_quantity":1}}', NULL, '2026-02-04 16:50:33', '2026-02-04 16:50:33');
INSERT INTO `activity_log` (`id`, `log_name`, `description`, `subject_type`, `subject_id`, `event`, `causer_type`, `causer_id`, `properties`, `batch_uuid`, `created_at`, `updated_at`) VALUES ('87', 'lunar', 'created', 'product_variant', '60', 'created', NULL, NULL, '{"attributes":{"id":60,"product_id":10,"tax_class_id":1,"tax_ref":null,"unit_quantity":1,"sku":"MIZUNO-MIZUNO-WAVE-RIDER-27-43-BLANC","gtin":null,"mpn":null,"ean":null,"length_value":0,"length_unit":"mm","width_value":0,"width_unit":"mm","height_value":0,"height_unit":"mm","weight_value":0,"weight_unit":"mm","volume_value":0,"volume_unit":"mm","shippable":1,"stock":32,"backorder":0,"purchasable":"1","created_at":"2026-02-04T16:50:33.000000Z","deleted_at":null,"attribute_data":null,"quantity_increment":1,"min_quantity":1}}', NULL, '2026-02-04 16:50:33', '2026-02-04 16:50:33');
INSERT INTO `activity_log` (`id`, `log_name`, `description`, `subject_type`, `subject_id`, `event`, `causer_type`, `causer_id`, `properties`, `batch_uuid`, `created_at`, `updated_at`) VALUES ('88', 'lunar', 'created', 'staff', '1', 'created', NULL, NULL, '{"attributes":{"id":1,"admin":true,"first_name":"Admin","last_name":"User","email":"admin@admin.com","email_verified_at":null,"password":"$2y$12$\/kE4uV5ZPDqvjwAabDSujeP.A9jjzG96uw4cT0QXz0vwh2imdH1ii","remember_token":null,"created_at":"2026-02-04T16:54:17.000000Z","deleted_at":null,"two_factor_secret":null,"two_factor_recovery_codes":null,"two_factor_confirmed_at":null}}', NULL, '2026-02-04 16:54:17', '2026-02-04 16:54:17');
INSERT INTO `activity_log` (`id`, `log_name`, `description`, `subject_type`, `subject_id`, `event`, `causer_type`, `causer_id`, `properties`, `batch_uuid`, `created_at`, `updated_at`) VALUES ('89', 'lunar', 'updated', 'product', '1', 'updated', NULL, NULL, '{"attributes":{"slug":"nike-air-zoom-pegasus-41"},"old":{"slug":null}}', NULL, '2026-02-04 16:55:45', '2026-02-04 16:55:45');
INSERT INTO `activity_log` (`id`, `log_name`, `description`, `subject_type`, `subject_id`, `event`, `causer_type`, `causer_id`, `properties`, `batch_uuid`, `created_at`, `updated_at`) VALUES ('90', 'lunar', 'updated', 'product', '2', 'updated', NULL, NULL, '{"attributes":{"slug":"asics-gel-kayano-31"},"old":{"slug":null}}', NULL, '2026-02-04 16:55:45', '2026-02-04 16:55:45');
INSERT INTO `activity_log` (`id`, `log_name`, `description`, `subject_type`, `subject_id`, `event`, `causer_type`, `causer_id`, `properties`, `batch_uuid`, `created_at`, `updated_at`) VALUES ('91', 'lunar', 'updated', 'product', '3', 'updated', NULL, NULL, '{"attributes":{"slug":"hoka-clifton-9"},"old":{"slug":null}}', NULL, '2026-02-04 16:55:45', '2026-02-04 16:55:45');
INSERT INTO `activity_log` (`id`, `log_name`, `description`, `subject_type`, `subject_id`, `event`, `causer_type`, `causer_id`, `properties`, `batch_uuid`, `created_at`, `updated_at`) VALUES ('92', 'lunar', 'updated', 'product', '4', 'updated', NULL, NULL, '{"attributes":{"slug":"adidas-ultraboost-light"},"old":{"slug":null}}', NULL, '2026-02-04 16:55:45', '2026-02-04 16:55:45');
INSERT INTO `activity_log` (`id`, `log_name`, `description`, `subject_type`, `subject_id`, `event`, `causer_type`, `causer_id`, `properties`, `batch_uuid`, `created_at`, `updated_at`) VALUES ('93', 'lunar', 'updated', 'product', '5', 'updated', NULL, NULL, '{"attributes":{"slug":"salomon-speedcross-6"},"old":{"slug":null}}', NULL, '2026-02-04 16:55:45', '2026-02-04 16:55:45');
INSERT INTO `activity_log` (`id`, `log_name`, `description`, `subject_type`, `subject_id`, `event`, `causer_type`, `causer_id`, `properties`, `batch_uuid`, `created_at`, `updated_at`) VALUES ('94', 'lunar', 'updated', 'product', '6', 'updated', NULL, NULL, '{"attributes":{"slug":"saucony-peregrine-14"},"old":{"slug":null}}', NULL, '2026-02-04 16:55:45', '2026-02-04 16:55:45');
INSERT INTO `activity_log` (`id`, `log_name`, `description`, `subject_type`, `subject_id`, `event`, `causer_type`, `causer_id`, `properties`, `batch_uuid`, `created_at`, `updated_at`) VALUES ('95', 'lunar', 'updated', 'product', '7', 'updated', NULL, NULL, '{"attributes":{"slug":"la-sportiva-bushido-ii"},"old":{"slug":null}}', NULL, '2026-02-04 16:55:45', '2026-02-04 16:55:45');
INSERT INTO `activity_log` (`id`, `log_name`, `description`, `subject_type`, `subject_id`, `event`, `causer_type`, `causer_id`, `properties`, `batch_uuid`, `created_at`, `updated_at`) VALUES ('96', 'lunar', 'updated', 'product', '8', 'updated', NULL, NULL, '{"attributes":{"slug":"brooks-ghost-16"},"old":{"slug":null}}', NULL, '2026-02-04 16:55:45', '2026-02-04 16:55:45');
INSERT INTO `activity_log` (`id`, `log_name`, `description`, `subject_type`, `subject_id`, `event`, `causer_type`, `causer_id`, `properties`, `batch_uuid`, `created_at`, `updated_at`) VALUES ('97', 'lunar', 'updated', 'product', '9', 'updated', NULL, NULL, '{"attributes":{"slug":"new-balance-fresh-foam-x-1080v13"},"old":{"slug":null}}', NULL, '2026-02-04 16:55:45', '2026-02-04 16:55:45');
INSERT INTO `activity_log` (`id`, `log_name`, `description`, `subject_type`, `subject_id`, `event`, `causer_type`, `causer_id`, `properties`, `batch_uuid`, `created_at`, `updated_at`) VALUES ('98', 'lunar', 'updated', 'product', '10', 'updated', NULL, NULL, '{"attributes":{"slug":"mizuno-wave-rider-27"},"old":{"slug":null}}', NULL, '2026-02-04 16:55:45', '2026-02-04 16:55:45');
INSERT INTO `activity_log` (`id`, `log_name`, `description`, `subject_type`, `subject_id`, `event`, `causer_type`, `causer_id`, `properties`, `batch_uuid`, `created_at`, `updated_at`) VALUES ('99', 'lunar', 'updated', 'product', '1', 'updated', NULL, NULL, '{"attributes":{"thumbnail_id":1},"old":{"thumbnail_id":null}}', NULL, '2026-02-04 16:56:26', '2026-02-04 16:56:26');
INSERT INTO `activity_log` (`id`, `log_name`, `description`, `subject_type`, `subject_id`, `event`, `causer_type`, `causer_id`, `properties`, `batch_uuid`, `created_at`, `updated_at`) VALUES ('100', 'lunar', 'updated', 'product', '9', 'updated', NULL, NULL, '{"attributes":{"thumbnail_id":6},"old":{"thumbnail_id":null}}', NULL, '2026-02-04 16:56:29', '2026-02-04 16:56:29');
INSERT INTO `activity_log` (`id`, `log_name`, `description`, `subject_type`, `subject_id`, `event`, `causer_type`, `causer_id`, `properties`, `batch_uuid`, `created_at`, `updated_at`) VALUES ('101', 'lunar', 'updated', 'product', '5', 'updated', NULL, NULL, '{"attributes":{"thumbnail_id":10},"old":{"thumbnail_id":null}}', NULL, '2026-02-04 16:56:31', '2026-02-04 16:56:31');
INSERT INTO `activity_log` (`id`, `log_name`, `description`, `subject_type`, `subject_id`, `event`, `causer_type`, `causer_id`, `properties`, `batch_uuid`, `created_at`, `updated_at`) VALUES ('102', 'lunar', 'updated', 'product', '6', 'updated', NULL, NULL, '{"attributes":{"thumbnail_id":15},"old":{"thumbnail_id":null}}', NULL, '2026-02-04 16:56:33', '2026-02-04 16:56:33');
INSERT INTO `activity_log` (`id`, `log_name`, `description`, `subject_type`, `subject_id`, `event`, `causer_type`, `causer_id`, `properties`, `batch_uuid`, `created_at`, `updated_at`) VALUES ('103', 'lunar', 'updated', 'product', '1', 'updated', NULL, NULL, '{"attributes":{"thumbnail_id":20},"old":{"thumbnail_id":null}}', NULL, '2026-02-04 17:05:37', '2026-02-04 17:05:37');
INSERT INTO `activity_log` (`id`, `log_name`, `description`, `subject_type`, `subject_id`, `event`, `causer_type`, `causer_id`, `properties`, `batch_uuid`, `created_at`, `updated_at`) VALUES ('104', 'lunar', 'updated', 'product', '2', 'updated', NULL, NULL, '{"attributes":{"thumbnail_id":25},"old":{"thumbnail_id":null}}', NULL, '2026-02-04 17:05:39', '2026-02-04 17:05:39');
INSERT INTO `activity_log` (`id`, `log_name`, `description`, `subject_type`, `subject_id`, `event`, `causer_type`, `causer_id`, `properties`, `batch_uuid`, `created_at`, `updated_at`) VALUES ('105', 'lunar', 'updated', 'product', '3', 'updated', NULL, NULL, '{"attributes":{"thumbnail_id":30},"old":{"thumbnail_id":null}}', NULL, '2026-02-04 17:05:43', '2026-02-04 17:05:43');
INSERT INTO `activity_log` (`id`, `log_name`, `description`, `subject_type`, `subject_id`, `event`, `causer_type`, `causer_id`, `properties`, `batch_uuid`, `created_at`, `updated_at`) VALUES ('106', 'lunar', 'updated', 'product', '4', 'updated', NULL, NULL, '{"attributes":{"thumbnail_id":35},"old":{"thumbnail_id":null}}', NULL, '2026-02-04 17:05:47', '2026-02-04 17:05:47');
INSERT INTO `activity_log` (`id`, `log_name`, `description`, `subject_type`, `subject_id`, `event`, `causer_type`, `causer_id`, `properties`, `batch_uuid`, `created_at`, `updated_at`) VALUES ('107', 'lunar', 'updated', 'product', '5', 'updated', NULL, NULL, '{"attributes":{"thumbnail_id":40},"old":{"thumbnail_id":null}}', NULL, '2026-02-04 17:05:51', '2026-02-04 17:05:51');
INSERT INTO `activity_log` (`id`, `log_name`, `description`, `subject_type`, `subject_id`, `event`, `causer_type`, `causer_id`, `properties`, `batch_uuid`, `created_at`, `updated_at`) VALUES ('108', 'lunar', 'updated', 'product', '6', 'updated', NULL, NULL, '{"attributes":{"thumbnail_id":45},"old":{"thumbnail_id":null}}', NULL, '2026-02-04 17:05:53', '2026-02-04 17:05:53');
INSERT INTO `activity_log` (`id`, `log_name`, `description`, `subject_type`, `subject_id`, `event`, `causer_type`, `causer_id`, `properties`, `batch_uuid`, `created_at`, `updated_at`) VALUES ('109', 'lunar', 'updated', 'product', '7', 'updated', NULL, NULL, '{"attributes":{"thumbnail_id":50},"old":{"thumbnail_id":null}}', NULL, '2026-02-04 17:05:56', '2026-02-04 17:05:56');
INSERT INTO `activity_log` (`id`, `log_name`, `description`, `subject_type`, `subject_id`, `event`, `causer_type`, `causer_id`, `properties`, `batch_uuid`, `created_at`, `updated_at`) VALUES ('110', 'lunar', 'updated', 'product', '8', 'updated', NULL, NULL, '{"attributes":{"thumbnail_id":55},"old":{"thumbnail_id":null}}', NULL, '2026-02-04 17:05:59', '2026-02-04 17:05:59');
INSERT INTO `activity_log` (`id`, `log_name`, `description`, `subject_type`, `subject_id`, `event`, `causer_type`, `causer_id`, `properties`, `batch_uuid`, `created_at`, `updated_at`) VALUES ('111', 'lunar', 'updated', 'product', '9', 'updated', NULL, NULL, '{"attributes":{"thumbnail_id":60},"old":{"thumbnail_id":null}}', NULL, '2026-02-04 17:06:03', '2026-02-04 17:06:03');
INSERT INTO `activity_log` (`id`, `log_name`, `description`, `subject_type`, `subject_id`, `event`, `causer_type`, `causer_id`, `properties`, `batch_uuid`, `created_at`, `updated_at`) VALUES ('112', 'lunar', 'updated', 'product', '10', 'updated', NULL, NULL, '{"attributes":{"thumbnail_id":65},"old":{"thumbnail_id":null}}', NULL, '2026-02-04 17:06:06', '2026-02-04 17:06:06');
INSERT INTO `activity_log` (`id`, `log_name`, `description`, `subject_type`, `subject_id`, `event`, `causer_type`, `causer_id`, `properties`, `batch_uuid`, `created_at`, `updated_at`) VALUES ('113', 'lunar', 'created', 'channel', '1', 'created', NULL, NULL, '{"attributes":{"id":1,"name":"Webstore","handle":"webstore","default":1,"url":null,"created_at":"2026-02-05T14:55:58.000000Z","deleted_at":null}}', NULL, '2026-02-05 14:55:58', '2026-02-05 14:55:58');
INSERT INTO `activity_log` (`id`, `log_name`, `description`, `subject_type`, `subject_id`, `event`, `causer_type`, `causer_id`, `properties`, `batch_uuid`, `created_at`, `updated_at`) VALUES ('114', 'lunar', 'created', 'cart', '1', 'created', NULL, NULL, '{"attributes":{"id":1,"user_id":null,"merged_id":null,"currency_id":1,"channel_id":1,"order_id":null,"coupon_code":null,"completed_at":null,"meta":{"token":"faf1c172-d6c4-4a43-b9b5-0faf87a5cd4e"},"created_at":"2026-02-05T14:56:14.000000Z","customer_id":null,"deleted_at":null}}', NULL, '2026-02-05 14:56:15', '2026-02-05 14:56:15');
INSERT INTO `activity_log` (`id`, `log_name`, `description`, `subject_type`, `subject_id`, `event`, `causer_type`, `causer_id`, `properties`, `batch_uuid`, `created_at`, `updated_at`) VALUES ('115', 'lunar', 'created', 'cart_line', '1', 'created', NULL, NULL, '{"attributes":{"id":1,"cart_id":1,"purchasable_type":"product_variant","purchasable_id":1,"quantity":1,"meta":[],"created_at":"2026-02-05T14:56:15.000000Z"}}', NULL, '2026-02-05 14:56:15', '2026-02-05 14:56:15');
INSERT INTO `activity_log` (`id`, `log_name`, `description`, `subject_type`, `subject_id`, `event`, `causer_type`, `causer_id`, `properties`, `batch_uuid`, `created_at`, `updated_at`) VALUES ('116', 'lunar', 'created', 'cart', '2', 'created', NULL, NULL, '{"attributes":{"id":2,"user_id":null,"merged_id":null,"currency_id":1,"channel_id":1,"order_id":null,"coupon_code":null,"completed_at":null,"meta":{"token":"5be031a3-e952-46dc-8f42-621c2f9e833e"},"created_at":"2026-02-05T15:01:19.000000Z","customer_id":null,"deleted_at":null}}', NULL, '2026-02-05 15:01:19', '2026-02-05 15:01:19');
INSERT INTO `activity_log` (`id`, `log_name`, `description`, `subject_type`, `subject_id`, `event`, `causer_type`, `causer_id`, `properties`, `batch_uuid`, `created_at`, `updated_at`) VALUES ('117', 'lunar', 'created', 'cart_line', '2', 'created', NULL, NULL, '{"attributes":{"id":2,"cart_id":2,"purchasable_type":"product_variant","purchasable_id":1,"quantity":1,"meta":[],"created_at":"2026-02-05T15:01:19.000000Z"}}', NULL, '2026-02-05 15:01:19', '2026-02-05 15:01:19');
INSERT INTO `activity_log` (`id`, `log_name`, `description`, `subject_type`, `subject_id`, `event`, `causer_type`, `causer_id`, `properties`, `batch_uuid`, `created_at`, `updated_at`) VALUES ('118', 'lunar', 'created', 'cart', '3', 'created', NULL, NULL, '{"attributes":{"id":3,"user_id":null,"merged_id":null,"currency_id":1,"channel_id":1,"order_id":null,"coupon_code":null,"completed_at":null,"meta":{"token":"824a5c26-9926-4c27-b690-5fd7d0f11060"},"created_at":"2026-02-05T15:01:26.000000Z","customer_id":null,"deleted_at":null}}', NULL, '2026-02-05 15:01:26', '2026-02-05 15:01:26');
INSERT INTO `activity_log` (`id`, `log_name`, `description`, `subject_type`, `subject_id`, `event`, `causer_type`, `causer_id`, `properties`, `batch_uuid`, `created_at`, `updated_at`) VALUES ('119', 'lunar', 'created', 'cart_line', '3', 'created', NULL, NULL, '{"attributes":{"id":3,"cart_id":3,"purchasable_type":"product_variant","purchasable_id":1,"quantity":1,"meta":[],"created_at":"2026-02-05T15:01:26.000000Z"}}', NULL, '2026-02-05 15:01:26', '2026-02-05 15:01:26');
INSERT INTO `activity_log` (`id`, `log_name`, `description`, `subject_type`, `subject_id`, `event`, `causer_type`, `causer_id`, `properties`, `batch_uuid`, `created_at`, `updated_at`) VALUES ('120', 'lunar', 'created', 'cart', '4', 'created', NULL, NULL, '{"attributes":{"id":4,"user_id":null,"merged_id":null,"currency_id":1,"channel_id":1,"order_id":null,"coupon_code":null,"completed_at":null,"meta":{"token":"125063d5-9d4f-423a-9387-175ba72e6009"},"created_at":"2026-02-05T15:01:46.000000Z","customer_id":null,"deleted_at":null}}', NULL, '2026-02-05 15:01:46', '2026-02-05 15:01:46');
INSERT INTO `activity_log` (`id`, `log_name`, `description`, `subject_type`, `subject_id`, `event`, `causer_type`, `causer_id`, `properties`, `batch_uuid`, `created_at`, `updated_at`) VALUES ('121', 'lunar', 'created', 'cart_line', '4', 'created', NULL, NULL, '{"attributes":{"id":4,"cart_id":4,"purchasable_type":"product_variant","purchasable_id":4,"quantity":1,"meta":[],"created_at":"2026-02-05T15:01:46.000000Z"}}', NULL, '2026-02-05 15:01:46', '2026-02-05 15:01:46');
INSERT INTO `activity_log` (`id`, `log_name`, `description`, `subject_type`, `subject_id`, `event`, `causer_type`, `causer_id`, `properties`, `batch_uuid`, `created_at`, `updated_at`) VALUES ('122', 'lunar', 'created', 'cart', '5', 'created', NULL, NULL, '{"attributes":{"id":5,"user_id":null,"merged_id":null,"currency_id":1,"channel_id":1,"order_id":null,"coupon_code":null,"completed_at":null,"meta":{"token":"02c0a150-49ad-42a9-946e-5321956fbe8f"},"created_at":"2026-02-05T15:02:52.000000Z","customer_id":null,"deleted_at":null}}', NULL, '2026-02-05 15:02:52', '2026-02-05 15:02:52');
INSERT INTO `activity_log` (`id`, `log_name`, `description`, `subject_type`, `subject_id`, `event`, `causer_type`, `causer_id`, `properties`, `batch_uuid`, `created_at`, `updated_at`) VALUES ('123', 'lunar', 'created', 'cart_line', '5', 'created', NULL, NULL, '{"attributes":{"id":5,"cart_id":5,"purchasable_type":"product_variant","purchasable_id":7,"quantity":1,"meta":[],"created_at":"2026-02-05T15:02:52.000000Z"}}', NULL, '2026-02-05 15:02:52', '2026-02-05 15:02:52');
INSERT INTO `activity_log` (`id`, `log_name`, `description`, `subject_type`, `subject_id`, `event`, `causer_type`, `causer_id`, `properties`, `batch_uuid`, `created_at`, `updated_at`) VALUES ('124', 'lunar', 'created', 'cart', '6', 'created', NULL, NULL, '{"attributes":{"id":6,"user_id":null,"merged_id":null,"currency_id":1,"channel_id":1,"order_id":null,"coupon_code":null,"completed_at":null,"meta":{"token":"754a7fb9-f300-48f5-a44f-7489e31cbc8c"},"created_at":"2026-02-05T15:03:00.000000Z","customer_id":null,"deleted_at":null}}', NULL, '2026-02-05 15:03:00', '2026-02-05 15:03:00');
INSERT INTO `activity_log` (`id`, `log_name`, `description`, `subject_type`, `subject_id`, `event`, `causer_type`, `causer_id`, `properties`, `batch_uuid`, `created_at`, `updated_at`) VALUES ('125', 'lunar', 'created', 'cart_line', '6', 'created', NULL, NULL, '{"attributes":{"id":6,"cart_id":6,"purchasable_type":"product_variant","purchasable_id":9,"quantity":1,"meta":[],"created_at":"2026-02-05T15:03:00.000000Z"}}', NULL, '2026-02-05 15:03:00', '2026-02-05 15:03:00');
INSERT INTO `activity_log` (`id`, `log_name`, `description`, `subject_type`, `subject_id`, `event`, `causer_type`, `causer_id`, `properties`, `batch_uuid`, `created_at`, `updated_at`) VALUES ('126', 'lunar', 'created', 'cart', '7', 'created', NULL, NULL, '{"attributes":{"id":7,"user_id":null,"merged_id":null,"currency_id":1,"channel_id":1,"order_id":null,"coupon_code":null,"completed_at":null,"meta":{"token":"0218a5ba-01d4-4345-862d-b9877563fd3e"},"created_at":"2026-02-05T15:03:20.000000Z","customer_id":null,"deleted_at":null}}', NULL, '2026-02-05 15:03:20', '2026-02-05 15:03:20');
INSERT INTO `activity_log` (`id`, `log_name`, `description`, `subject_type`, `subject_id`, `event`, `causer_type`, `causer_id`, `properties`, `batch_uuid`, `created_at`, `updated_at`) VALUES ('127', 'lunar', 'created', 'cart_line', '7', 'created', NULL, NULL, '{"attributes":{"id":7,"cart_id":7,"purchasable_type":"product_variant","purchasable_id":11,"quantity":1,"meta":[],"created_at":"2026-02-05T15:03:20.000000Z"}}', NULL, '2026-02-05 15:03:20', '2026-02-05 15:03:20');
INSERT INTO `activity_log` (`id`, `log_name`, `description`, `subject_type`, `subject_id`, `event`, `causer_type`, `causer_id`, `properties`, `batch_uuid`, `created_at`, `updated_at`) VALUES ('128', 'lunar', 'created', 'cart', '8', 'created', NULL, NULL, '{"attributes":{"id":8,"user_id":null,"merged_id":null,"currency_id":1,"channel_id":1,"order_id":null,"coupon_code":null,"completed_at":null,"meta":{"token":"fc1eb3ba-48c1-4c2f-86f1-78c69962fa97"},"created_at":"2026-02-05T15:03:27.000000Z","customer_id":null,"deleted_at":null}}', NULL, '2026-02-05 15:03:27', '2026-02-05 15:03:27');
INSERT INTO `activity_log` (`id`, `log_name`, `description`, `subject_type`, `subject_id`, `event`, `causer_type`, `causer_id`, `properties`, `batch_uuid`, `created_at`, `updated_at`) VALUES ('129', 'lunar', 'created', 'cart_line', '8', 'created', NULL, NULL, '{"attributes":{"id":8,"cart_id":8,"purchasable_type":"product_variant","purchasable_id":11,"quantity":1,"meta":[],"created_at":"2026-02-05T15:03:27.000000Z"}}', NULL, '2026-02-05 15:03:27', '2026-02-05 15:03:27');
INSERT INTO `activity_log` (`id`, `log_name`, `description`, `subject_type`, `subject_id`, `event`, `causer_type`, `causer_id`, `properties`, `batch_uuid`, `created_at`, `updated_at`) VALUES ('130', 'lunar', 'created', 'cart', '9', 'created', NULL, NULL, '{"attributes":{"id":9,"user_id":null,"merged_id":null,"currency_id":1,"channel_id":1,"order_id":null,"coupon_code":null,"completed_at":null,"meta":{"token":"372b3196-2e45-42a6-8951-aaf912a3b1cc"},"created_at":"2026-02-05T15:04:12.000000Z","customer_id":null,"deleted_at":null}}', NULL, '2026-02-05 15:04:12', '2026-02-05 15:04:12');
INSERT INTO `activity_log` (`id`, `log_name`, `description`, `subject_type`, `subject_id`, `event`, `causer_type`, `causer_id`, `properties`, `batch_uuid`, `created_at`, `updated_at`) VALUES ('131', 'lunar', 'created', 'cart_line', '9', 'created', NULL, NULL, '{"attributes":{"id":9,"cart_id":9,"purchasable_type":"product_variant","purchasable_id":1,"quantity":1,"meta":[],"created_at":"2026-02-05T15:04:12.000000Z"}}', NULL, '2026-02-05 15:04:12', '2026-02-05 15:04:12');
INSERT INTO `activity_log` (`id`, `log_name`, `description`, `subject_type`, `subject_id`, `event`, `causer_type`, `causer_id`, `properties`, `batch_uuid`, `created_at`, `updated_at`) VALUES ('132', 'lunar', 'created', 'cart', '10', 'created', NULL, NULL, '{"attributes":{"id":10,"user_id":null,"merged_id":null,"currency_id":1,"channel_id":1,"order_id":null,"coupon_code":null,"completed_at":null,"meta":{"token":"f6b563ee-88f0-4075-8910-8ab965d7bfb3"},"created_at":"2026-02-05T15:05:08.000000Z","customer_id":null,"deleted_at":null}}', NULL, '2026-02-05 15:05:08', '2026-02-05 15:05:08');
INSERT INTO `activity_log` (`id`, `log_name`, `description`, `subject_type`, `subject_id`, `event`, `causer_type`, `causer_id`, `properties`, `batch_uuid`, `created_at`, `updated_at`) VALUES ('133', 'lunar', 'created', 'cart_line', '10', 'created', NULL, NULL, '{"attributes":{"id":10,"cart_id":10,"purchasable_type":"product_variant","purchasable_id":7,"quantity":1,"meta":[],"created_at":"2026-02-05T15:05:08.000000Z"}}', NULL, '2026-02-05 15:05:08', '2026-02-05 15:05:08');
INSERT INTO `activity_log` (`id`, `log_name`, `description`, `subject_type`, `subject_id`, `event`, `causer_type`, `causer_id`, `properties`, `batch_uuid`, `created_at`, `updated_at`) VALUES ('134', 'lunar', 'created', 'cart', '11', 'created', NULL, NULL, '{"attributes":{"id":11,"user_id":null,"merged_id":null,"currency_id":1,"channel_id":1,"order_id":null,"coupon_code":null,"completed_at":null,"meta":{"token":"b96c7ed0-926d-4db6-8760-e25e57e1dfe6"},"created_at":"2026-02-05T15:05:42.000000Z","customer_id":null,"deleted_at":null}}', NULL, '2026-02-05 15:05:42', '2026-02-05 15:05:42');
INSERT INTO `activity_log` (`id`, `log_name`, `description`, `subject_type`, `subject_id`, `event`, `causer_type`, `causer_id`, `properties`, `batch_uuid`, `created_at`, `updated_at`) VALUES ('135', 'lunar', 'created', 'cart_line', '11', 'created', NULL, NULL, '{"attributes":{"id":11,"cart_id":11,"purchasable_type":"product_variant","purchasable_id":1,"quantity":1,"meta":[],"created_at":"2026-02-05T15:06:04.000000Z"}}', NULL, '2026-02-05 15:06:04', '2026-02-05 15:06:04');
INSERT INTO `activity_log` (`id`, `log_name`, `description`, `subject_type`, `subject_id`, `event`, `causer_type`, `causer_id`, `properties`, `batch_uuid`, `created_at`, `updated_at`) VALUES ('136', 'lunar', 'created', 'cart', '12', 'created', NULL, NULL, '{"attributes":{"id":12,"user_id":null,"merged_id":null,"currency_id":1,"channel_id":1,"order_id":null,"coupon_code":null,"completed_at":null,"meta":{"token":"57657fae-3747-4920-80f4-bc1681fbc996"},"created_at":"2026-02-05T15:11:09.000000Z","customer_id":null,"deleted_at":null}}', NULL, '2026-02-05 15:11:09', '2026-02-05 15:11:09');
INSERT INTO `activity_log` (`id`, `log_name`, `description`, `subject_type`, `subject_id`, `event`, `causer_type`, `causer_id`, `properties`, `batch_uuid`, `created_at`, `updated_at`) VALUES ('137', 'lunar', 'created', 'cart_line', '12', 'created', NULL, NULL, '{"attributes":{"id":12,"cart_id":12,"purchasable_type":"product_variant","purchasable_id":9,"quantity":1,"meta":[],"created_at":"2026-02-05T15:11:09.000000Z"}}', NULL, '2026-02-05 15:11:09', '2026-02-05 15:11:09');
INSERT INTO `activity_log` (`id`, `log_name`, `description`, `subject_type`, `subject_id`, `event`, `causer_type`, `causer_id`, `properties`, `batch_uuid`, `created_at`, `updated_at`) VALUES ('138', 'lunar', 'created', 'cart', '13', 'created', NULL, NULL, '{"attributes":{"id":13,"user_id":null,"merged_id":null,"currency_id":1,"channel_id":1,"order_id":null,"coupon_code":null,"completed_at":null,"meta":{"token":"22658581-4bfe-4d5a-ae3a-3324f1b69524"},"created_at":"2026-02-05T15:14:09.000000Z","customer_id":null,"deleted_at":null}}', NULL, '2026-02-05 15:14:09', '2026-02-05 15:14:09');
INSERT INTO `activity_log` (`id`, `log_name`, `description`, `subject_type`, `subject_id`, `event`, `causer_type`, `causer_id`, `properties`, `batch_uuid`, `created_at`, `updated_at`) VALUES ('139', 'lunar', 'created', 'cart_line', '13', 'created', NULL, NULL, '{"attributes":{"id":13,"cart_id":13,"purchasable_type":"product_variant","purchasable_id":1,"quantity":1,"meta":[],"created_at":"2026-02-05T15:14:09.000000Z"}}', NULL, '2026-02-05 15:14:09', '2026-02-05 15:14:09');
INSERT INTO `activity_log` (`id`, `log_name`, `description`, `subject_type`, `subject_id`, `event`, `causer_type`, `causer_id`, `properties`, `batch_uuid`, `created_at`, `updated_at`) VALUES ('140', 'lunar', 'created', 'cart', '14', 'created', NULL, NULL, '{"attributes":{"id":14,"user_id":null,"merged_id":null,"currency_id":1,"channel_id":1,"order_id":null,"coupon_code":null,"completed_at":null,"meta":{"token":"e1c87352-3aa6-4f92-9bc8-683b7f9353b3"},"created_at":"2026-02-05T15:14:21.000000Z","customer_id":null,"deleted_at":null}}', NULL, '2026-02-05 15:14:21', '2026-02-05 15:14:21');
INSERT INTO `activity_log` (`id`, `log_name`, `description`, `subject_type`, `subject_id`, `event`, `causer_type`, `causer_id`, `properties`, `batch_uuid`, `created_at`, `updated_at`) VALUES ('141', 'lunar', 'created', 'cart_line', '14', 'created', NULL, NULL, '{"attributes":{"id":14,"cart_id":14,"purchasable_type":"product_variant","purchasable_id":1,"quantity":1,"meta":[],"created_at":"2026-02-05T15:14:21.000000Z"}}', NULL, '2026-02-05 15:14:21', '2026-02-05 15:14:21');
INSERT INTO `activity_log` (`id`, `log_name`, `description`, `subject_type`, `subject_id`, `event`, `causer_type`, `causer_id`, `properties`, `batch_uuid`, `created_at`, `updated_at`) VALUES ('142', 'lunar', 'created', 'cart', '15', 'created', NULL, NULL, '{"attributes":{"id":15,"user_id":null,"merged_id":null,"currency_id":1,"channel_id":1,"order_id":null,"coupon_code":null,"completed_at":null,"meta":{"token":"818b1c35-4450-42fe-9445-300900b756ee"},"created_at":"2026-02-05T15:30:36.000000Z","customer_id":null,"deleted_at":null}}', NULL, '2026-02-05 15:30:36', '2026-02-05 15:30:36');
INSERT INTO `activity_log` (`id`, `log_name`, `description`, `subject_type`, `subject_id`, `event`, `causer_type`, `causer_id`, `properties`, `batch_uuid`, `created_at`, `updated_at`) VALUES ('143', 'lunar', 'created', 'cart_line', '15', 'created', NULL, NULL, '{"attributes":{"id":15,"cart_id":15,"purchasable_type":"product_variant","purchasable_id":1,"quantity":1,"meta":[],"created_at":"2026-02-05T15:30:36.000000Z"}}', NULL, '2026-02-05 15:30:36', '2026-02-05 15:30:36');
INSERT INTO `activity_log` (`id`, `log_name`, `description`, `subject_type`, `subject_id`, `event`, `causer_type`, `causer_id`, `properties`, `batch_uuid`, `created_at`, `updated_at`) VALUES ('144', 'lunar', 'created', 'cart', '16', 'created', NULL, NULL, '{"attributes":{"id":16,"user_id":null,"merged_id":null,"currency_id":1,"channel_id":1,"order_id":null,"coupon_code":null,"completed_at":null,"meta":{"token":"36414fd3-09c1-4f8d-8ba9-742d199eeb18"},"created_at":"2026-02-05T15:31:10.000000Z","customer_id":null,"deleted_at":null}}', NULL, '2026-02-05 15:31:10', '2026-02-05 15:31:10');
INSERT INTO `activity_log` (`id`, `log_name`, `description`, `subject_type`, `subject_id`, `event`, `causer_type`, `causer_id`, `properties`, `batch_uuid`, `created_at`, `updated_at`) VALUES ('145', 'lunar', 'created', 'cart_line', '16', 'created', NULL, NULL, '{"attributes":{"id":16,"cart_id":16,"purchasable_type":"product_variant","purchasable_id":1,"quantity":1,"meta":[],"created_at":"2026-02-05T15:31:10.000000Z"}}', NULL, '2026-02-05 15:31:10', '2026-02-05 15:31:10');
INSERT INTO `activity_log` (`id`, `log_name`, `description`, `subject_type`, `subject_id`, `event`, `causer_type`, `causer_id`, `properties`, `batch_uuid`, `created_at`, `updated_at`) VALUES ('146', 'lunar', 'created', 'cart', '17', 'created', NULL, NULL, '{"attributes":{"id":17,"user_id":null,"merged_id":null,"currency_id":1,"channel_id":1,"order_id":null,"coupon_code":null,"completed_at":null,"meta":{"token":"f65e4866-0f89-4e0a-aaa4-ca1637b2ba56"},"created_at":"2026-02-05T15:31:56.000000Z","customer_id":null,"deleted_at":null}}', NULL, '2026-02-05 15:31:57', '2026-02-05 15:31:57');
INSERT INTO `activity_log` (`id`, `log_name`, `description`, `subject_type`, `subject_id`, `event`, `causer_type`, `causer_id`, `properties`, `batch_uuid`, `created_at`, `updated_at`) VALUES ('147', 'lunar', 'created', 'cart_line', '17', 'created', NULL, NULL, '{"attributes":{"id":17,"cart_id":17,"purchasable_type":"product_variant","purchasable_id":1,"quantity":1,"meta":[],"created_at":"2026-02-05T15:31:57.000000Z"}}', NULL, '2026-02-05 15:31:57', '2026-02-05 15:31:57');
INSERT INTO `activity_log` (`id`, `log_name`, `description`, `subject_type`, `subject_id`, `event`, `causer_type`, `causer_id`, `properties`, `batch_uuid`, `created_at`, `updated_at`) VALUES ('148', 'lunar', 'created', 'cart', '18', 'created', NULL, NULL, '{"attributes":{"id":18,"user_id":null,"merged_id":null,"currency_id":1,"channel_id":1,"order_id":null,"coupon_code":null,"completed_at":null,"meta":{"token":"7ddefe81-18f9-4881-a0af-6a6c686d22c8"},"created_at":"2026-02-05T15:32:14.000000Z","customer_id":null,"deleted_at":null}}', NULL, '2026-02-05 15:32:14', '2026-02-05 15:32:14');
INSERT INTO `activity_log` (`id`, `log_name`, `description`, `subject_type`, `subject_id`, `event`, `causer_type`, `causer_id`, `properties`, `batch_uuid`, `created_at`, `updated_at`) VALUES ('149', 'lunar', 'created', 'cart_line', '18', 'created', NULL, NULL, '{"attributes":{"id":18,"cart_id":18,"purchasable_type":"product_variant","purchasable_id":1,"quantity":1,"meta":[],"created_at":"2026-02-05T15:32:14.000000Z"}}', NULL, '2026-02-05 15:32:14', '2026-02-05 15:32:14');
INSERT INTO `activity_log` (`id`, `log_name`, `description`, `subject_type`, `subject_id`, `event`, `causer_type`, `causer_id`, `properties`, `batch_uuid`, `created_at`, `updated_at`) VALUES ('150', 'lunar', 'created', 'cart', '19', 'created', NULL, NULL, '{"attributes":{"id":19,"user_id":null,"merged_id":null,"currency_id":1,"channel_id":1,"order_id":null,"coupon_code":null,"completed_at":null,"meta":{"token":"d04b9de9-572d-442e-8c06-318181a4c486"},"created_at":"2026-02-05T15:33:14.000000Z","customer_id":null,"deleted_at":null}}', NULL, '2026-02-05 15:33:14', '2026-02-05 15:33:14');
INSERT INTO `activity_log` (`id`, `log_name`, `description`, `subject_type`, `subject_id`, `event`, `causer_type`, `causer_id`, `properties`, `batch_uuid`, `created_at`, `updated_at`) VALUES ('151', 'lunar', 'created', 'cart_line', '19', 'created', NULL, NULL, '{"attributes":{"id":19,"cart_id":19,"purchasable_type":"product_variant","purchasable_id":1,"quantity":1,"meta":[],"created_at":"2026-02-05T15:33:14.000000Z"}}', NULL, '2026-02-05 15:33:14', '2026-02-05 15:33:14');
INSERT INTO `activity_log` (`id`, `log_name`, `description`, `subject_type`, `subject_id`, `event`, `causer_type`, `causer_id`, `properties`, `batch_uuid`, `created_at`, `updated_at`) VALUES ('152', 'lunar', 'created', 'cart', '20', 'created', NULL, NULL, '{"attributes":{"id":20,"user_id":null,"merged_id":null,"currency_id":1,"channel_id":1,"order_id":null,"coupon_code":null,"completed_at":null,"meta":{"token":"c1e13491-c744-4e7f-8e21-09cdccadc594"},"created_at":"2026-02-05T15:38:26.000000Z","customer_id":null,"deleted_at":null}}', NULL, '2026-02-05 15:38:26', '2026-02-05 15:38:26');
INSERT INTO `activity_log` (`id`, `log_name`, `description`, `subject_type`, `subject_id`, `event`, `causer_type`, `causer_id`, `properties`, `batch_uuid`, `created_at`, `updated_at`) VALUES ('153', 'lunar', 'created', 'cart_line', '20', 'created', NULL, NULL, '{"attributes":{"id":20,"cart_id":20,"purchasable_type":"product_variant","purchasable_id":1,"quantity":1,"meta":[],"created_at":"2026-02-05T15:38:26.000000Z"}}', NULL, '2026-02-05 15:38:26', '2026-02-05 15:38:26');
INSERT INTO `activity_log` (`id`, `log_name`, `description`, `subject_type`, `subject_id`, `event`, `causer_type`, `causer_id`, `properties`, `batch_uuid`, `created_at`, `updated_at`) VALUES ('154', 'lunar', 'created', 'tax_rate', '1', 'created', NULL, NULL, '{"attributes":{"id":1,"tax_zone_id":null,"priority":1,"name":"IVA 21%","created_at":"2026-02-05T15:40:21.000000Z"}}', NULL, '2026-02-05 15:40:21', '2026-02-05 15:40:21');
INSERT INTO `activity_log` (`id`, `log_name`, `description`, `subject_type`, `subject_id`, `event`, `causer_type`, `causer_id`, `properties`, `batch_uuid`, `created_at`, `updated_at`) VALUES ('155', 'lunar', 'created', 'cart', '21', 'created', NULL, NULL, '{"attributes":{"id":21,"user_id":null,"merged_id":null,"currency_id":1,"channel_id":1,"order_id":null,"coupon_code":null,"completed_at":null,"meta":{"token":"346e4419-70d7-4abc-aa67-88126951ae65"},"created_at":"2026-02-05T15:40:32.000000Z","customer_id":null,"deleted_at":null}}', NULL, '2026-02-05 15:40:32', '2026-02-05 15:40:32');
INSERT INTO `activity_log` (`id`, `log_name`, `description`, `subject_type`, `subject_id`, `event`, `causer_type`, `causer_id`, `properties`, `batch_uuid`, `created_at`, `updated_at`) VALUES ('156', 'lunar', 'created', 'cart_line', '21', 'created', NULL, NULL, '{"attributes":{"id":21,"cart_id":21,"purchasable_type":"product_variant","purchasable_id":1,"quantity":1,"meta":[],"created_at":"2026-02-05T15:40:32.000000Z"}}', NULL, '2026-02-05 15:40:32', '2026-02-05 15:40:32');
INSERT INTO `activity_log` (`id`, `log_name`, `description`, `subject_type`, `subject_id`, `event`, `causer_type`, `causer_id`, `properties`, `batch_uuid`, `created_at`, `updated_at`) VALUES ('157', 'lunar', 'created', 'tax_zone', '1', 'created', NULL, NULL, '{"attributes":{"id":1,"name":"Espa\u00f1a","zone_type":"country","price_display":"tax_inclusive","active":true,"default":true,"created_at":"2026-02-05T15:40:47.000000Z"}}', NULL, '2026-02-05 15:40:47', '2026-02-05 15:40:47');
INSERT INTO `activity_log` (`id`, `log_name`, `description`, `subject_type`, `subject_id`, `event`, `causer_type`, `causer_id`, `properties`, `batch_uuid`, `created_at`, `updated_at`) VALUES ('158', 'lunar', 'created', 'cart', '22', 'created', NULL, NULL, '{"attributes":{"id":22,"user_id":null,"merged_id":null,"currency_id":1,"channel_id":1,"order_id":null,"coupon_code":null,"completed_at":null,"meta":{"token":"32911202-9d2e-4ce5-bb89-cc054cd7443e"},"created_at":"2026-02-05T15:41:23.000000Z","customer_id":null,"deleted_at":null}}', NULL, '2026-02-05 15:41:23', '2026-02-05 15:41:23');
INSERT INTO `activity_log` (`id`, `log_name`, `description`, `subject_type`, `subject_id`, `event`, `causer_type`, `causer_id`, `properties`, `batch_uuid`, `created_at`, `updated_at`) VALUES ('159', 'lunar', 'created', 'cart_line', '22', 'created', NULL, NULL, '{"attributes":{"id":22,"cart_id":22,"purchasable_type":"product_variant","purchasable_id":1,"quantity":1,"meta":[],"created_at":"2026-02-05T15:41:23.000000Z"}}', NULL, '2026-02-05 15:41:23', '2026-02-05 15:41:23');
INSERT INTO `activity_log` (`id`, `log_name`, `description`, `subject_type`, `subject_id`, `event`, `causer_type`, `causer_id`, `properties`, `batch_uuid`, `created_at`, `updated_at`) VALUES ('160', 'lunar', 'deleted', 'cart_line', '22', 'deleted', NULL, NULL, '{"old":{"id":22,"cart_id":22,"purchasable_type":"product_variant","purchasable_id":1,"quantity":1,"meta":[],"created_at":"2026-02-05T15:41:23.000000Z"}}', NULL, '2026-02-05 15:48:38', '2026-02-05 15:48:38');
INSERT INTO `activity_log` (`id`, `log_name`, `description`, `subject_type`, `subject_id`, `event`, `causer_type`, `causer_id`, `properties`, `batch_uuid`, `created_at`, `updated_at`) VALUES ('161', 'lunar', 'created', 'cart_line', '23', 'created', NULL, NULL, '{"attributes":{"id":23,"cart_id":22,"purchasable_type":"product_variant","purchasable_id":1,"quantity":1,"meta":[],"created_at":"2026-02-05T15:48:56.000000Z"}}', NULL, '2026-02-05 15:48:56', '2026-02-05 15:48:56');
INSERT INTO `activity_log` (`id`, `log_name`, `description`, `subject_type`, `subject_id`, `event`, `causer_type`, `causer_id`, `properties`, `batch_uuid`, `created_at`, `updated_at`) VALUES ('162', 'lunar', 'deleted', 'cart_line', '23', 'deleted', NULL, NULL, '{"old":{"id":23,"cart_id":22,"purchasable_type":"product_variant","purchasable_id":1,"quantity":2,"meta":[],"created_at":"2026-02-05T15:48:56.000000Z"}}', NULL, '2026-02-05 15:50:37', '2026-02-05 15:50:37');
INSERT INTO `activity_log` (`id`, `log_name`, `description`, `subject_type`, `subject_id`, `event`, `causer_type`, `causer_id`, `properties`, `batch_uuid`, `created_at`, `updated_at`) VALUES ('163', 'lunar', 'created', 'cart_line', '24', 'created', NULL, NULL, '{"attributes":{"id":24,"cart_id":22,"purchasable_type":"product_variant","purchasable_id":7,"quantity":1,"meta":[],"created_at":"2026-02-07T11:27:43.000000Z"}}', NULL, '2026-02-07 11:27:43', '2026-02-07 11:27:43');
INSERT INTO `activity_log` (`id`, `log_name`, `description`, `subject_type`, `subject_id`, `event`, `causer_type`, `causer_id`, `properties`, `batch_uuid`, `created_at`, `updated_at`) VALUES ('164', 'lunar', 'deleted', 'cart_line', '24', 'deleted', NULL, NULL, '{"old":{"id":24,"cart_id":22,"purchasable_type":"product_variant","purchasable_id":7,"quantity":1,"meta":[],"created_at":"2026-02-07T11:27:43.000000Z"}}', NULL, '2026-02-07 11:28:42', '2026-02-07 11:28:42');
INSERT INTO `activity_log` (`id`, `log_name`, `description`, `subject_type`, `subject_id`, `event`, `causer_type`, `causer_id`, `properties`, `batch_uuid`, `created_at`, `updated_at`) VALUES ('165', 'lunar', 'created', 'cart_line', '25', 'created', NULL, NULL, '{"attributes":{"id":25,"cart_id":22,"purchasable_type":"product_variant","purchasable_id":1,"quantity":1,"meta":[],"created_at":"2026-02-07T12:59:33.000000Z"}}', NULL, '2026-02-07 12:59:33', '2026-02-07 12:59:33');
INSERT INTO `activity_log` (`id`, `log_name`, `description`, `subject_type`, `subject_id`, `event`, `causer_type`, `causer_id`, `properties`, `batch_uuid`, `created_at`, `updated_at`) VALUES ('166', 'lunar', 'deleted', 'cart_line', '25', 'deleted', NULL, NULL, '{"old":{"id":25,"cart_id":22,"purchasable_type":"product_variant","purchasable_id":1,"quantity":1,"meta":[],"created_at":"2026-02-07T12:59:33.000000Z"}}', NULL, '2026-02-07 13:00:20', '2026-02-07 13:00:20');
INSERT INTO `activity_log` (`id`, `log_name`, `description`, `subject_type`, `subject_id`, `event`, `causer_type`, `causer_id`, `properties`, `batch_uuid`, `created_at`, `updated_at`) VALUES ('167', 'lunar', 'created', 'cart', '23', 'created', NULL, NULL, '{"attributes":{"id":23,"user_id":null,"merged_id":null,"currency_id":1,"channel_id":1,"order_id":null,"coupon_code":null,"completed_at":null,"meta":{"token":"54e376b4-4a68-468b-bbe1-6b393159ff70"},"created_at":"2026-02-09T14:10:15.000000Z","customer_id":null,"deleted_at":null}}', NULL, '2026-02-09 14:10:15', '2026-02-09 14:10:15');
INSERT INTO `activity_log` (`id`, `log_name`, `description`, `subject_type`, `subject_id`, `event`, `causer_type`, `causer_id`, `properties`, `batch_uuid`, `created_at`, `updated_at`) VALUES ('168', 'lunar', 'created', 'cart_line', '26', 'created', NULL, NULL, '{"attributes":{"id":26,"cart_id":23,"purchasable_type":"product_variant","purchasable_id":7,"quantity":1,"meta":[],"created_at":"2026-02-09T14:10:16.000000Z"}}', NULL, '2026-02-09 14:10:16', '2026-02-09 14:10:16');
INSERT INTO `activity_log` (`id`, `log_name`, `description`, `subject_type`, `subject_id`, `event`, `causer_type`, `causer_id`, `properties`, `batch_uuid`, `created_at`, `updated_at`) VALUES ('169', 'lunar', 'deleted', 'cart', '23', 'deleted', 'App\Models\User', '4', '{"old":{"id":23,"user_id":null,"merged_id":null,"currency_id":1,"channel_id":1,"order_id":null,"coupon_code":null,"completed_at":null,"meta":{"token":"54e376b4-4a68-468b-bbe1-6b393159ff70"},"created_at":"2026-02-09T14:10:15.000000Z","customer_id":null,"deleted_at":"2026-02-09T15:10:18.000000Z"}}', NULL, '2026-02-09 15:10:18', '2026-02-09 15:10:18');
INSERT INTO `activity_log` (`id`, `log_name`, `description`, `subject_type`, `subject_id`, `event`, `causer_type`, `causer_id`, `properties`, `batch_uuid`, `created_at`, `updated_at`) VALUES ('170', 'lunar', 'created', 'cart', '24', 'created', 'App\Models\User', '4', '{"attributes":{"id":24,"user_id":null,"merged_id":null,"currency_id":1,"channel_id":1,"order_id":null,"coupon_code":null,"completed_at":null,"meta":{"token":"591f8b1e-b421-40d1-bbd5-ca0a1cea4f35"},"created_at":"2026-02-09T15:31:19.000000Z","customer_id":null,"deleted_at":null}}', NULL, '2026-02-09 15:31:19', '2026-02-09 15:31:19');
INSERT INTO `activity_log` (`id`, `log_name`, `description`, `subject_type`, `subject_id`, `event`, `causer_type`, `causer_id`, `properties`, `batch_uuid`, `created_at`, `updated_at`) VALUES ('171', 'lunar', 'created', 'cart_line', '27', 'created', 'App\Models\User', '4', '{"attributes":{"id":27,"cart_id":24,"purchasable_type":"product_variant","purchasable_id":9,"quantity":1,"meta":[],"created_at":"2026-02-09T15:31:19.000000Z"}}', NULL, '2026-02-09 15:31:19', '2026-02-09 15:31:19');
INSERT INTO `activity_log` (`id`, `log_name`, `description`, `subject_type`, `subject_id`, `event`, `causer_type`, `causer_id`, `properties`, `batch_uuid`, `created_at`, `updated_at`) VALUES ('172', 'lunar', 'deleted', 'cart', '24', 'deleted', 'App\Models\User', '4', '{"old":{"id":24,"user_id":null,"merged_id":null,"currency_id":1,"channel_id":1,"order_id":null,"coupon_code":null,"completed_at":null,"meta":{"token":"591f8b1e-b421-40d1-bbd5-ca0a1cea4f35"},"created_at":"2026-02-09T15:31:19.000000Z","customer_id":null,"deleted_at":"2026-02-09T15:31:47.000000Z"}}', NULL, '2026-02-09 15:31:47', '2026-02-09 15:31:47');
INSERT INTO `activity_log` (`id`, `log_name`, `description`, `subject_type`, `subject_id`, `event`, `causer_type`, `causer_id`, `properties`, `batch_uuid`, `created_at`, `updated_at`) VALUES ('173', 'lunar', 'created', 'cart', '25', 'created', 'App\Models\User', '4', '{"attributes":{"id":25,"user_id":null,"merged_id":null,"currency_id":1,"channel_id":1,"order_id":null,"coupon_code":null,"completed_at":null,"meta":{"token":"f1d1701b-9634-481d-b470-f1e9da0facf0"},"created_at":"2026-02-09T15:37:25.000000Z","customer_id":null,"deleted_at":null}}', NULL, '2026-02-09 15:37:25', '2026-02-09 15:37:25');
INSERT INTO `activity_log` (`id`, `log_name`, `description`, `subject_type`, `subject_id`, `event`, `causer_type`, `causer_id`, `properties`, `batch_uuid`, `created_at`, `updated_at`) VALUES ('174', 'lunar', 'created', 'cart_line', '28', 'created', 'App\Models\User', '4', '{"attributes":{"id":28,"cart_id":25,"purchasable_type":"product_variant","purchasable_id":15,"quantity":1,"meta":[],"created_at":"2026-02-09T15:37:25.000000Z"}}', NULL, '2026-02-09 15:37:25', '2026-02-09 15:37:25');
INSERT INTO `activity_log` (`id`, `log_name`, `description`, `subject_type`, `subject_id`, `event`, `causer_type`, `causer_id`, `properties`, `batch_uuid`, `created_at`, `updated_at`) VALUES ('175', 'lunar', 'deleted', 'cart_line', '28', 'deleted', 'App\Models\User', '4', '{"old":{"id":28,"cart_id":25,"purchasable_type":"product_variant","purchasable_id":15,"quantity":1,"meta":[],"created_at":"2026-02-09T15:37:25.000000Z"}}', NULL, '2026-02-09 15:48:45', '2026-02-09 15:48:45');
INSERT INTO `activity_log` (`id`, `log_name`, `description`, `subject_type`, `subject_id`, `event`, `causer_type`, `causer_id`, `properties`, `batch_uuid`, `created_at`, `updated_at`) VALUES ('176', 'lunar', 'created', 'cart_line', '29', 'created', 'App\Models\User', '4', '{"attributes":{"id":29,"cart_id":25,"purchasable_type":"product_variant","purchasable_id":15,"quantity":1,"meta":[],"created_at":"2026-02-09T15:49:18.000000Z"}}', NULL, '2026-02-09 15:49:18', '2026-02-09 15:49:18');
INSERT INTO `activity_log` (`id`, `log_name`, `description`, `subject_type`, `subject_id`, `event`, `causer_type`, `causer_id`, `properties`, `batch_uuid`, `created_at`, `updated_at`) VALUES ('177', 'lunar', 'deleted', 'cart_line', '29', 'deleted', 'App\Models\User', '4', '{"old":{"id":29,"cart_id":25,"purchasable_type":"product_variant","purchasable_id":15,"quantity":1,"meta":[],"created_at":"2026-02-09T15:49:18.000000Z"}}', NULL, '2026-02-09 15:58:35', '2026-02-09 15:58:35');
INSERT INTO `activity_log` (`id`, `log_name`, `description`, `subject_type`, `subject_id`, `event`, `causer_type`, `causer_id`, `properties`, `batch_uuid`, `created_at`, `updated_at`) VALUES ('178', 'lunar', 'created', 'cart_line', '30', 'created', 'App\Models\User', '4', '{"attributes":{"id":30,"cart_id":25,"purchasable_type":"product_variant","purchasable_id":21,"quantity":1,"meta":[],"created_at":"2026-02-09T15:58:39.000000Z"}}', NULL, '2026-02-09 15:58:39', '2026-02-09 15:58:39');
INSERT INTO `activity_log` (`id`, `log_name`, `description`, `subject_type`, `subject_id`, `event`, `causer_type`, `causer_id`, `properties`, `batch_uuid`, `created_at`, `updated_at`) VALUES ('179', 'lunar', 'created', 'cart_line', '31', 'created', 'App\Models\User', '4', '{"attributes":{"id":31,"cart_id":25,"purchasable_type":"product_variant","purchasable_id":3,"quantity":1,"meta":[],"created_at":"2026-02-09T16:01:09.000000Z"}}', NULL, '2026-02-09 16:01:09', '2026-02-09 16:01:09');
INSERT INTO `activity_log` (`id`, `log_name`, `description`, `subject_type`, `subject_id`, `event`, `causer_type`, `causer_id`, `properties`, `batch_uuid`, `created_at`, `updated_at`) VALUES ('180', 'lunar', 'created', 'order', '1', 'created', 'App\Models\User', '4', '{"attributes":{"id":1,"user_id":4,"channel_id":1,"reference":"pi_3Syx6cCt0kn5sooM1hAtt5PG","customer_reference":null,"sub_total":{"value":31998,"currency":{"id":1,"code":"EUR","name":"Euro","exchange_rate":1,"decimal_places":2,"enabled":true,"default":true,"created_at":"2026-02-04T16:50:32.000000Z","updated_at":"2026-02-04T16:50:32.000000Z","sync_prices":false},"unitQty":1},"discount_total":{"value":0,"currency":{"id":1,"code":"EUR","name":"Euro","exchange_rate":1,"decimal_places":2,"enabled":true,"default":true,"created_at":"2026-02-04T16:50:32.000000Z","updated_at":"2026-02-04T16:50:32.000000Z","sync_prices":false},"unitQty":1},"shipping_total":{"value":0,"currency":{"id":1,"code":"EUR","name":"Euro","exchange_rate":1,"decimal_places":2,"enabled":true,"default":true,"created_at":"2026-02-04T16:50:32.000000Z","updated_at":"2026-02-04T16:50:32.000000Z","sync_prices":false},"unitQty":1},"tax_breakdown":{"amounts":[]},"tax_total":{"value":0,"currency":{"id":1,"code":"EUR","name":"Euro","exchange_rate":1,"decimal_places":2,"enabled":true,"default":true,"created_at":"2026-02-04T16:50:32.000000Z","updated_at":"2026-02-04T16:50:32.000000Z","sync_prices":false},"unitQty":1},"total":{"value":31998,"currency":{"id":1,"code":"EUR","name":"Euro","exchange_rate":1,"decimal_places":2,"enabled":true,"default":true,"created_at":"2026-02-04T16:50:32.000000Z","updated_at":"2026-02-04T16:50:32.000000Z","sync_prices":false},"unitQty":1},"notes":null,"currency_code":"EUR","compare_currency_code":"EUR","exchange_rate":1,"placed_at":"2026-02-09T16:14:45.000000Z","meta":{"stripe_payment_intent_id":"pi_3Syx6cCt0kn5sooM1hAtt5PG"},"created_at":"2026-02-09T16:14:45.000000Z","customer_id":null,"new_customer":false,"discount_breakdown":[],"shipping_breakdown":{"items":[]},"cart_id":null,"fingerprint":null}}', NULL, '2026-02-09 16:14:45', '2026-02-09 16:14:45');
INSERT INTO `activity_log` (`id`, `log_name`, `description`, `subject_type`, `subject_id`, `event`, `causer_type`, `causer_id`, `properties`, `batch_uuid`, `created_at`, `updated_at`) VALUES ('181', 'lunar', 'created', 'order_line', '1', 'created', 'App\Models\User', '4', '{"attributes":{"id":1,"order_id":1,"purchasable_type":"product_variant","purchasable_id":19,"type":"physical","description":"Adidas Ultraboost Light","option":null,"identifier":"line_66229848-2298-47ba-aeef-de687670d28e","unit_price":{"value":18999,"currency":{"id":1,"code":"EUR","name":"Euro","exchange_rate":1,"decimal_places":2,"enabled":true,"default":true,"created_at":"2026-02-04T16:50:32.000000Z","updated_at":"2026-02-04T16:50:32.000000Z","sync_prices":false,"laravel_through_key":1},"unitQty":1},"unit_quantity":1,"quantity":1,"sub_total":{"value":18999,"currency":{"id":1,"code":"EUR","name":"Euro","exchange_rate":1,"decimal_places":2,"enabled":true,"default":true,"created_at":"2026-02-04T16:50:32.000000Z","updated_at":"2026-02-04T16:50:32.000000Z","sync_prices":false,"laravel_through_key":1},"unitQty":1},"discount_total":{"value":0,"currency":{"id":1,"code":"EUR","name":"Euro","exchange_rate":1,"decimal_places":2,"enabled":true,"default":true,"created_at":"2026-02-04T16:50:32.000000Z","updated_at":"2026-02-04T16:50:32.000000Z","sync_prices":false,"laravel_through_key":1},"unitQty":1},"tax_breakdown":{"amounts":[]},"tax_total":{"value":0,"currency":{"id":1,"code":"EUR","name":"Euro","exchange_rate":1,"decimal_places":2,"enabled":true,"default":true,"created_at":"2026-02-04T16:50:32.000000Z","updated_at":"2026-02-04T16:50:32.000000Z","sync_prices":false,"laravel_through_key":1},"unitQty":1},"total":{"value":18999,"currency":{"id":1,"code":"EUR","name":"Euro","exchange_rate":1,"decimal_places":2,"enabled":true,"default":true,"created_at":"2026-02-04T16:50:32.000000Z","updated_at":"2026-02-04T16:50:32.000000Z","sync_prices":false,"laravel_through_key":1},"unitQty":1},"notes":null,"meta":null,"created_at":"2026-02-09T16:14:45.000000Z"}}', NULL, '2026-02-09 16:14:45', '2026-02-09 16:14:45');
INSERT INTO `activity_log` (`id`, `log_name`, `description`, `subject_type`, `subject_id`, `event`, `causer_type`, `causer_id`, `properties`, `batch_uuid`, `created_at`, `updated_at`) VALUES ('182', 'lunar', 'created', 'order_line', '2', 'created', 'App\Models\User', '4', '{"attributes":{"id":2,"order_id":1,"purchasable_type":"product_variant","purchasable_id":1,"type":"physical","description":"Nike Air Zoom Pegasus 41","option":null,"identifier":"line_71f307b5-6515-4a7b-9e02-dda31c81e309","unit_price":{"value":12999,"currency":{"id":1,"code":"EUR","name":"Euro","exchange_rate":1,"decimal_places":2,"enabled":true,"default":true,"created_at":"2026-02-04T16:50:32.000000Z","updated_at":"2026-02-04T16:50:32.000000Z","sync_prices":false,"laravel_through_key":1},"unitQty":1},"unit_quantity":1,"quantity":1,"sub_total":{"value":12999,"currency":{"id":1,"code":"EUR","name":"Euro","exchange_rate":1,"decimal_places":2,"enabled":true,"default":true,"created_at":"2026-02-04T16:50:32.000000Z","updated_at":"2026-02-04T16:50:32.000000Z","sync_prices":false,"laravel_through_key":1},"unitQty":1},"discount_total":{"value":0,"currency":{"id":1,"code":"EUR","name":"Euro","exchange_rate":1,"decimal_places":2,"enabled":true,"default":true,"created_at":"2026-02-04T16:50:32.000000Z","updated_at":"2026-02-04T16:50:32.000000Z","sync_prices":false,"laravel_through_key":1},"unitQty":1},"tax_breakdown":{"amounts":[]},"tax_total":{"value":0,"currency":{"id":1,"code":"EUR","name":"Euro","exchange_rate":1,"decimal_places":2,"enabled":true,"default":true,"created_at":"2026-02-04T16:50:32.000000Z","updated_at":"2026-02-04T16:50:32.000000Z","sync_prices":false,"laravel_through_key":1},"unitQty":1},"total":{"value":12999,"currency":{"id":1,"code":"EUR","name":"Euro","exchange_rate":1,"decimal_places":2,"enabled":true,"default":true,"created_at":"2026-02-04T16:50:32.000000Z","updated_at":"2026-02-04T16:50:32.000000Z","sync_prices":false,"laravel_through_key":1},"unitQty":1},"notes":null,"meta":null,"created_at":"2026-02-09T16:14:45.000000Z"}}', NULL, '2026-02-09 16:14:45', '2026-02-09 16:14:45');
INSERT INTO `activity_log` (`id`, `log_name`, `description`, `subject_type`, `subject_id`, `event`, `causer_type`, `causer_id`, `properties`, `batch_uuid`, `created_at`, `updated_at`) VALUES ('183', 'lunar', 'deleted', 'cart', '25', 'deleted', 'App\Models\User', '4', '{"old":{"id":25,"user_id":null,"merged_id":null,"currency_id":1,"channel_id":1,"order_id":null,"coupon_code":null,"completed_at":null,"meta":{"token":"f1d1701b-9634-481d-b470-f1e9da0facf0"},"created_at":"2026-02-09T15:37:25.000000Z","customer_id":null,"deleted_at":"2026-02-09T16:14:45.000000Z"}}', NULL, '2026-02-09 16:14:45', '2026-02-09 16:14:45');
INSERT INTO `activity_log` (`id`, `log_name`, `description`, `subject_type`, `subject_id`, `event`, `causer_type`, `causer_id`, `properties`, `batch_uuid`, `created_at`, `updated_at`) VALUES ('184', 'lunar', 'created', 'cart', '26', 'created', NULL, NULL, '{"attributes":{"id":26,"user_id":null,"merged_id":null,"currency_id":1,"channel_id":1,"order_id":null,"coupon_code":null,"completed_at":null,"meta":{"token":"a654fe64-7766-442d-8ae7-30a7be3cf1a9"},"created_at":"2026-02-10T18:37:32.000000Z","customer_id":null,"deleted_at":null}}', NULL, '2026-02-10 18:37:33', '2026-02-10 18:37:33');
INSERT INTO `activity_log` (`id`, `log_name`, `description`, `subject_type`, `subject_id`, `event`, `causer_type`, `causer_id`, `properties`, `batch_uuid`, `created_at`, `updated_at`) VALUES ('185', 'lunar', 'created', 'cart_line', '32', 'created', NULL, NULL, '{"attributes":{"id":32,"cart_id":26,"purchasable_type":"product_variant","purchasable_id":13,"quantity":1,"meta":[],"created_at":"2026-02-10T18:37:33.000000Z"}}', NULL, '2026-02-10 18:37:33', '2026-02-10 18:37:33');
INSERT INTO `activity_log` (`id`, `log_name`, `description`, `subject_type`, `subject_id`, `event`, `causer_type`, `causer_id`, `properties`, `batch_uuid`, `created_at`, `updated_at`) VALUES ('186', 'lunar', 'deleted', 'cart', '26', 'deleted', 'App\Models\User', '4', '{"old":{"id":26,"user_id":null,"merged_id":null,"currency_id":1,"channel_id":1,"order_id":null,"coupon_code":null,"completed_at":null,"meta":{"token":"a654fe64-7766-442d-8ae7-30a7be3cf1a9"},"created_at":"2026-02-10T18:37:32.000000Z","customer_id":null,"deleted_at":"2026-02-10T18:46:59.000000Z"}}', NULL, '2026-02-10 18:46:59', '2026-02-10 18:46:59');
INSERT INTO `activity_log` (`id`, `log_name`, `description`, `subject_type`, `subject_id`, `event`, `causer_type`, `causer_id`, `properties`, `batch_uuid`, `created_at`, `updated_at`) VALUES ('187', 'lunar', 'created', 'order', '2', 'created', 'App\Models\User', '4', '{"attributes":{"id":2,"user_id":4,"channel_id":1,"reference":"pi_3SzLx2Ct0kn5sooM1z0lzGPh","customer_reference":null,"sub_total":{"value":15999,"currency":{"id":1,"code":"EUR","name":"Euro","exchange_rate":1,"decimal_places":2,"enabled":true,"default":true,"created_at":"2026-02-04T16:50:32.000000Z","updated_at":"2026-02-04T16:50:32.000000Z","sync_prices":false},"unitQty":1},"discount_total":{"value":0,"currency":{"id":1,"code":"EUR","name":"Euro","exchange_rate":1,"decimal_places":2,"enabled":true,"default":true,"created_at":"2026-02-04T16:50:32.000000Z","updated_at":"2026-02-04T16:50:32.000000Z","sync_prices":false},"unitQty":1},"shipping_total":{"value":0,"currency":{"id":1,"code":"EUR","name":"Euro","exchange_rate":1,"decimal_places":2,"enabled":true,"default":true,"created_at":"2026-02-04T16:50:32.000000Z","updated_at":"2026-02-04T16:50:32.000000Z","sync_prices":false},"unitQty":1},"tax_breakdown":{"amounts":[]},"tax_total":{"value":0,"currency":{"id":1,"code":"EUR","name":"Euro","exchange_rate":1,"decimal_places":2,"enabled":true,"default":true,"created_at":"2026-02-04T16:50:32.000000Z","updated_at":"2026-02-04T16:50:32.000000Z","sync_prices":false},"unitQty":1},"total":{"value":15999,"currency":{"id":1,"code":"EUR","name":"Euro","exchange_rate":1,"decimal_places":2,"enabled":true,"default":true,"created_at":"2026-02-04T16:50:32.000000Z","updated_at":"2026-02-04T16:50:32.000000Z","sync_prices":false},"unitQty":1},"notes":null,"currency_code":"EUR","compare_currency_code":"EUR","exchange_rate":1,"placed_at":"2026-02-10T18:47:00.000000Z","meta":{"stripe_payment_intent_id":"pi_3SzLx2Ct0kn5sooM1z0lzGPh"},"created_at":"2026-02-10T18:47:00.000000Z","customer_id":null,"new_customer":false,"discount_breakdown":[],"shipping_breakdown":{"items":[]},"cart_id":null,"fingerprint":null}}', NULL, '2026-02-10 18:47:00', '2026-02-10 18:47:00');
INSERT INTO `activity_log` (`id`, `log_name`, `description`, `subject_type`, `subject_id`, `event`, `causer_type`, `causer_id`, `properties`, `batch_uuid`, `created_at`, `updated_at`) VALUES ('188', 'lunar', 'created', 'order_line', '3', 'created', 'App\Models\User', '4', '{"attributes":{"id":3,"order_id":2,"purchasable_type":"product_variant","purchasable_id":13,"type":"physical","description":"HOKA Clifton 9","option":null,"identifier":"line_17c52d86-6acd-44f7-8b54-a9375c458357","unit_price":{"value":15999,"currency":{"id":1,"code":"EUR","name":"Euro","exchange_rate":1,"decimal_places":2,"enabled":true,"default":true,"created_at":"2026-02-04T16:50:32.000000Z","updated_at":"2026-02-04T16:50:32.000000Z","sync_prices":false,"laravel_through_key":2},"unitQty":1},"unit_quantity":1,"quantity":1,"sub_total":{"value":15999,"currency":{"id":1,"code":"EUR","name":"Euro","exchange_rate":1,"decimal_places":2,"enabled":true,"default":true,"created_at":"2026-02-04T16:50:32.000000Z","updated_at":"2026-02-04T16:50:32.000000Z","sync_prices":false,"laravel_through_key":2},"unitQty":1},"discount_total":{"value":0,"currency":{"id":1,"code":"EUR","name":"Euro","exchange_rate":1,"decimal_places":2,"enabled":true,"default":true,"created_at":"2026-02-04T16:50:32.000000Z","updated_at":"2026-02-04T16:50:32.000000Z","sync_prices":false,"laravel_through_key":2},"unitQty":1},"tax_breakdown":{"amounts":[]},"tax_total":{"value":0,"currency":{"id":1,"code":"EUR","name":"Euro","exchange_rate":1,"decimal_places":2,"enabled":true,"default":true,"created_at":"2026-02-04T16:50:32.000000Z","updated_at":"2026-02-04T16:50:32.000000Z","sync_prices":false,"laravel_through_key":2},"unitQty":1},"total":{"value":15999,"currency":{"id":1,"code":"EUR","name":"Euro","exchange_rate":1,"decimal_places":2,"enabled":true,"default":true,"created_at":"2026-02-04T16:50:32.000000Z","updated_at":"2026-02-04T16:50:32.000000Z","sync_prices":false,"laravel_through_key":2},"unitQty":1},"notes":null,"meta":null,"created_at":"2026-02-10T18:47:00.000000Z"}}', NULL, '2026-02-10 18:47:00', '2026-02-10 18:47:00');
INSERT INTO `activity_log` (`id`, `log_name`, `description`, `subject_type`, `subject_id`, `event`, `causer_type`, `causer_id`, `properties`, `batch_uuid`, `created_at`, `updated_at`) VALUES ('189', 'lunar', 'created', 'cart', '27', 'created', 'App\Models\User', '4', '{"attributes":{"id":27,"user_id":null,"merged_id":null,"currency_id":1,"channel_id":1,"order_id":null,"coupon_code":null,"completed_at":null,"meta":{"token":"87f05ded-c476-470b-ad4c-2a7c4d76415b"},"created_at":"2026-02-10T18:51:15.000000Z","customer_id":null,"deleted_at":null}}', NULL, '2026-02-10 18:51:15', '2026-02-10 18:51:15');
INSERT INTO `activity_log` (`id`, `log_name`, `description`, `subject_type`, `subject_id`, `event`, `causer_type`, `causer_id`, `properties`, `batch_uuid`, `created_at`, `updated_at`) VALUES ('190', 'lunar', 'created', 'cart_line', '33', 'created', 'App\Models\User', '4', '{"attributes":{"id":33,"cart_id":27,"purchasable_type":"product_variant","purchasable_id":42,"quantity":1,"meta":[],"created_at":"2026-02-10T18:51:15.000000Z"}}', NULL, '2026-02-10 18:51:15', '2026-02-10 18:51:15');
INSERT INTO `activity_log` (`id`, `log_name`, `description`, `subject_type`, `subject_id`, `event`, `causer_type`, `causer_id`, `properties`, `batch_uuid`, `created_at`, `updated_at`) VALUES ('191', 'lunar', 'deleted', 'cart', '27', 'deleted', 'App\Models\User', '4', '{"old":{"id":27,"user_id":null,"merged_id":null,"currency_id":1,"channel_id":1,"order_id":null,"coupon_code":null,"completed_at":null,"meta":{"token":"87f05ded-c476-470b-ad4c-2a7c4d76415b"},"created_at":"2026-02-10T18:51:15.000000Z","customer_id":null,"deleted_at":"2026-02-10T18:52:16.000000Z"}}', NULL, '2026-02-10 18:52:16', '2026-02-10 18:52:16');
INSERT INTO `activity_log` (`id`, `log_name`, `description`, `subject_type`, `subject_id`, `event`, `causer_type`, `causer_id`, `properties`, `batch_uuid`, `created_at`, `updated_at`) VALUES ('192', 'lunar', 'created', 'cart', '28', 'created', 'App\Models\User', '4', '{"attributes":{"id":28,"user_id":null,"merged_id":null,"currency_id":1,"channel_id":1,"order_id":null,"coupon_code":null,"completed_at":null,"meta":{"token":"8550ac4b-cb6c-4336-8659-2930de7ebced"},"created_at":"2026-02-10T18:54:42.000000Z","customer_id":null,"deleted_at":null}}', NULL, '2026-02-10 18:54:42', '2026-02-10 18:54:42');
INSERT INTO `activity_log` (`id`, `log_name`, `description`, `subject_type`, `subject_id`, `event`, `causer_type`, `causer_id`, `properties`, `batch_uuid`, `created_at`, `updated_at`) VALUES ('193', 'lunar', 'created', 'cart_line', '34', 'created', 'App\Models\User', '4', '{"attributes":{"id":34,"cart_id":28,"purchasable_type":"product_variant","purchasable_id":9,"quantity":1,"meta":[],"created_at":"2026-02-10T18:54:42.000000Z"}}', NULL, '2026-02-10 18:54:42', '2026-02-10 18:54:42');
INSERT INTO `activity_log` (`id`, `log_name`, `description`, `subject_type`, `subject_id`, `event`, `causer_type`, `causer_id`, `properties`, `batch_uuid`, `created_at`, `updated_at`) VALUES ('194', 'lunar', 'deleted', 'cart', '28', 'deleted', 'App\Models\User', '4', '{"old":{"id":28,"user_id":null,"merged_id":null,"currency_id":1,"channel_id":1,"order_id":null,"coupon_code":null,"completed_at":null,"meta":{"token":"8550ac4b-cb6c-4336-8659-2930de7ebced"},"created_at":"2026-02-10T18:54:42.000000Z","customer_id":null,"deleted_at":"2026-02-10T18:55:38.000000Z"}}', NULL, '2026-02-10 18:55:38', '2026-02-10 18:55:38');
INSERT INTO `activity_log` (`id`, `log_name`, `description`, `subject_type`, `subject_id`, `event`, `causer_type`, `causer_id`, `properties`, `batch_uuid`, `created_at`, `updated_at`) VALUES ('195', 'lunar', 'created', 'cart', '29', 'created', 'App\Models\User', '4', '{"attributes":{"id":29,"user_id":null,"merged_id":null,"currency_id":1,"channel_id":1,"order_id":null,"coupon_code":null,"completed_at":null,"meta":{"token":"17c6853f-415a-4719-90e3-64feefa7ca5c"},"created_at":"2026-02-10T19:00:44.000000Z","customer_id":null,"deleted_at":null}}', NULL, '2026-02-10 19:00:44', '2026-02-10 19:00:44');
INSERT INTO `activity_log` (`id`, `log_name`, `description`, `subject_type`, `subject_id`, `event`, `causer_type`, `causer_id`, `properties`, `batch_uuid`, `created_at`, `updated_at`) VALUES ('196', 'lunar', 'created', 'cart_line', '35', 'created', 'App\Models\User', '4', '{"attributes":{"id":35,"cart_id":29,"purchasable_type":"product_variant","purchasable_id":3,"quantity":1,"meta":[],"created_at":"2026-02-10T19:00:44.000000Z"}}', NULL, '2026-02-10 19:00:44', '2026-02-10 19:00:44');
INSERT INTO `activity_log` (`id`, `log_name`, `description`, `subject_type`, `subject_id`, `event`, `causer_type`, `causer_id`, `properties`, `batch_uuid`, `created_at`, `updated_at`) VALUES ('197', 'lunar', 'created', 'order', '3', 'created', 'App\Models\User', '4', '{"attributes":{"id":3,"user_id":4,"channel_id":1,"reference":"pi_3SzMBECt0kn5sooM1UYgduKp","customer_reference":null,"sub_total":{"value":12999,"currency":{"id":1,"code":"EUR","name":"Euro","exchange_rate":1,"decimal_places":2,"enabled":true,"default":true,"created_at":"2026-02-04T16:50:32.000000Z","updated_at":"2026-02-04T16:50:32.000000Z","sync_prices":false},"unitQty":1},"discount_total":{"value":0,"currency":{"id":1,"code":"EUR","name":"Euro","exchange_rate":1,"decimal_places":2,"enabled":true,"default":true,"created_at":"2026-02-04T16:50:32.000000Z","updated_at":"2026-02-04T16:50:32.000000Z","sync_prices":false},"unitQty":1},"shipping_total":{"value":0,"currency":{"id":1,"code":"EUR","name":"Euro","exchange_rate":1,"decimal_places":2,"enabled":true,"default":true,"created_at":"2026-02-04T16:50:32.000000Z","updated_at":"2026-02-04T16:50:32.000000Z","sync_prices":false},"unitQty":1},"tax_breakdown":{"amounts":[]},"tax_total":{"value":0,"currency":{"id":1,"code":"EUR","name":"Euro","exchange_rate":1,"decimal_places":2,"enabled":true,"default":true,"created_at":"2026-02-04T16:50:32.000000Z","updated_at":"2026-02-04T16:50:32.000000Z","sync_prices":false},"unitQty":1},"total":{"value":12999,"currency":{"id":1,"code":"EUR","name":"Euro","exchange_rate":1,"decimal_places":2,"enabled":true,"default":true,"created_at":"2026-02-04T16:50:32.000000Z","updated_at":"2026-02-04T16:50:32.000000Z","sync_prices":false},"unitQty":1},"notes":null,"currency_code":"EUR","compare_currency_code":"EUR","exchange_rate":1,"placed_at":"2026-02-10T19:01:25.000000Z","meta":{"stripe_payment_intent_id":"pi_3SzMBECt0kn5sooM1UYgduKp"},"created_at":"2026-02-10T19:01:25.000000Z","customer_id":null,"new_customer":false,"discount_breakdown":[],"shipping_breakdown":{"items":[]},"cart_id":null,"fingerprint":null}}', NULL, '2026-02-10 19:01:25', '2026-02-10 19:01:25');
INSERT INTO `activity_log` (`id`, `log_name`, `description`, `subject_type`, `subject_id`, `event`, `causer_type`, `causer_id`, `properties`, `batch_uuid`, `created_at`, `updated_at`) VALUES ('198', 'lunar', 'created', 'order_line', '4', 'created', 'App\Models\User', '4', '{"attributes":{"id":4,"order_id":3,"purchasable_type":"product_variant","purchasable_id":1,"type":"physical","description":"Nike Air Zoom Pegasus 41","option":null,"identifier":"line_42d85b24-8cf2-423c-8dbb-a381ae7f0b3e","unit_price":{"value":12999,"currency":{"id":1,"code":"EUR","name":"Euro","exchange_rate":1,"decimal_places":2,"enabled":true,"default":true,"created_at":"2026-02-04T16:50:32.000000Z","updated_at":"2026-02-04T16:50:32.000000Z","sync_prices":false,"laravel_through_key":3},"unitQty":1},"unit_quantity":1,"quantity":1,"sub_total":{"value":12999,"currency":{"id":1,"code":"EUR","name":"Euro","exchange_rate":1,"decimal_places":2,"enabled":true,"default":true,"created_at":"2026-02-04T16:50:32.000000Z","updated_at":"2026-02-04T16:50:32.000000Z","sync_prices":false,"laravel_through_key":3},"unitQty":1},"discount_total":{"value":0,"currency":{"id":1,"code":"EUR","name":"Euro","exchange_rate":1,"decimal_places":2,"enabled":true,"default":true,"created_at":"2026-02-04T16:50:32.000000Z","updated_at":"2026-02-04T16:50:32.000000Z","sync_prices":false,"laravel_through_key":3},"unitQty":1},"tax_breakdown":{"amounts":[]},"tax_total":{"value":0,"currency":{"id":1,"code":"EUR","name":"Euro","exchange_rate":1,"decimal_places":2,"enabled":true,"default":true,"created_at":"2026-02-04T16:50:32.000000Z","updated_at":"2026-02-04T16:50:32.000000Z","sync_prices":false,"laravel_through_key":3},"unitQty":1},"total":{"value":12999,"currency":{"id":1,"code":"EUR","name":"Euro","exchange_rate":1,"decimal_places":2,"enabled":true,"default":true,"created_at":"2026-02-04T16:50:32.000000Z","updated_at":"2026-02-04T16:50:32.000000Z","sync_prices":false,"laravel_through_key":3},"unitQty":1},"notes":null,"meta":null,"created_at":"2026-02-10T19:01:25.000000Z"}}', NULL, '2026-02-10 19:01:25', '2026-02-10 19:01:25');
INSERT INTO `activity_log` (`id`, `log_name`, `description`, `subject_type`, `subject_id`, `event`, `causer_type`, `causer_id`, `properties`, `batch_uuid`, `created_at`, `updated_at`) VALUES ('199', 'lunar', 'deleted', 'cart', '29', 'deleted', 'App\Models\User', '4', '{"old":{"id":29,"user_id":null,"merged_id":null,"currency_id":1,"channel_id":1,"order_id":null,"coupon_code":null,"completed_at":null,"meta":{"token":"17c6853f-415a-4719-90e3-64feefa7ca5c"},"created_at":"2026-02-10T19:00:44.000000Z","customer_id":null,"deleted_at":"2026-02-10T19:01:25.000000Z"}}', NULL, '2026-02-10 19:01:25', '2026-02-10 19:01:25');
INSERT INTO `activity_log` (`id`, `log_name`, `description`, `subject_type`, `subject_id`, `event`, `causer_type`, `causer_id`, `properties`, `batch_uuid`, `created_at`, `updated_at`) VALUES ('200', 'lunar', 'created', 'cart', '30', 'created', 'App\Models\User', '4', '{"attributes":{"id":30,"user_id":null,"merged_id":null,"currency_id":1,"channel_id":1,"order_id":null,"coupon_code":null,"completed_at":null,"meta":{"token":"14c7aaf0-b031-4263-b111-9c83ca88e0b1"},"created_at":"2026-02-10T19:07:37.000000Z","customer_id":null,"deleted_at":null}}', NULL, '2026-02-10 19:07:37', '2026-02-10 19:07:37');
INSERT INTO `activity_log` (`id`, `log_name`, `description`, `subject_type`, `subject_id`, `event`, `causer_type`, `causer_id`, `properties`, `batch_uuid`, `created_at`, `updated_at`) VALUES ('201', 'lunar', 'created', 'cart_line', '36', 'created', 'App\Models\User', '4', '{"attributes":{"id":36,"cart_id":30,"purchasable_type":"product_variant","purchasable_id":51,"quantity":1,"meta":[],"created_at":"2026-02-10T19:07:37.000000Z"}}', NULL, '2026-02-10 19:07:37', '2026-02-10 19:07:37');
INSERT INTO `activity_log` (`id`, `log_name`, `description`, `subject_type`, `subject_id`, `event`, `causer_type`, `causer_id`, `properties`, `batch_uuid`, `created_at`, `updated_at`) VALUES ('202', 'lunar', 'created', 'order', '4', 'created', 'App\Models\User', '4', '{"attributes":{"id":4,"user_id":4,"channel_id":1,"reference":"pi_3SzMHqCt0kn5sooM1bjqKhO2","customer_reference":null,"sub_total":{"value":18999,"currency":{"id":1,"code":"EUR","name":"Euro","exchange_rate":1,"decimal_places":2,"enabled":true,"default":true,"created_at":"2026-02-04T16:50:32.000000Z","updated_at":"2026-02-04T16:50:32.000000Z","sync_prices":false},"unitQty":1},"discount_total":{"value":0,"currency":{"id":1,"code":"EUR","name":"Euro","exchange_rate":1,"decimal_places":2,"enabled":true,"default":true,"created_at":"2026-02-04T16:50:32.000000Z","updated_at":"2026-02-04T16:50:32.000000Z","sync_prices":false},"unitQty":1},"shipping_total":{"value":0,"currency":{"id":1,"code":"EUR","name":"Euro","exchange_rate":1,"decimal_places":2,"enabled":true,"default":true,"created_at":"2026-02-04T16:50:32.000000Z","updated_at":"2026-02-04T16:50:32.000000Z","sync_prices":false},"unitQty":1},"tax_breakdown":{"amounts":[]},"tax_total":{"value":0,"currency":{"id":1,"code":"EUR","name":"Euro","exchange_rate":1,"decimal_places":2,"enabled":true,"default":true,"created_at":"2026-02-04T16:50:32.000000Z","updated_at":"2026-02-04T16:50:32.000000Z","sync_prices":false},"unitQty":1},"total":{"value":18999,"currency":{"id":1,"code":"EUR","name":"Euro","exchange_rate":1,"decimal_places":2,"enabled":true,"default":true,"created_at":"2026-02-04T16:50:32.000000Z","updated_at":"2026-02-04T16:50:32.000000Z","sync_prices":false},"unitQty":1},"notes":null,"currency_code":"EUR","compare_currency_code":"EUR","exchange_rate":1,"placed_at":"2026-02-10T19:08:04.000000Z","meta":{"stripe_payment_intent_id":"pi_3SzMHqCt0kn5sooM1bjqKhO2"},"created_at":"2026-02-10T19:08:04.000000Z","customer_id":null,"new_customer":false,"discount_breakdown":[],"shipping_breakdown":{"items":[]},"cart_id":null,"fingerprint":null}}', NULL, '2026-02-10 19:08:04', '2026-02-10 19:08:04');
INSERT INTO `activity_log` (`id`, `log_name`, `description`, `subject_type`, `subject_id`, `event`, `causer_type`, `causer_id`, `properties`, `batch_uuid`, `created_at`, `updated_at`) VALUES ('203', 'lunar', 'created', 'order_line', '5', 'created', 'App\Models\User', '4', '{"attributes":{"id":5,"order_id":4,"purchasable_type":"product_variant","purchasable_id":49,"type":"physical","description":"New Balance Fresh Foam X 1080v13","option":null,"identifier":"line_15013410-21b7-4d5d-862c-29c2b1fc5d3d","unit_price":{"value":18999,"currency":{"id":1,"code":"EUR","name":"Euro","exchange_rate":1,"decimal_places":2,"enabled":true,"default":true,"created_at":"2026-02-04T16:50:32.000000Z","updated_at":"2026-02-04T16:50:32.000000Z","sync_prices":false,"laravel_through_key":4},"unitQty":1},"unit_quantity":1,"quantity":1,"sub_total":{"value":18999,"currency":{"id":1,"code":"EUR","name":"Euro","exchange_rate":1,"decimal_places":2,"enabled":true,"default":true,"created_at":"2026-02-04T16:50:32.000000Z","updated_at":"2026-02-04T16:50:32.000000Z","sync_prices":false,"laravel_through_key":4},"unitQty":1},"discount_total":{"value":0,"currency":{"id":1,"code":"EUR","name":"Euro","exchange_rate":1,"decimal_places":2,"enabled":true,"default":true,"created_at":"2026-02-04T16:50:32.000000Z","updated_at":"2026-02-04T16:50:32.000000Z","sync_prices":false,"laravel_through_key":4},"unitQty":1},"tax_breakdown":{"amounts":[]},"tax_total":{"value":0,"currency":{"id":1,"code":"EUR","name":"Euro","exchange_rate":1,"decimal_places":2,"enabled":true,"default":true,"created_at":"2026-02-04T16:50:32.000000Z","updated_at":"2026-02-04T16:50:32.000000Z","sync_prices":false,"laravel_through_key":4},"unitQty":1},"total":{"value":18999,"currency":{"id":1,"code":"EUR","name":"Euro","exchange_rate":1,"decimal_places":2,"enabled":true,"default":true,"created_at":"2026-02-04T16:50:32.000000Z","updated_at":"2026-02-04T16:50:32.000000Z","sync_prices":false,"laravel_through_key":4},"unitQty":1},"notes":null,"meta":null,"created_at":"2026-02-10T19:08:04.000000Z"}}', NULL, '2026-02-10 19:08:04', '2026-02-10 19:08:04');
INSERT INTO `activity_log` (`id`, `log_name`, `description`, `subject_type`, `subject_id`, `event`, `causer_type`, `causer_id`, `properties`, `batch_uuid`, `created_at`, `updated_at`) VALUES ('204', 'lunar', 'deleted', 'cart', '30', 'deleted', 'App\Models\User', '4', '{"old":{"id":30,"user_id":null,"merged_id":null,"currency_id":1,"channel_id":1,"order_id":null,"coupon_code":null,"completed_at":null,"meta":{"token":"14c7aaf0-b031-4263-b111-9c83ca88e0b1"},"created_at":"2026-02-10T19:07:37.000000Z","customer_id":null,"deleted_at":"2026-02-10T19:08:05.000000Z"}}', NULL, '2026-02-10 19:08:05', '2026-02-10 19:08:05');
INSERT INTO `activity_log` (`id`, `log_name`, `description`, `subject_type`, `subject_id`, `event`, `causer_type`, `causer_id`, `properties`, `batch_uuid`, `created_at`, `updated_at`) VALUES ('205', 'lunar', 'created', 'cart', '31', 'created', 'App\Models\User', '4', '{"attributes":{"id":31,"user_id":null,"merged_id":null,"currency_id":1,"channel_id":1,"order_id":null,"coupon_code":null,"completed_at":null,"meta":{"token":"c7ad1ec1-01d6-448e-bd72-ea01c819ec42"},"created_at":"2026-02-10T19:09:32.000000Z","customer_id":null,"deleted_at":null}}', NULL, '2026-02-10 19:09:32', '2026-02-10 19:09:32');
INSERT INTO `activity_log` (`id`, `log_name`, `description`, `subject_type`, `subject_id`, `event`, `causer_type`, `causer_id`, `properties`, `batch_uuid`, `created_at`, `updated_at`) VALUES ('206', 'lunar', 'created', 'cart_line', '37', 'created', 'App\Models\User', '4', '{"attributes":{"id":37,"cart_id":31,"purchasable_type":"product_variant","purchasable_id":57,"quantity":1,"meta":[],"created_at":"2026-02-10T19:09:32.000000Z"}}', NULL, '2026-02-10 19:09:32', '2026-02-10 19:09:32');
INSERT INTO `activity_log` (`id`, `log_name`, `description`, `subject_type`, `subject_id`, `event`, `causer_type`, `causer_id`, `properties`, `batch_uuid`, `created_at`, `updated_at`) VALUES ('207', 'lunar', 'created', 'order', '5', 'created', 'App\Models\User', '4', '{"attributes":{"id":5,"user_id":4,"channel_id":1,"reference":"pi_3SzMQPCt0kn5sooM0bbmGOWp","customer_reference":null,"sub_total":{"value":14999,"currency":{"id":1,"code":"EUR","name":"Euro","exchange_rate":1,"decimal_places":2,"enabled":true,"default":true,"created_at":"2026-02-04T16:50:32.000000Z","updated_at":"2026-02-04T16:50:32.000000Z","sync_prices":false},"unitQty":1},"discount_total":{"value":0,"currency":{"id":1,"code":"EUR","name":"Euro","exchange_rate":1,"decimal_places":2,"enabled":true,"default":true,"created_at":"2026-02-04T16:50:32.000000Z","updated_at":"2026-02-04T16:50:32.000000Z","sync_prices":false},"unitQty":1},"shipping_total":{"value":0,"currency":{"id":1,"code":"EUR","name":"Euro","exchange_rate":1,"decimal_places":2,"enabled":true,"default":true,"created_at":"2026-02-04T16:50:32.000000Z","updated_at":"2026-02-04T16:50:32.000000Z","sync_prices":false},"unitQty":1},"tax_breakdown":{"amounts":[]},"tax_total":{"value":0,"currency":{"id":1,"code":"EUR","name":"Euro","exchange_rate":1,"decimal_places":2,"enabled":true,"default":true,"created_at":"2026-02-04T16:50:32.000000Z","updated_at":"2026-02-04T16:50:32.000000Z","sync_prices":false},"unitQty":1},"total":{"value":14999,"currency":{"id":1,"code":"EUR","name":"Euro","exchange_rate":1,"decimal_places":2,"enabled":true,"default":true,"created_at":"2026-02-04T16:50:32.000000Z","updated_at":"2026-02-04T16:50:32.000000Z","sync_prices":false},"unitQty":1},"notes":null,"currency_code":"EUR","compare_currency_code":"EUR","exchange_rate":1,"placed_at":"2026-02-10T19:17:49.000000Z","meta":{"stripe_payment_intent_id":"pi_3SzMQPCt0kn5sooM0bbmGOWp"},"created_at":"2026-02-10T19:17:49.000000Z","customer_id":null,"new_customer":false,"discount_breakdown":[],"shipping_breakdown":{"items":[]},"cart_id":null,"fingerprint":null}}', NULL, '2026-02-10 19:17:49', '2026-02-10 19:17:49');
INSERT INTO `activity_log` (`id`, `log_name`, `description`, `subject_type`, `subject_id`, `event`, `causer_type`, `causer_id`, `properties`, `batch_uuid`, `created_at`, `updated_at`) VALUES ('208', 'lunar', 'created', 'order_line', '6', 'created', 'App\Models\User', '4', '{"attributes":{"id":6,"order_id":5,"purchasable_type":"product_variant","purchasable_id":55,"type":"physical","description":"Mizuno Wave Rider 27","option":null,"identifier":"line_02ae4f61-bab7-4958-95ab-6db46bfd7376","unit_price":{"value":14999,"currency":{"id":1,"code":"EUR","name":"Euro","exchange_rate":1,"decimal_places":2,"enabled":true,"default":true,"created_at":"2026-02-04T16:50:32.000000Z","updated_at":"2026-02-04T16:50:32.000000Z","sync_prices":false,"laravel_through_key":5},"unitQty":1},"unit_quantity":1,"quantity":1,"sub_total":{"value":14999,"currency":{"id":1,"code":"EUR","name":"Euro","exchange_rate":1,"decimal_places":2,"enabled":true,"default":true,"created_at":"2026-02-04T16:50:32.000000Z","updated_at":"2026-02-04T16:50:32.000000Z","sync_prices":false,"laravel_through_key":5},"unitQty":1},"discount_total":{"value":0,"currency":{"id":1,"code":"EUR","name":"Euro","exchange_rate":1,"decimal_places":2,"enabled":true,"default":true,"created_at":"2026-02-04T16:50:32.000000Z","updated_at":"2026-02-04T16:50:32.000000Z","sync_prices":false,"laravel_through_key":5},"unitQty":1},"tax_breakdown":{"amounts":[]},"tax_total":{"value":0,"currency":{"id":1,"code":"EUR","name":"Euro","exchange_rate":1,"decimal_places":2,"enabled":true,"default":true,"created_at":"2026-02-04T16:50:32.000000Z","updated_at":"2026-02-04T16:50:32.000000Z","sync_prices":false,"laravel_through_key":5},"unitQty":1},"total":{"value":14999,"currency":{"id":1,"code":"EUR","name":"Euro","exchange_rate":1,"decimal_places":2,"enabled":true,"default":true,"created_at":"2026-02-04T16:50:32.000000Z","updated_at":"2026-02-04T16:50:32.000000Z","sync_prices":false,"laravel_through_key":5},"unitQty":1},"notes":null,"meta":null,"created_at":"2026-02-10T19:17:49.000000Z"}}', NULL, '2026-02-10 19:17:49', '2026-02-10 19:17:49');
INSERT INTO `activity_log` (`id`, `log_name`, `description`, `subject_type`, `subject_id`, `event`, `causer_type`, `causer_id`, `properties`, `batch_uuid`, `created_at`, `updated_at`) VALUES ('209', 'lunar', 'deleted', 'cart', '31', 'deleted', 'App\Models\User', '4', '{"old":{"id":31,"user_id":null,"merged_id":null,"currency_id":1,"channel_id":1,"order_id":null,"coupon_code":null,"completed_at":null,"meta":{"token":"c7ad1ec1-01d6-448e-bd72-ea01c819ec42"},"created_at":"2026-02-10T19:09:32.000000Z","customer_id":null,"deleted_at":"2026-02-10T19:17:50.000000Z"}}', NULL, '2026-02-10 19:17:50', '2026-02-10 19:17:50');
INSERT INTO `activity_log` (`id`, `log_name`, `description`, `subject_type`, `subject_id`, `event`, `causer_type`, `causer_id`, `properties`, `batch_uuid`, `created_at`, `updated_at`) VALUES ('210', 'lunar', 'created', 'cart', '32', 'created', 'App\Models\User', '4', '{"attributes":{"id":32,"user_id":null,"merged_id":null,"currency_id":1,"channel_id":1,"order_id":null,"coupon_code":null,"completed_at":null,"meta":{"token":"6787b9d3-4478-4f75-acf4-1f9307b7b67f"},"created_at":"2026-02-10T19:24:23.000000Z","customer_id":null,"deleted_at":null}}', NULL, '2026-02-10 19:24:23', '2026-02-10 19:24:23');
INSERT INTO `activity_log` (`id`, `log_name`, `description`, `subject_type`, `subject_id`, `event`, `causer_type`, `causer_id`, `properties`, `batch_uuid`, `created_at`, `updated_at`) VALUES ('211', 'lunar', 'created', 'cart_line', '38', 'created', 'App\Models\User', '4', '{"attributes":{"id":38,"cart_id":32,"purchasable_type":"product_variant","purchasable_id":39,"quantity":1,"meta":[],"created_at":"2026-02-10T19:24:23.000000Z"}}', NULL, '2026-02-10 19:24:23', '2026-02-10 19:24:23');
INSERT INTO `activity_log` (`id`, `log_name`, `description`, `subject_type`, `subject_id`, `event`, `causer_type`, `causer_id`, `properties`, `batch_uuid`, `created_at`, `updated_at`) VALUES ('212', 'lunar', 'created', 'order', '6', 'created', 'App\Models\User', '4', '{"attributes":{"id":6,"user_id":4,"channel_id":1,"reference":"pi_3SzMY3Ct0kn5sooM02mI1b6y","customer_reference":null,"sub_total":{"value":15499,"currency":{"id":1,"code":"EUR","name":"Euro","exchange_rate":1,"decimal_places":2,"enabled":true,"default":true,"created_at":"2026-02-04T16:50:32.000000Z","updated_at":"2026-02-04T16:50:32.000000Z","sync_prices":false},"unitQty":1},"discount_total":{"value":0,"currency":{"id":1,"code":"EUR","name":"Euro","exchange_rate":1,"decimal_places":2,"enabled":true,"default":true,"created_at":"2026-02-04T16:50:32.000000Z","updated_at":"2026-02-04T16:50:32.000000Z","sync_prices":false},"unitQty":1},"shipping_total":{"value":0,"currency":{"id":1,"code":"EUR","name":"Euro","exchange_rate":1,"decimal_places":2,"enabled":true,"default":true,"created_at":"2026-02-04T16:50:32.000000Z","updated_at":"2026-02-04T16:50:32.000000Z","sync_prices":false},"unitQty":1},"tax_breakdown":{"amounts":[]},"tax_total":{"value":0,"currency":{"id":1,"code":"EUR","name":"Euro","exchange_rate":1,"decimal_places":2,"enabled":true,"default":true,"created_at":"2026-02-04T16:50:32.000000Z","updated_at":"2026-02-04T16:50:32.000000Z","sync_prices":false},"unitQty":1},"total":{"value":15499,"currency":{"id":1,"code":"EUR","name":"Euro","exchange_rate":1,"decimal_places":2,"enabled":true,"default":true,"created_at":"2026-02-04T16:50:32.000000Z","updated_at":"2026-02-04T16:50:32.000000Z","sync_prices":false},"unitQty":1},"notes":null,"currency_code":"EUR","compare_currency_code":"EUR","exchange_rate":1,"placed_at":"2026-02-10T19:24:45.000000Z","meta":{"stripe_payment_intent_id":"pi_3SzMY3Ct0kn5sooM02mI1b6y"},"created_at":"2026-02-10T19:24:45.000000Z","customer_id":null,"new_customer":false,"discount_breakdown":[],"shipping_breakdown":{"items":[]},"cart_id":null,"fingerprint":null}}', NULL, '2026-02-10 19:24:45', '2026-02-10 19:24:45');
INSERT INTO `activity_log` (`id`, `log_name`, `description`, `subject_type`, `subject_id`, `event`, `causer_type`, `causer_id`, `properties`, `batch_uuid`, `created_at`, `updated_at`) VALUES ('213', 'lunar', 'created', 'order_line', '7', 'created', 'App\Models\User', '4', '{"attributes":{"id":7,"order_id":6,"purchasable_type":"product_variant","purchasable_id":37,"type":"physical","description":"La Sportiva Bushido II","option":null,"identifier":"line_f7c596e2-a9a3-4afe-94ec-e790c6921302","unit_price":{"value":15499,"currency":{"id":1,"code":"EUR","name":"Euro","exchange_rate":1,"decimal_places":2,"enabled":true,"default":true,"created_at":"2026-02-04T16:50:32.000000Z","updated_at":"2026-02-04T16:50:32.000000Z","sync_prices":false,"laravel_through_key":6},"unitQty":1},"unit_quantity":1,"quantity":1,"sub_total":{"value":15499,"currency":{"id":1,"code":"EUR","name":"Euro","exchange_rate":1,"decimal_places":2,"enabled":true,"default":true,"created_at":"2026-02-04T16:50:32.000000Z","updated_at":"2026-02-04T16:50:32.000000Z","sync_prices":false,"laravel_through_key":6},"unitQty":1},"discount_total":{"value":0,"currency":{"id":1,"code":"EUR","name":"Euro","exchange_rate":1,"decimal_places":2,"enabled":true,"default":true,"created_at":"2026-02-04T16:50:32.000000Z","updated_at":"2026-02-04T16:50:32.000000Z","sync_prices":false,"laravel_through_key":6},"unitQty":1},"tax_breakdown":{"amounts":[]},"tax_total":{"value":0,"currency":{"id":1,"code":"EUR","name":"Euro","exchange_rate":1,"decimal_places":2,"enabled":true,"default":true,"created_at":"2026-02-04T16:50:32.000000Z","updated_at":"2026-02-04T16:50:32.000000Z","sync_prices":false,"laravel_through_key":6},"unitQty":1},"total":{"value":15499,"currency":{"id":1,"code":"EUR","name":"Euro","exchange_rate":1,"decimal_places":2,"enabled":true,"default":true,"created_at":"2026-02-04T16:50:32.000000Z","updated_at":"2026-02-04T16:50:32.000000Z","sync_prices":false,"laravel_through_key":6},"unitQty":1},"notes":null,"meta":null,"created_at":"2026-02-10T19:24:45.000000Z"}}', NULL, '2026-02-10 19:24:45', '2026-02-10 19:24:45');
INSERT INTO `activity_log` (`id`, `log_name`, `description`, `subject_type`, `subject_id`, `event`, `causer_type`, `causer_id`, `properties`, `batch_uuid`, `created_at`, `updated_at`) VALUES ('214', 'lunar', 'deleted', 'cart', '32', 'deleted', 'App\Models\User', '4', '{"old":{"id":32,"user_id":null,"merged_id":null,"currency_id":1,"channel_id":1,"order_id":null,"coupon_code":null,"completed_at":null,"meta":{"token":"6787b9d3-4478-4f75-acf4-1f9307b7b67f"},"created_at":"2026-02-10T19:24:23.000000Z","customer_id":null,"deleted_at":"2026-02-10T19:24:46.000000Z"}}', NULL, '2026-02-10 19:24:46', '2026-02-10 19:24:46');
INSERT INTO `activity_log` (`id`, `log_name`, `description`, `subject_type`, `subject_id`, `event`, `causer_type`, `causer_id`, `properties`, `batch_uuid`, `created_at`, `updated_at`) VALUES ('215', 'lunar', 'created', 'cart', '33', 'created', 'App\Models\User', '5', '{"attributes":{"id":33,"user_id":null,"merged_id":null,"currency_id":1,"channel_id":1,"order_id":null,"coupon_code":null,"completed_at":null,"meta":{"token":"122ba524-d2d5-4ee8-ac04-9ec01a6b1c5a"},"created_at":"2026-02-10T19:35:25.000000Z","customer_id":null,"deleted_at":null}}', NULL, '2026-02-10 19:35:25', '2026-02-10 19:35:25');
INSERT INTO `activity_log` (`id`, `log_name`, `description`, `subject_type`, `subject_id`, `event`, `causer_type`, `causer_id`, `properties`, `batch_uuid`, `created_at`, `updated_at`) VALUES ('216', 'lunar', 'created', 'cart_line', '39', 'created', 'App\Models\User', '5', '{"attributes":{"id":39,"cart_id":33,"purchasable_type":"product_variant","purchasable_id":7,"quantity":1,"meta":[],"created_at":"2026-02-10T19:35:25.000000Z"}}', NULL, '2026-02-10 19:35:25', '2026-02-10 19:35:25');
INSERT INTO `activity_log` (`id`, `log_name`, `description`, `subject_type`, `subject_id`, `event`, `causer_type`, `causer_id`, `properties`, `batch_uuid`, `created_at`, `updated_at`) VALUES ('217', 'lunar', 'created', 'order', '7', 'created', 'App\Models\User', '5', '{"attributes":{"id":7,"user_id":5,"channel_id":1,"reference":"pi_3SzMinCt0kn5sooM1T3tjdbg","customer_reference":null,"sub_total":{"value":19999,"currency":{"id":1,"code":"EUR","name":"Euro","exchange_rate":1,"decimal_places":2,"enabled":true,"default":true,"created_at":"2026-02-04T16:50:32.000000Z","updated_at":"2026-02-04T16:50:32.000000Z","sync_prices":false},"unitQty":1},"discount_total":{"value":0,"currency":{"id":1,"code":"EUR","name":"Euro","exchange_rate":1,"decimal_places":2,"enabled":true,"default":true,"created_at":"2026-02-04T16:50:32.000000Z","updated_at":"2026-02-04T16:50:32.000000Z","sync_prices":false},"unitQty":1},"shipping_total":{"value":0,"currency":{"id":1,"code":"EUR","name":"Euro","exchange_rate":1,"decimal_places":2,"enabled":true,"default":true,"created_at":"2026-02-04T16:50:32.000000Z","updated_at":"2026-02-04T16:50:32.000000Z","sync_prices":false},"unitQty":1},"tax_breakdown":{"amounts":[]},"tax_total":{"value":0,"currency":{"id":1,"code":"EUR","name":"Euro","exchange_rate":1,"decimal_places":2,"enabled":true,"default":true,"created_at":"2026-02-04T16:50:32.000000Z","updated_at":"2026-02-04T16:50:32.000000Z","sync_prices":false},"unitQty":1},"total":{"value":19999,"currency":{"id":1,"code":"EUR","name":"Euro","exchange_rate":1,"decimal_places":2,"enabled":true,"default":true,"created_at":"2026-02-04T16:50:32.000000Z","updated_at":"2026-02-04T16:50:32.000000Z","sync_prices":false},"unitQty":1},"notes":null,"currency_code":"EUR","compare_currency_code":"EUR","exchange_rate":1,"placed_at":"2026-02-10T19:36:15.000000Z","meta":{"stripe_payment_intent_id":"pi_3SzMinCt0kn5sooM1T3tjdbg"},"created_at":"2026-02-10T19:36:15.000000Z","customer_id":null,"new_customer":false,"discount_breakdown":[],"shipping_breakdown":{"items":[]},"cart_id":null,"fingerprint":null}}', NULL, '2026-02-10 19:36:15', '2026-02-10 19:36:15');
INSERT INTO `activity_log` (`id`, `log_name`, `description`, `subject_type`, `subject_id`, `event`, `causer_type`, `causer_id`, `properties`, `batch_uuid`, `created_at`, `updated_at`) VALUES ('218', 'lunar', 'created', 'order_line', '8', 'created', 'App\Models\User', '5', '{"attributes":{"id":8,"order_id":7,"purchasable_type":"product_variant","purchasable_id":7,"type":"physical","description":"ASICS GEL-Kayano 31","option":null,"identifier":"line_8246ec68-060c-402a-8c0f-44ad77e30069","unit_price":{"value":19999,"currency":{"id":1,"code":"EUR","name":"Euro","exchange_rate":1,"decimal_places":2,"enabled":true,"default":true,"created_at":"2026-02-04T16:50:32.000000Z","updated_at":"2026-02-04T16:50:32.000000Z","sync_prices":false,"laravel_through_key":7},"unitQty":1},"unit_quantity":1,"quantity":1,"sub_total":{"value":19999,"currency":{"id":1,"code":"EUR","name":"Euro","exchange_rate":1,"decimal_places":2,"enabled":true,"default":true,"created_at":"2026-02-04T16:50:32.000000Z","updated_at":"2026-02-04T16:50:32.000000Z","sync_prices":false,"laravel_through_key":7},"unitQty":1},"discount_total":{"value":0,"currency":{"id":1,"code":"EUR","name":"Euro","exchange_rate":1,"decimal_places":2,"enabled":true,"default":true,"created_at":"2026-02-04T16:50:32.000000Z","updated_at":"2026-02-04T16:50:32.000000Z","sync_prices":false,"laravel_through_key":7},"unitQty":1},"tax_breakdown":{"amounts":[]},"tax_total":{"value":0,"currency":{"id":1,"code":"EUR","name":"Euro","exchange_rate":1,"decimal_places":2,"enabled":true,"default":true,"created_at":"2026-02-04T16:50:32.000000Z","updated_at":"2026-02-04T16:50:32.000000Z","sync_prices":false,"laravel_through_key":7},"unitQty":1},"total":{"value":19999,"currency":{"id":1,"code":"EUR","name":"Euro","exchange_rate":1,"decimal_places":2,"enabled":true,"default":true,"created_at":"2026-02-04T16:50:32.000000Z","updated_at":"2026-02-04T16:50:32.000000Z","sync_prices":false,"laravel_through_key":7},"unitQty":1},"notes":null,"meta":null,"created_at":"2026-02-10T19:36:15.000000Z"}}', NULL, '2026-02-10 19:36:15', '2026-02-10 19:36:15');
INSERT INTO `activity_log` (`id`, `log_name`, `description`, `subject_type`, `subject_id`, `event`, `causer_type`, `causer_id`, `properties`, `batch_uuid`, `created_at`, `updated_at`) VALUES ('219', 'lunar', 'deleted', 'cart', '33', 'deleted', 'App\Models\User', '5', '{"old":{"id":33,"user_id":null,"merged_id":null,"currency_id":1,"channel_id":1,"order_id":null,"coupon_code":null,"completed_at":null,"meta":{"token":"122ba524-d2d5-4ee8-ac04-9ec01a6b1c5a"},"created_at":"2026-02-10T19:35:25.000000Z","customer_id":null,"deleted_at":"2026-02-10T19:36:17.000000Z"}}', NULL, '2026-02-10 19:36:17', '2026-02-10 19:36:17');
INSERT INTO `activity_log` (`id`, `log_name`, `description`, `subject_type`, `subject_id`, `event`, `causer_type`, `causer_id`, `properties`, `batch_uuid`, `created_at`, `updated_at`) VALUES ('220', 'lunar', 'created', 'cart', '34', 'created', 'App\Models\User', '5', '{"attributes":{"id":34,"user_id":null,"merged_id":null,"currency_id":1,"channel_id":1,"order_id":null,"coupon_code":null,"completed_at":null,"meta":{"token":"4ada7da5-79e1-4c10-96f8-7c346ef5b9da"},"created_at":"2026-02-10T19:37:32.000000Z","customer_id":null,"deleted_at":null}}', NULL, '2026-02-10 19:37:32', '2026-02-10 19:37:32');
INSERT INTO `activity_log` (`id`, `log_name`, `description`, `subject_type`, `subject_id`, `event`, `causer_type`, `causer_id`, `properties`, `batch_uuid`, `created_at`, `updated_at`) VALUES ('221', 'lunar', 'created', 'cart_line', '40', 'created', 'App\Models\User', '5', '{"attributes":{"id":40,"cart_id":34,"purchasable_type":"product_variant","purchasable_id":33,"quantity":1,"meta":[],"created_at":"2026-02-10T19:37:32.000000Z"}}', NULL, '2026-02-10 19:37:32', '2026-02-10 19:37:32');
INSERT INTO `activity_log` (`id`, `log_name`, `description`, `subject_type`, `subject_id`, `event`, `causer_type`, `causer_id`, `properties`, `batch_uuid`, `created_at`, `updated_at`) VALUES ('222', 'lunar', 'created', 'order', '8', 'created', 'App\Models\User', '5', '{"attributes":{"id":8,"user_id":5,"channel_id":1,"reference":"pi_3SzMkiCt0kn5sooM1vkcEuAQ","customer_reference":null,"sub_total":{"value":13999,"currency":{"id":1,"code":"EUR","name":"Euro","exchange_rate":1,"decimal_places":2,"enabled":true,"default":true,"created_at":"2026-02-04T16:50:32.000000Z","updated_at":"2026-02-04T16:50:32.000000Z","sync_prices":false},"unitQty":1},"discount_total":{"value":0,"currency":{"id":1,"code":"EUR","name":"Euro","exchange_rate":1,"decimal_places":2,"enabled":true,"default":true,"created_at":"2026-02-04T16:50:32.000000Z","updated_at":"2026-02-04T16:50:32.000000Z","sync_prices":false},"unitQty":1},"shipping_total":{"value":0,"currency":{"id":1,"code":"EUR","name":"Euro","exchange_rate":1,"decimal_places":2,"enabled":true,"default":true,"created_at":"2026-02-04T16:50:32.000000Z","updated_at":"2026-02-04T16:50:32.000000Z","sync_prices":false},"unitQty":1},"tax_breakdown":{"amounts":[]},"tax_total":{"value":0,"currency":{"id":1,"code":"EUR","name":"Euro","exchange_rate":1,"decimal_places":2,"enabled":true,"default":true,"created_at":"2026-02-04T16:50:32.000000Z","updated_at":"2026-02-04T16:50:32.000000Z","sync_prices":false},"unitQty":1},"total":{"value":13999,"currency":{"id":1,"code":"EUR","name":"Euro","exchange_rate":1,"decimal_places":2,"enabled":true,"default":true,"created_at":"2026-02-04T16:50:32.000000Z","updated_at":"2026-02-04T16:50:32.000000Z","sync_prices":false},"unitQty":1},"notes":null,"currency_code":"EUR","compare_currency_code":"EUR","exchange_rate":1,"placed_at":"2026-02-10T19:38:19.000000Z","meta":{"stripe_payment_intent_id":"pi_3SzMkiCt0kn5sooM1vkcEuAQ"},"created_at":"2026-02-10T19:38:19.000000Z","customer_id":null,"new_customer":false,"discount_breakdown":[],"shipping_breakdown":{"items":[]},"cart_id":null,"fingerprint":null}}', NULL, '2026-02-10 19:38:19', '2026-02-10 19:38:19');
INSERT INTO `activity_log` (`id`, `log_name`, `description`, `subject_type`, `subject_id`, `event`, `causer_type`, `causer_id`, `properties`, `batch_uuid`, `created_at`, `updated_at`) VALUES ('223', 'lunar', 'created', 'order_line', '9', 'created', 'App\Models\User', '5', '{"attributes":{"id":9,"order_id":8,"purchasable_type":"product_variant","purchasable_id":31,"type":"physical","description":"Saucony Peregrine 14","option":null,"identifier":"line_1adf3c82-0d94-4a8c-a35f-6a1c334f0a7f","unit_price":{"value":13999,"currency":{"id":1,"code":"EUR","name":"Euro","exchange_rate":1,"decimal_places":2,"enabled":true,"default":true,"created_at":"2026-02-04T16:50:32.000000Z","updated_at":"2026-02-04T16:50:32.000000Z","sync_prices":false,"laravel_through_key":8},"unitQty":1},"unit_quantity":1,"quantity":1,"sub_total":{"value":13999,"currency":{"id":1,"code":"EUR","name":"Euro","exchange_rate":1,"decimal_places":2,"enabled":true,"default":true,"created_at":"2026-02-04T16:50:32.000000Z","updated_at":"2026-02-04T16:50:32.000000Z","sync_prices":false,"laravel_through_key":8},"unitQty":1},"discount_total":{"value":0,"currency":{"id":1,"code":"EUR","name":"Euro","exchange_rate":1,"decimal_places":2,"enabled":true,"default":true,"created_at":"2026-02-04T16:50:32.000000Z","updated_at":"2026-02-04T16:50:32.000000Z","sync_prices":false,"laravel_through_key":8},"unitQty":1},"tax_breakdown":{"amounts":[]},"tax_total":{"value":0,"currency":{"id":1,"code":"EUR","name":"Euro","exchange_rate":1,"decimal_places":2,"enabled":true,"default":true,"created_at":"2026-02-04T16:50:32.000000Z","updated_at":"2026-02-04T16:50:32.000000Z","sync_prices":false,"laravel_through_key":8},"unitQty":1},"total":{"value":13999,"currency":{"id":1,"code":"EUR","name":"Euro","exchange_rate":1,"decimal_places":2,"enabled":true,"default":true,"created_at":"2026-02-04T16:50:32.000000Z","updated_at":"2026-02-04T16:50:32.000000Z","sync_prices":false,"laravel_through_key":8},"unitQty":1},"notes":null,"meta":null,"created_at":"2026-02-10T19:38:19.000000Z"}}', NULL, '2026-02-10 19:38:19', '2026-02-10 19:38:19');
INSERT INTO `activity_log` (`id`, `log_name`, `description`, `subject_type`, `subject_id`, `event`, `causer_type`, `causer_id`, `properties`, `batch_uuid`, `created_at`, `updated_at`) VALUES ('224', 'lunar', 'deleted', 'cart', '34', 'deleted', 'App\Models\User', '5', '{"old":{"id":34,"user_id":null,"merged_id":null,"currency_id":1,"channel_id":1,"order_id":null,"coupon_code":null,"completed_at":null,"meta":{"token":"4ada7da5-79e1-4c10-96f8-7c346ef5b9da"},"created_at":"2026-02-10T19:37:32.000000Z","customer_id":null,"deleted_at":"2026-02-10T19:38:20.000000Z"}}', NULL, '2026-02-10 19:38:20', '2026-02-10 19:38:20');
INSERT INTO `activity_log` (`id`, `log_name`, `description`, `subject_type`, `subject_id`, `event`, `causer_type`, `causer_id`, `properties`, `batch_uuid`, `created_at`, `updated_at`) VALUES ('225', 'lunar', 'created', 'cart', '35', 'created', 'App\Models\User', '5', '{"attributes":{"id":35,"user_id":null,"merged_id":null,"currency_id":1,"channel_id":1,"order_id":null,"coupon_code":null,"completed_at":null,"meta":{"token":"c1843ccd-891a-403f-bb9a-d69734d60d9f"},"created_at":"2026-02-10T19:45:13.000000Z","customer_id":null,"deleted_at":null}}', NULL, '2026-02-10 19:45:13', '2026-02-10 19:45:13');
INSERT INTO `activity_log` (`id`, `log_name`, `description`, `subject_type`, `subject_id`, `event`, `causer_type`, `causer_id`, `properties`, `batch_uuid`, `created_at`, `updated_at`) VALUES ('226', 'lunar', 'created', 'cart_line', '41', 'created', 'App\Models\User', '5', '{"attributes":{"id":41,"cart_id":35,"purchasable_type":"product_variant","purchasable_id":15,"quantity":1,"meta":[],"created_at":"2026-02-10T19:45:13.000000Z"}}', NULL, '2026-02-10 19:45:13', '2026-02-10 19:45:13');
INSERT INTO `activity_log` (`id`, `log_name`, `description`, `subject_type`, `subject_id`, `event`, `causer_type`, `causer_id`, `properties`, `batch_uuid`, `created_at`, `updated_at`) VALUES ('227', 'lunar', 'created', 'cart', '36', 'created', 'App\Models\User', '3', '{"attributes":{"id":36,"user_id":null,"merged_id":null,"currency_id":1,"channel_id":1,"order_id":null,"coupon_code":null,"completed_at":null,"meta":{"token":"dedf3726-c826-4bf9-922f-9bafe62a6095"},"created_at":"2026-02-10T19:55:31.000000Z","customer_id":null,"deleted_at":null}}', NULL, '2026-02-10 19:55:31', '2026-02-10 19:55:31');
INSERT INTO `activity_log` (`id`, `log_name`, `description`, `subject_type`, `subject_id`, `event`, `causer_type`, `causer_id`, `properties`, `batch_uuid`, `created_at`, `updated_at`) VALUES ('228', 'lunar', 'created', 'cart_line', '42', 'created', 'App\Models\User', '3', '{"attributes":{"id":42,"cart_id":36,"purchasable_type":"product_variant","purchasable_id":1,"quantity":1,"meta":[],"created_at":"2026-02-10T19:55:31.000000Z"}}', NULL, '2026-02-10 19:55:31', '2026-02-10 19:55:31');
INSERT INTO `activity_log` (`id`, `log_name`, `description`, `subject_type`, `subject_id`, `event`, `causer_type`, `causer_id`, `properties`, `batch_uuid`, `created_at`, `updated_at`) VALUES ('229', 'lunar', 'created', 'cart_line', '43', 'created', 'App\Models\User', '3', '{"attributes":{"id":43,"cart_id":36,"purchasable_type":"product_variant","purchasable_id":7,"quantity":1,"meta":[],"created_at":"2026-02-10T19:55:37.000000Z"}}', NULL, '2026-02-10 19:55:37', '2026-02-10 19:55:37');
INSERT INTO `activity_log` (`id`, `log_name`, `description`, `subject_type`, `subject_id`, `event`, `causer_type`, `causer_id`, `properties`, `batch_uuid`, `created_at`, `updated_at`) VALUES ('230', 'lunar', 'created', 'order', '9', 'created', 'App\Models\User', '3', '{"attributes":{"id":9,"user_id":3,"channel_id":1,"reference":"pi_3SzN2CCt0kn5sooM0kHhhCht","customer_reference":null,"sub_total":{"value":32998,"currency":{"id":1,"code":"EUR","name":"Euro","exchange_rate":1,"decimal_places":2,"enabled":true,"default":true,"created_at":"2026-02-04T16:50:32.000000Z","updated_at":"2026-02-04T16:50:32.000000Z","sync_prices":false},"unitQty":1},"discount_total":{"value":0,"currency":{"id":1,"code":"EUR","name":"Euro","exchange_rate":1,"decimal_places":2,"enabled":true,"default":true,"created_at":"2026-02-04T16:50:32.000000Z","updated_at":"2026-02-04T16:50:32.000000Z","sync_prices":false},"unitQty":1},"shipping_total":{"value":0,"currency":{"id":1,"code":"EUR","name":"Euro","exchange_rate":1,"decimal_places":2,"enabled":true,"default":true,"created_at":"2026-02-04T16:50:32.000000Z","updated_at":"2026-02-04T16:50:32.000000Z","sync_prices":false},"unitQty":1},"tax_breakdown":{"amounts":[]},"tax_total":{"value":0,"currency":{"id":1,"code":"EUR","name":"Euro","exchange_rate":1,"decimal_places":2,"enabled":true,"default":true,"created_at":"2026-02-04T16:50:32.000000Z","updated_at":"2026-02-04T16:50:32.000000Z","sync_prices":false},"unitQty":1},"total":{"value":32998,"currency":{"id":1,"code":"EUR","name":"Euro","exchange_rate":1,"decimal_places":2,"enabled":true,"default":true,"created_at":"2026-02-04T16:50:32.000000Z","updated_at":"2026-02-04T16:50:32.000000Z","sync_prices":false},"unitQty":1},"notes":null,"currency_code":"EUR","compare_currency_code":"EUR","exchange_rate":1,"placed_at":"2026-02-10T19:56:23.000000Z","meta":{"stripe_payment_intent_id":"pi_3SzN2CCt0kn5sooM0kHhhCht"},"created_at":"2026-02-10T19:56:23.000000Z","customer_id":null,"new_customer":false,"discount_breakdown":[],"shipping_breakdown":{"items":[]},"cart_id":null,"fingerprint":null}}', NULL, '2026-02-10 19:56:23', '2026-02-10 19:56:23');
INSERT INTO `activity_log` (`id`, `log_name`, `description`, `subject_type`, `subject_id`, `event`, `causer_type`, `causer_id`, `properties`, `batch_uuid`, `created_at`, `updated_at`) VALUES ('231', 'lunar', 'created', 'order_line', '10', 'created', 'App\Models\User', '3', '{"attributes":{"id":10,"order_id":9,"purchasable_type":"product_variant","purchasable_id":1,"type":"physical","description":"Nike Air Zoom Pegasus 41","option":null,"identifier":"line_02e4b6d7-65b8-4c85-a3ea-e58d7a02d658","unit_price":{"value":12999,"currency":{"id":1,"code":"EUR","name":"Euro","exchange_rate":1,"decimal_places":2,"enabled":true,"default":true,"created_at":"2026-02-04T16:50:32.000000Z","updated_at":"2026-02-04T16:50:32.000000Z","sync_prices":false,"laravel_through_key":9},"unitQty":1},"unit_quantity":1,"quantity":1,"sub_total":{"value":12999,"currency":{"id":1,"code":"EUR","name":"Euro","exchange_rate":1,"decimal_places":2,"enabled":true,"default":true,"created_at":"2026-02-04T16:50:32.000000Z","updated_at":"2026-02-04T16:50:32.000000Z","sync_prices":false,"laravel_through_key":9},"unitQty":1},"discount_total":{"value":0,"currency":{"id":1,"code":"EUR","name":"Euro","exchange_rate":1,"decimal_places":2,"enabled":true,"default":true,"created_at":"2026-02-04T16:50:32.000000Z","updated_at":"2026-02-04T16:50:32.000000Z","sync_prices":false,"laravel_through_key":9},"unitQty":1},"tax_breakdown":{"amounts":[]},"tax_total":{"value":0,"currency":{"id":1,"code":"EUR","name":"Euro","exchange_rate":1,"decimal_places":2,"enabled":true,"default":true,"created_at":"2026-02-04T16:50:32.000000Z","updated_at":"2026-02-04T16:50:32.000000Z","sync_prices":false,"laravel_through_key":9},"unitQty":1},"total":{"value":12999,"currency":{"id":1,"code":"EUR","name":"Euro","exchange_rate":1,"decimal_places":2,"enabled":true,"default":true,"created_at":"2026-02-04T16:50:32.000000Z","updated_at":"2026-02-04T16:50:32.000000Z","sync_prices":false,"laravel_through_key":9},"unitQty":1},"notes":null,"meta":null,"created_at":"2026-02-10T19:56:23.000000Z"}}', NULL, '2026-02-10 19:56:23', '2026-02-10 19:56:23');
INSERT INTO `activity_log` (`id`, `log_name`, `description`, `subject_type`, `subject_id`, `event`, `causer_type`, `causer_id`, `properties`, `batch_uuid`, `created_at`, `updated_at`) VALUES ('232', 'lunar', 'created', 'order_line', '11', 'created', 'App\Models\User', '3', '{"attributes":{"id":11,"order_id":9,"purchasable_type":"product_variant","purchasable_id":7,"type":"physical","description":"ASICS GEL-Kayano 31","option":null,"identifier":"line_0a0018ee-1401-471b-8a3a-905c8681786e","unit_price":{"value":19999,"currency":{"id":1,"code":"EUR","name":"Euro","exchange_rate":1,"decimal_places":2,"enabled":true,"default":true,"created_at":"2026-02-04T16:50:32.000000Z","updated_at":"2026-02-04T16:50:32.000000Z","sync_prices":false,"laravel_through_key":9},"unitQty":1},"unit_quantity":1,"quantity":1,"sub_total":{"value":19999,"currency":{"id":1,"code":"EUR","name":"Euro","exchange_rate":1,"decimal_places":2,"enabled":true,"default":true,"created_at":"2026-02-04T16:50:32.000000Z","updated_at":"2026-02-04T16:50:32.000000Z","sync_prices":false,"laravel_through_key":9},"unitQty":1},"discount_total":{"value":0,"currency":{"id":1,"code":"EUR","name":"Euro","exchange_rate":1,"decimal_places":2,"enabled":true,"default":true,"created_at":"2026-02-04T16:50:32.000000Z","updated_at":"2026-02-04T16:50:32.000000Z","sync_prices":false,"laravel_through_key":9},"unitQty":1},"tax_breakdown":{"amounts":[]},"tax_total":{"value":0,"currency":{"id":1,"code":"EUR","name":"Euro","exchange_rate":1,"decimal_places":2,"enabled":true,"default":true,"created_at":"2026-02-04T16:50:32.000000Z","updated_at":"2026-02-04T16:50:32.000000Z","sync_prices":false,"laravel_through_key":9},"unitQty":1},"total":{"value":19999,"currency":{"id":1,"code":"EUR","name":"Euro","exchange_rate":1,"decimal_places":2,"enabled":true,"default":true,"created_at":"2026-02-04T16:50:32.000000Z","updated_at":"2026-02-04T16:50:32.000000Z","sync_prices":false,"laravel_through_key":9},"unitQty":1},"notes":null,"meta":null,"created_at":"2026-02-10T19:56:23.000000Z"}}', NULL, '2026-02-10 19:56:23', '2026-02-10 19:56:23');
INSERT INTO `activity_log` (`id`, `log_name`, `description`, `subject_type`, `subject_id`, `event`, `causer_type`, `causer_id`, `properties`, `batch_uuid`, `created_at`, `updated_at`) VALUES ('233', 'lunar', 'deleted', 'cart', '36', 'deleted', 'App\Models\User', '3', '{"old":{"id":36,"user_id":null,"merged_id":null,"currency_id":1,"channel_id":1,"order_id":null,"coupon_code":null,"completed_at":null,"meta":{"token":"dedf3726-c826-4bf9-922f-9bafe62a6095"},"created_at":"2026-02-10T19:55:31.000000Z","customer_id":null,"deleted_at":"2026-02-10T19:56:24.000000Z"}}', NULL, '2026-02-10 19:56:24', '2026-02-10 19:56:24');
INSERT INTO `activity_log` (`id`, `log_name`, `description`, `subject_type`, `subject_id`, `event`, `causer_type`, `causer_id`, `properties`, `batch_uuid`, `created_at`, `updated_at`) VALUES ('234', 'lunar', 'created', 'cart', '37', 'created', NULL, NULL, '{"attributes":{"id":37,"user_id":null,"merged_id":null,"currency_id":1,"channel_id":1,"order_id":null,"coupon_code":null,"completed_at":null,"meta":{"token":"1bbbbbdf-20ca-4603-a3a4-4fca2fe69a41"},"created_at":"2026-02-17T19:05:54.000000Z","customer_id":null,"deleted_at":null}}', NULL, '2026-02-17 19:05:54', '2026-02-17 19:05:54');
INSERT INTO `activity_log` (`id`, `log_name`, `description`, `subject_type`, `subject_id`, `event`, `causer_type`, `causer_id`, `properties`, `batch_uuid`, `created_at`, `updated_at`) VALUES ('235', 'lunar', 'created', 'cart_line', '44', 'created', NULL, NULL, '{"attributes":{"id":44,"cart_id":37,"purchasable_type":"product_variant","purchasable_id":1,"quantity":1,"meta":[],"created_at":"2026-02-17T19:05:54.000000Z"}}', NULL, '2026-02-17 19:05:54', '2026-02-17 19:05:54');
INSERT INTO `activity_log` (`id`, `log_name`, `description`, `subject_type`, `subject_id`, `event`, `causer_type`, `causer_id`, `properties`, `batch_uuid`, `created_at`, `updated_at`) VALUES ('236', 'lunar', 'deleted', 'cart', '37', 'deleted', 'App\Models\User', '3', '{"old":{"id":37,"user_id":null,"merged_id":null,"currency_id":1,"channel_id":1,"order_id":null,"coupon_code":null,"completed_at":null,"meta":{"token":"1bbbbbdf-20ca-4603-a3a4-4fca2fe69a41"},"created_at":"2026-02-17T19:05:54.000000Z","customer_id":null,"deleted_at":"2026-02-17T19:11:13.000000Z"}}', NULL, '2026-02-17 19:11:13', '2026-02-17 19:11:13');
INSERT INTO `activity_log` (`id`, `log_name`, `description`, `subject_type`, `subject_id`, `event`, `causer_type`, `causer_id`, `properties`, `batch_uuid`, `created_at`, `updated_at`) VALUES ('237', 'lunar', 'deleted', 'order', '9', 'deleted', NULL, NULL, '{"old":{"id":9,"user_id":3,"channel_id":1,"reference":"pi_3SzN2CCt0kn5sooM0kHhhCht","customer_reference":null,"sub_total":{"value":32998,"currency":{"id":1,"code":"EUR","name":"Euro","exchange_rate":1,"decimal_places":2,"enabled":true,"default":true,"created_at":"2026-02-04T16:50:32.000000Z","updated_at":"2026-02-04T16:50:32.000000Z","sync_prices":false},"unitQty":1},"discount_total":{"value":0,"currency":{"id":1,"code":"EUR","name":"Euro","exchange_rate":1,"decimal_places":2,"enabled":true,"default":true,"created_at":"2026-02-04T16:50:32.000000Z","updated_at":"2026-02-04T16:50:32.000000Z","sync_prices":false},"unitQty":1},"shipping_total":{"value":0,"currency":{"id":1,"code":"EUR","name":"Euro","exchange_rate":1,"decimal_places":2,"enabled":true,"default":true,"created_at":"2026-02-04T16:50:32.000000Z","updated_at":"2026-02-04T16:50:32.000000Z","sync_prices":false},"unitQty":1},"tax_breakdown":{"amounts":[]},"tax_total":{"value":0,"currency":{"id":1,"code":"EUR","name":"Euro","exchange_rate":1,"decimal_places":2,"enabled":true,"default":true,"created_at":"2026-02-04T16:50:32.000000Z","updated_at":"2026-02-04T16:50:32.000000Z","sync_prices":false},"unitQty":1},"total":{"value":32998,"currency":{"id":1,"code":"EUR","name":"Euro","exchange_rate":1,"decimal_places":2,"enabled":true,"default":true,"created_at":"2026-02-04T16:50:32.000000Z","updated_at":"2026-02-04T16:50:32.000000Z","sync_prices":false},"unitQty":1},"notes":null,"currency_code":"EUR","compare_currency_code":"EUR","exchange_rate":1,"placed_at":"2026-02-10T19:56:23.000000Z","meta":{"stripe_payment_intent_id":"pi_3SzN2CCt0kn5sooM0kHhhCht"},"created_at":"2026-02-10T19:56:23.000000Z","customer_id":null,"new_customer":false,"discount_breakdown":[],"shipping_breakdown":{"items":[]},"cart_id":null,"fingerprint":null}}', NULL, '2026-02-17 19:22:33', '2026-02-17 19:22:33');
INSERT INTO `activity_log` (`id`, `log_name`, `description`, `subject_type`, `subject_id`, `event`, `causer_type`, `causer_id`, `properties`, `batch_uuid`, `created_at`, `updated_at`) VALUES ('238', 'lunar', 'created', 'cart', '38', 'created', 'App\Models\User', '3', '{"attributes":{"id":38,"user_id":null,"merged_id":null,"currency_id":1,"channel_id":1,"order_id":null,"coupon_code":null,"completed_at":null,"meta":{"token":"1fda70d3-4960-4f1a-8ac7-328761b58122"},"created_at":"2026-02-17T19:23:11.000000Z","customer_id":null,"deleted_at":null}}', NULL, '2026-02-17 19:23:11', '2026-02-17 19:23:11');
INSERT INTO `activity_log` (`id`, `log_name`, `description`, `subject_type`, `subject_id`, `event`, `causer_type`, `causer_id`, `properties`, `batch_uuid`, `created_at`, `updated_at`) VALUES ('239', 'lunar', 'created', 'cart_line', '45', 'created', 'App\Models\User', '3', '{"attributes":{"id":45,"cart_id":38,"purchasable_type":"product_variant","purchasable_id":5,"quantity":1,"meta":[],"created_at":"2026-02-17T19:23:11.000000Z"}}', NULL, '2026-02-17 19:23:11', '2026-02-17 19:23:11');
INSERT INTO `activity_log` (`id`, `log_name`, `description`, `subject_type`, `subject_id`, `event`, `causer_type`, `causer_id`, `properties`, `batch_uuid`, `created_at`, `updated_at`) VALUES ('240', 'lunar', 'updated', 'cart_line', '45', 'updated', 'App\Models\User', '3', '{"attributes":{"quantity":2},"old":{"quantity":1}}', NULL, '2026-02-17 19:23:24', '2026-02-17 19:23:24');
INSERT INTO `activity_log` (`id`, `log_name`, `description`, `subject_type`, `subject_id`, `event`, `causer_type`, `causer_id`, `properties`, `batch_uuid`, `created_at`, `updated_at`) VALUES ('241', 'lunar', 'deleted', 'cart', '38', 'deleted', 'App\Models\User', '3', '{"old":{"id":38,"user_id":null,"merged_id":null,"currency_id":1,"channel_id":1,"order_id":null,"coupon_code":null,"completed_at":null,"meta":{"token":"1fda70d3-4960-4f1a-8ac7-328761b58122"},"created_at":"2026-02-17T19:23:11.000000Z","customer_id":null,"deleted_at":"2026-02-17T19:24:56.000000Z"}}', NULL, '2026-02-17 19:24:56', '2026-02-17 19:24:56');
INSERT INTO `activity_log` (`id`, `log_name`, `description`, `subject_type`, `subject_id`, `event`, `causer_type`, `causer_id`, `properties`, `batch_uuid`, `created_at`, `updated_at`) VALUES ('242', 'lunar', 'created', 'cart', '39', 'created', 'App\Models\User', '3', '{"attributes":{"id":39,"user_id":null,"merged_id":null,"currency_id":1,"channel_id":1,"order_id":null,"coupon_code":null,"completed_at":null,"meta":{"token":"7e1c5021-0492-4d05-8997-3684cffedfac"},"created_at":"2026-02-17T19:32:25.000000Z","customer_id":null,"deleted_at":null}}', NULL, '2026-02-17 19:32:25', '2026-02-17 19:32:25');
INSERT INTO `activity_log` (`id`, `log_name`, `description`, `subject_type`, `subject_id`, `event`, `causer_type`, `causer_id`, `properties`, `batch_uuid`, `created_at`, `updated_at`) VALUES ('243', 'lunar', 'created', 'cart_line', '46', 'created', 'App\Models\User', '3', '{"attributes":{"id":46,"cart_id":39,"purchasable_type":"product_variant","purchasable_id":1,"quantity":1,"meta":[],"created_at":"2026-02-17T19:32:25.000000Z"}}', NULL, '2026-02-17 19:32:25', '2026-02-17 19:32:25');
INSERT INTO `activity_log` (`id`, `log_name`, `description`, `subject_type`, `subject_id`, `event`, `causer_type`, `causer_id`, `properties`, `batch_uuid`, `created_at`, `updated_at`) VALUES ('244', 'lunar', 'deleted', 'cart', '39', 'deleted', 'App\Models\User', '3', '{"old":{"id":39,"user_id":null,"merged_id":null,"currency_id":1,"channel_id":1,"order_id":null,"coupon_code":null,"completed_at":null,"meta":{"token":"7e1c5021-0492-4d05-8997-3684cffedfac"},"created_at":"2026-02-17T19:32:25.000000Z","customer_id":null,"deleted_at":"2026-02-17T19:33:36.000000Z"}}', NULL, '2026-02-17 19:33:37', '2026-02-17 19:33:37');
INSERT INTO `activity_log` (`id`, `log_name`, `description`, `subject_type`, `subject_id`, `event`, `causer_type`, `causer_id`, `properties`, `batch_uuid`, `created_at`, `updated_at`) VALUES ('245', 'lunar', 'created', 'cart', '40', 'created', 'App\Models\User', '3', '{"attributes":{"id":40,"user_id":null,"merged_id":null,"currency_id":1,"channel_id":1,"order_id":null,"coupon_code":null,"completed_at":null,"meta":{"token":"b5b4acb9-11f2-4fab-8c63-e100f7cc8edb"},"created_at":"2026-02-17T19:54:43.000000Z","customer_id":null,"deleted_at":null}}', NULL, '2026-02-17 19:54:43', '2026-02-17 19:54:43');
INSERT INTO `activity_log` (`id`, `log_name`, `description`, `subject_type`, `subject_id`, `event`, `causer_type`, `causer_id`, `properties`, `batch_uuid`, `created_at`, `updated_at`) VALUES ('246', 'lunar', 'created', 'cart_line', '47', 'created', 'App\Models\User', '3', '{"attributes":{"id":47,"cart_id":40,"purchasable_type":"product_variant","purchasable_id":1,"quantity":1,"meta":[],"created_at":"2026-02-17T19:54:43.000000Z"}}', NULL, '2026-02-17 19:54:43', '2026-02-17 19:54:43');
INSERT INTO `activity_log` (`id`, `log_name`, `description`, `subject_type`, `subject_id`, `event`, `causer_type`, `causer_id`, `properties`, `batch_uuid`, `created_at`, `updated_at`) VALUES ('247', 'lunar', 'updated', 'product_variant', '1', 'updated', 'App\Models\User', '3', '{"attributes":{"stock":28},"old":{"stock":29}}', NULL, '2026-02-17 19:56:15', '2026-02-17 19:56:15');
INSERT INTO `activity_log` (`id`, `log_name`, `description`, `subject_type`, `subject_id`, `event`, `causer_type`, `causer_id`, `properties`, `batch_uuid`, `created_at`, `updated_at`) VALUES ('248', 'lunar', 'deleted', 'cart', '40', 'deleted', 'App\Models\User', '3', '{"old":{"id":40,"user_id":null,"merged_id":null,"currency_id":1,"channel_id":1,"order_id":null,"coupon_code":null,"completed_at":null,"meta":{"token":"b5b4acb9-11f2-4fab-8c63-e100f7cc8edb"},"created_at":"2026-02-17T19:54:43.000000Z","customer_id":null,"deleted_at":"2026-02-17T19:56:15.000000Z"}}', NULL, '2026-02-17 19:56:16', '2026-02-17 19:56:16');
INSERT INTO `activity_log` (`id`, `log_name`, `description`, `subject_type`, `subject_id`, `event`, `causer_type`, `causer_id`, `properties`, `batch_uuid`, `created_at`, `updated_at`) VALUES ('249', 'lunar', 'created', 'cart', '41', 'created', 'App\Models\User', '3', '{"attributes":{"id":41,"user_id":null,"merged_id":null,"currency_id":1,"channel_id":1,"order_id":null,"coupon_code":null,"completed_at":null,"meta":{"token":"a7f0702b-ca6b-45c3-953d-f6ac2872772d"},"created_at":"2026-02-17T20:15:56.000000Z","customer_id":null,"deleted_at":null}}', NULL, '2026-02-17 20:15:56', '2026-02-17 20:15:56');
INSERT INTO `activity_log` (`id`, `log_name`, `description`, `subject_type`, `subject_id`, `event`, `causer_type`, `causer_id`, `properties`, `batch_uuid`, `created_at`, `updated_at`) VALUES ('250', 'lunar', 'created', 'cart_line', '48', 'created', 'App\Models\User', '3', '{"attributes":{"id":48,"cart_id":41,"purchasable_type":"product_variant","purchasable_id":7,"quantity":1,"meta":[],"created_at":"2026-02-17T20:15:56.000000Z"}}', NULL, '2026-02-17 20:15:56', '2026-02-17 20:15:56');
INSERT INTO `activity_log` (`id`, `log_name`, `description`, `subject_type`, `subject_id`, `event`, `causer_type`, `causer_id`, `properties`, `batch_uuid`, `created_at`, `updated_at`) VALUES ('251', 'lunar', 'created', 'cart_line', '49', 'created', 'App\Models\User', '3', '{"attributes":{"id":49,"cart_id":41,"purchasable_type":"product_variant","purchasable_id":9,"quantity":1,"meta":[],"created_at":"2026-02-17T20:16:04.000000Z"}}', NULL, '2026-02-17 20:16:04', '2026-02-17 20:16:04');
INSERT INTO `activity_log` (`id`, `log_name`, `description`, `subject_type`, `subject_id`, `event`, `causer_type`, `causer_id`, `properties`, `batch_uuid`, `created_at`, `updated_at`) VALUES ('252', 'lunar', 'updated', 'product_variant', '7', 'updated', 'App\Models\User', '3', '{"attributes":{"stock":40},"old":{"stock":41}}', NULL, '2026-02-17 20:20:49', '2026-02-17 20:20:49');
INSERT INTO `activity_log` (`id`, `log_name`, `description`, `subject_type`, `subject_id`, `event`, `causer_type`, `causer_id`, `properties`, `batch_uuid`, `created_at`, `updated_at`) VALUES ('253', 'lunar', 'updated', 'product_variant', '7', 'updated', 'App\Models\User', '3', '{"attributes":{"stock":38},"old":{"stock":40}}', NULL, '2026-02-17 20:20:49', '2026-02-17 20:20:49');
INSERT INTO `activity_log` (`id`, `log_name`, `description`, `subject_type`, `subject_id`, `event`, `causer_type`, `causer_id`, `properties`, `batch_uuid`, `created_at`, `updated_at`) VALUES ('254', 'lunar', 'deleted', 'cart', '41', 'deleted', 'App\Models\User', '3', '{"old":{"id":41,"user_id":null,"merged_id":null,"currency_id":1,"channel_id":1,"order_id":null,"coupon_code":null,"completed_at":null,"meta":{"token":"a7f0702b-ca6b-45c3-953d-f6ac2872772d"},"created_at":"2026-02-17T20:15:56.000000Z","customer_id":null,"deleted_at":"2026-02-17T20:20:50.000000Z"}}', NULL, '2026-02-17 20:20:50', '2026-02-17 20:20:50');
INSERT INTO `activity_log` (`id`, `log_name`, `description`, `subject_type`, `subject_id`, `event`, `causer_type`, `causer_id`, `properties`, `batch_uuid`, `created_at`, `updated_at`) VALUES ('255', 'lunar', 'created', 'cart', '42', 'created', NULL, NULL, '{"attributes":{"id":42,"user_id":null,"merged_id":null,"currency_id":1,"channel_id":1,"order_id":null,"coupon_code":null,"completed_at":null,"meta":{"token":"ba20ba9b-18c3-467b-ad53-524e508a8fff"},"created_at":"2026-02-19T14:39:51.000000Z","customer_id":null,"deleted_at":null}}', NULL, '2026-02-19 14:39:52', '2026-02-19 14:39:52');
INSERT INTO `activity_log` (`id`, `log_name`, `description`, `subject_type`, `subject_id`, `event`, `causer_type`, `causer_id`, `properties`, `batch_uuid`, `created_at`, `updated_at`) VALUES ('256', 'lunar', 'created', 'cart_line', '50', 'created', NULL, NULL, '{"attributes":{"id":50,"cart_id":42,"purchasable_type":"product_variant","purchasable_id":7,"quantity":1,"meta":[],"created_at":"2026-02-19T14:39:52.000000Z"}}', NULL, '2026-02-19 14:39:52', '2026-02-19 14:39:52');
INSERT INTO `activity_log` (`id`, `log_name`, `description`, `subject_type`, `subject_id`, `event`, `causer_type`, `causer_id`, `properties`, `batch_uuid`, `created_at`, `updated_at`) VALUES ('257', 'lunar', 'deleted', 'cart_line', '50', 'deleted', NULL, NULL, '{"old":{"id":50,"cart_id":42,"purchasable_type":"product_variant","purchasable_id":7,"quantity":1,"meta":[],"created_at":"2026-02-19T14:39:52.000000Z"}}', NULL, '2026-02-19 14:54:18', '2026-02-19 14:54:18');
INSERT INTO `activity_log` (`id`, `log_name`, `description`, `subject_type`, `subject_id`, `event`, `causer_type`, `causer_id`, `properties`, `batch_uuid`, `created_at`, `updated_at`) VALUES ('258', 'lunar', 'created', 'cart_line', '51', 'created', NULL, NULL, '{"attributes":{"id":51,"cart_id":42,"purchasable_type":"product_variant","purchasable_id":1,"quantity":1,"meta":[],"created_at":"2026-02-19T14:54:27.000000Z"}}', NULL, '2026-02-19 14:54:27', '2026-02-19 14:54:27');
INSERT INTO `activity_log` (`id`, `log_name`, `description`, `subject_type`, `subject_id`, `event`, `causer_type`, `causer_id`, `properties`, `batch_uuid`, `created_at`, `updated_at`) VALUES ('259', 'lunar', 'deleted', 'cart_line', '51', 'deleted', NULL, NULL, '{"old":{"id":51,"cart_id":42,"purchasable_type":"product_variant","purchasable_id":1,"quantity":1,"meta":[],"created_at":"2026-02-19T14:54:27.000000Z"}}', NULL, '2026-02-19 14:54:43', '2026-02-19 14:54:43');
INSERT INTO `activity_log` (`id`, `log_name`, `description`, `subject_type`, `subject_id`, `event`, `causer_type`, `causer_id`, `properties`, `batch_uuid`, `created_at`, `updated_at`) VALUES ('260', 'lunar', 'created', 'cart_line', '52', 'created', NULL, NULL, '{"attributes":{"id":52,"cart_id":42,"purchasable_type":"product_variant","purchasable_id":1,"quantity":1,"meta":[],"created_at":"2026-02-19T14:54:49.000000Z"}}', NULL, '2026-02-19 14:54:49', '2026-02-19 14:54:49');
INSERT INTO `activity_log` (`id`, `log_name`, `description`, `subject_type`, `subject_id`, `event`, `causer_type`, `causer_id`, `properties`, `batch_uuid`, `created_at`, `updated_at`) VALUES ('261', 'lunar', 'created', 'cart', '43', 'created', NULL, NULL, '{"attributes":{"id":43,"user_id":null,"merged_id":null,"currency_id":1,"channel_id":1,"order_id":null,"coupon_code":null,"completed_at":null,"meta":{"token":"b27c6002-b610-4765-b92e-23c16a224c5f"},"created_at":"2026-02-23T14:12:01.000000Z","customer_id":null,"deleted_at":null}}', NULL, '2026-02-23 14:12:01', '2026-02-23 14:12:01');
INSERT INTO `activity_log` (`id`, `log_name`, `description`, `subject_type`, `subject_id`, `event`, `causer_type`, `causer_id`, `properties`, `batch_uuid`, `created_at`, `updated_at`) VALUES ('262', 'lunar', 'created', 'cart_line', '53', 'created', NULL, NULL, '{"attributes":{"id":53,"cart_id":43,"purchasable_type":"product_variant","purchasable_id":4,"quantity":1,"meta":[],"created_at":"2026-02-23T14:12:01.000000Z"}}', NULL, '2026-02-23 14:12:01', '2026-02-23 14:12:01');
INSERT INTO `activity_log` (`id`, `log_name`, `description`, `subject_type`, `subject_id`, `event`, `causer_type`, `causer_id`, `properties`, `batch_uuid`, `created_at`, `updated_at`) VALUES ('263', 'lunar', 'created', 'cart_line', '54', 'created', 'App\Models\User', '7', '{"attributes":{"id":54,"cart_id":43,"purchasable_type":"product_variant","purchasable_id":45,"quantity":1,"meta":[],"created_at":"2026-02-23T14:17:57.000000Z"}}', NULL, '2026-02-23 14:17:57', '2026-02-23 14:17:57');
INSERT INTO `activity_log` (`id`, `log_name`, `description`, `subject_type`, `subject_id`, `event`, `causer_type`, `causer_id`, `properties`, `batch_uuid`, `created_at`, `updated_at`) VALUES ('264', 'lunar', 'updated', 'product_variant', '1', 'updated', 'App\Models\User', '7', '{"attributes":{"stock":27},"old":{"stock":28}}', NULL, '2026-02-23 14:19:13', '2026-02-23 14:19:13');
INSERT INTO `activity_log` (`id`, `log_name`, `description`, `subject_type`, `subject_id`, `event`, `causer_type`, `causer_id`, `properties`, `batch_uuid`, `created_at`, `updated_at`) VALUES ('265', 'lunar', 'updated', 'product_variant', '43', 'updated', 'App\Models\User', '7', '{"attributes":{"stock":32},"old":{"stock":33}}', NULL, '2026-02-23 14:19:13', '2026-02-23 14:19:13');
INSERT INTO `activity_log` (`id`, `log_name`, `description`, `subject_type`, `subject_id`, `event`, `causer_type`, `causer_id`, `properties`, `batch_uuid`, `created_at`, `updated_at`) VALUES ('266', 'lunar', 'deleted', 'cart', '43', 'deleted', 'App\Models\User', '7', '{"old":{"id":43,"user_id":null,"merged_id":null,"currency_id":1,"channel_id":1,"order_id":null,"coupon_code":null,"completed_at":null,"meta":{"token":"b27c6002-b610-4765-b92e-23c16a224c5f"},"created_at":"2026-02-23T14:12:01.000000Z","customer_id":null,"deleted_at":"2026-02-23T14:19:14.000000Z"}}', NULL, '2026-02-23 14:19:14', '2026-02-23 14:19:14');
INSERT INTO `activity_log` (`id`, `log_name`, `description`, `subject_type`, `subject_id`, `event`, `causer_type`, `causer_id`, `properties`, `batch_uuid`, `created_at`, `updated_at`) VALUES ('267', 'lunar', 'updated', 'staff', '1', 'updated', 'App\Models\User', '1', '{"attributes":{"remember_token":"p0ZxmAXv0v0NvryI9sV6fMTnS9E1anuKuSPkjrp6zg41M9GNe8XRY81bqLsi"},"old":{"remember_token":null}}', NULL, '2026-02-23 14:23:32', '2026-02-23 14:23:32');
INSERT INTO `activity_log` (`id`, `log_name`, `description`, `subject_type`, `subject_id`, `event`, `causer_type`, `causer_id`, `properties`, `batch_uuid`, `created_at`, `updated_at`) VALUES ('268', 'lunar', 'created', 'cart', '44', 'created', 'App\Models\User', '7', '{"attributes":{"id":44,"user_id":null,"merged_id":null,"currency_id":1,"channel_id":1,"order_id":null,"coupon_code":null,"completed_at":null,"meta":{"token":"5c5e625b-090a-49e4-aa8b-51153ee30fe6"},"created_at":"2026-02-23T15:16:21.000000Z","customer_id":null,"deleted_at":null}}', NULL, '2026-02-23 15:16:21', '2026-02-23 15:16:21');
INSERT INTO `activity_log` (`id`, `log_name`, `description`, `subject_type`, `subject_id`, `event`, `causer_type`, `causer_id`, `properties`, `batch_uuid`, `created_at`, `updated_at`) VALUES ('269', 'lunar', 'created', 'cart_line', '55', 'created', 'App\Models\User', '7', '{"attributes":{"id":55,"cart_id":44,"purchasable_type":"product_variant","purchasable_id":49,"quantity":1,"meta":[],"created_at":"2026-02-23T15:16:21.000000Z"}}', NULL, '2026-02-23 15:16:21', '2026-02-23 15:16:21');
INSERT INTO `activity_log` (`id`, `log_name`, `description`, `subject_type`, `subject_id`, `event`, `causer_type`, `causer_id`, `properties`, `batch_uuid`, `created_at`, `updated_at`) VALUES ('270', 'lunar', 'deleted', 'cart_line', '55', 'deleted', 'App\Models\User', '7', '{"old":{"id":55,"cart_id":44,"purchasable_type":"product_variant","purchasable_id":49,"quantity":1,"meta":[],"created_at":"2026-02-23T15:16:21.000000Z"}}', NULL, '2026-02-23 15:17:00', '2026-02-23 15:17:00');
INSERT INTO `activity_log` (`id`, `log_name`, `description`, `subject_type`, `subject_id`, `event`, `causer_type`, `causer_id`, `properties`, `batch_uuid`, `created_at`, `updated_at`) VALUES ('271', 'lunar', 'created', 'cart_line', '56', 'created', 'App\Models\User', '7', '{"attributes":{"id":56,"cart_id":44,"purchasable_type":"product_variant","purchasable_id":57,"quantity":1,"meta":[],"created_at":"2026-02-23T15:17:06.000000Z"}}', NULL, '2026-02-23 15:17:06', '2026-02-23 15:17:06');
INSERT INTO `activity_log` (`id`, `log_name`, `description`, `subject_type`, `subject_id`, `event`, `causer_type`, `causer_id`, `properties`, `batch_uuid`, `created_at`, `updated_at`) VALUES ('272', 'lunar', 'deleted', 'cart_line', '56', 'deleted', NULL, NULL, '{"old":{"id":56,"cart_id":44,"purchasable_type":"product_variant","purchasable_id":57,"quantity":1,"meta":[],"created_at":"2026-02-23T15:17:06.000000Z"}}', NULL, '2026-02-24 19:49:53', '2026-02-24 19:49:53');
INSERT INTO `activity_log` (`id`, `log_name`, `description`, `subject_type`, `subject_id`, `event`, `causer_type`, `causer_id`, `properties`, `batch_uuid`, `created_at`, `updated_at`) VALUES ('273', 'lunar', 'created', 'cart_line', '57', 'created', NULL, NULL, '{"attributes":{"id":57,"cart_id":44,"purchasable_type":"product_variant","purchasable_id":55,"quantity":1,"meta":[],"created_at":"2026-02-24T19:50:05.000000Z"}}', NULL, '2026-02-24 19:50:05', '2026-02-24 19:50:05');
INSERT INTO `activity_log` (`id`, `log_name`, `description`, `subject_type`, `subject_id`, `event`, `causer_type`, `causer_id`, `properties`, `batch_uuid`, `created_at`, `updated_at`) VALUES ('274', 'lunar', 'updated', 'product_variant', '55', 'updated', 'App\Models\User', '7', '{"attributes":{"stock":19},"old":{"stock":20}}', NULL, '2026-02-24 20:01:30', '2026-02-24 20:01:30');
INSERT INTO `activity_log` (`id`, `log_name`, `description`, `subject_type`, `subject_id`, `event`, `causer_type`, `causer_id`, `properties`, `batch_uuid`, `created_at`, `updated_at`) VALUES ('275', 'lunar', 'deleted', 'cart', '44', 'deleted', 'App\Models\User', '7', '{"old":{"id":44,"user_id":null,"merged_id":null,"currency_id":1,"channel_id":1,"order_id":null,"coupon_code":null,"completed_at":null,"meta":{"token":"5c5e625b-090a-49e4-aa8b-51153ee30fe6"},"created_at":"2026-02-23T15:16:21.000000Z","customer_id":null,"deleted_at":"2026-02-24T20:01:30.000000Z"}}', NULL, '2026-02-24 20:01:30', '2026-02-24 20:01:30');
INSERT INTO `activity_log` (`id`, `log_name`, `description`, `subject_type`, `subject_id`, `event`, `causer_type`, `causer_id`, `properties`, `batch_uuid`, `created_at`, `updated_at`) VALUES ('276', 'lunar', 'created', 'cart', '45', 'created', 'App\Models\User', '7', '{"attributes":{"id":45,"user_id":null,"merged_id":null,"currency_id":1,"channel_id":1,"order_id":null,"coupon_code":null,"completed_at":null,"meta":{"token":"fa8b4a4e-cc51-4eeb-8c8c-dccbbbd4e3b7"},"created_at":"2026-02-24T20:08:59.000000Z","customer_id":null,"deleted_at":null}}', NULL, '2026-02-24 20:08:59', '2026-02-24 20:08:59');
INSERT INTO `activity_log` (`id`, `log_name`, `description`, `subject_type`, `subject_id`, `event`, `causer_type`, `causer_id`, `properties`, `batch_uuid`, `created_at`, `updated_at`) VALUES ('277', 'lunar', 'created', 'cart_line', '58', 'created', 'App\Models\User', '7', '{"attributes":{"id":58,"cart_id":45,"purchasable_type":"product_variant","purchasable_id":7,"quantity":1,"meta":[],"created_at":"2026-02-24T20:08:59.000000Z"}}', NULL, '2026-02-24 20:08:59', '2026-02-24 20:08:59');
INSERT INTO `activity_log` (`id`, `log_name`, `description`, `subject_type`, `subject_id`, `event`, `causer_type`, `causer_id`, `properties`, `batch_uuid`, `created_at`, `updated_at`) VALUES ('278', 'lunar', 'created', 'cart', '46', 'created', NULL, NULL, '{"attributes":{"id":46,"user_id":null,"merged_id":null,"currency_id":1,"channel_id":1,"order_id":null,"coupon_code":null,"completed_at":null,"meta":{"token":"b3433d85-bfbd-420d-b129-41fd95712a78"},"created_at":"2026-03-02T14:29:08.000000Z","customer_id":null,"deleted_at":null}}', NULL, '2026-03-02 14:29:08', '2026-03-02 14:29:08');
INSERT INTO `activity_log` (`id`, `log_name`, `description`, `subject_type`, `subject_id`, `event`, `causer_type`, `causer_id`, `properties`, `batch_uuid`, `created_at`, `updated_at`) VALUES ('279', 'lunar', 'created', 'cart_line', '59', 'created', NULL, NULL, '{"attributes":{"id":59,"cart_id":46,"purchasable_type":"product_variant","purchasable_id":55,"quantity":1,"meta":[],"created_at":"2026-03-02T14:29:08.000000Z"}}', NULL, '2026-03-02 14:29:08', '2026-03-02 14:29:08');
INSERT INTO `activity_log` (`id`, `log_name`, `description`, `subject_type`, `subject_id`, `event`, `causer_type`, `causer_id`, `properties`, `batch_uuid`, `created_at`, `updated_at`) VALUES ('280', 'lunar', 'created', 'cart', '47', 'created', NULL, NULL, '{"attributes":{"id":47,"user_id":null,"merged_id":null,"currency_id":1,"channel_id":1,"order_id":null,"coupon_code":null,"completed_at":null,"meta":{"token":"8288d193-48ae-442f-93e1-5883342a6cbe"},"created_at":"2026-03-02T16:00:16.000000Z","customer_id":null,"deleted_at":null}}', NULL, '2026-03-02 16:00:16', '2026-03-02 16:00:16');
INSERT INTO `activity_log` (`id`, `log_name`, `description`, `subject_type`, `subject_id`, `event`, `causer_type`, `causer_id`, `properties`, `batch_uuid`, `created_at`, `updated_at`) VALUES ('281', 'lunar', 'created', 'cart_line', '60', 'created', NULL, NULL, '{"attributes":{"id":60,"cart_id":47,"purchasable_type":"product_variant","purchasable_id":55,"quantity":1,"meta":[],"created_at":"2026-03-02T16:00:16.000000Z"}}', NULL, '2026-03-02 16:00:16', '2026-03-02 16:00:16');
INSERT INTO `activity_log` (`id`, `log_name`, `description`, `subject_type`, `subject_id`, `event`, `causer_type`, `causer_id`, `properties`, `batch_uuid`, `created_at`, `updated_at`) VALUES ('282', 'lunar', 'updated', 'cart_line', '60', 'updated', NULL, NULL, '{"attributes":{"quantity":2},"old":{"quantity":1}}', NULL, '2026-03-02 16:00:32', '2026-03-02 16:00:32');
INSERT INTO `activity_log` (`id`, `log_name`, `description`, `subject_type`, `subject_id`, `event`, `causer_type`, `causer_id`, `properties`, `batch_uuid`, `created_at`, `updated_at`) VALUES ('283', 'lunar', 'updated', 'cart_line', '60', 'updated', NULL, NULL, '{"attributes":{"quantity":3},"old":{"quantity":2}}', NULL, '2026-03-02 16:00:34', '2026-03-02 16:00:34');
INSERT INTO `activity_log` (`id`, `log_name`, `description`, `subject_type`, `subject_id`, `event`, `causer_type`, `causer_id`, `properties`, `batch_uuid`, `created_at`, `updated_at`) VALUES ('284', 'lunar', 'updated', 'cart_line', '60', 'updated', NULL, NULL, '{"attributes":{"quantity":4},"old":{"quantity":3}}', NULL, '2026-03-02 16:00:37', '2026-03-02 16:00:37');
INSERT INTO `activity_log` (`id`, `log_name`, `description`, `subject_type`, `subject_id`, `event`, `causer_type`, `causer_id`, `properties`, `batch_uuid`, `created_at`, `updated_at`) VALUES ('285', 'lunar', 'updated', 'cart_line', '60', 'updated', NULL, NULL, '{"attributes":{"quantity":5},"old":{"quantity":4}}', NULL, '2026-03-02 16:00:38', '2026-03-02 16:00:38');
INSERT INTO `activity_log` (`id`, `log_name`, `description`, `subject_type`, `subject_id`, `event`, `causer_type`, `causer_id`, `properties`, `batch_uuid`, `created_at`, `updated_at`) VALUES ('286', 'lunar', 'updated', 'cart_line', '60', 'updated', NULL, NULL, '{"attributes":{"quantity":6},"old":{"quantity":5}}', NULL, '2026-03-02 16:00:39', '2026-03-02 16:00:39');
INSERT INTO `activity_log` (`id`, `log_name`, `description`, `subject_type`, `subject_id`, `event`, `causer_type`, `causer_id`, `properties`, `batch_uuid`, `created_at`, `updated_at`) VALUES ('287', 'lunar', 'updated', 'cart_line', '60', 'updated', NULL, NULL, '{"attributes":{"quantity":7},"old":{"quantity":6}}', NULL, '2026-03-02 16:00:39', '2026-03-02 16:00:39');
INSERT INTO `activity_log` (`id`, `log_name`, `description`, `subject_type`, `subject_id`, `event`, `causer_type`, `causer_id`, `properties`, `batch_uuid`, `created_at`, `updated_at`) VALUES ('288', 'lunar', 'updated', 'cart_line', '60', 'updated', NULL, NULL, '{"attributes":{"quantity":8},"old":{"quantity":7}}', NULL, '2026-03-02 16:00:40', '2026-03-02 16:00:40');
INSERT INTO `activity_log` (`id`, `log_name`, `description`, `subject_type`, `subject_id`, `event`, `causer_type`, `causer_id`, `properties`, `batch_uuid`, `created_at`, `updated_at`) VALUES ('289', 'lunar', 'updated', 'cart_line', '60', 'updated', NULL, NULL, '{"attributes":{"quantity":9},"old":{"quantity":8}}', NULL, '2026-03-02 16:00:53', '2026-03-02 16:00:53');
INSERT INTO `activity_log` (`id`, `log_name`, `description`, `subject_type`, `subject_id`, `event`, `causer_type`, `causer_id`, `properties`, `batch_uuid`, `created_at`, `updated_at`) VALUES ('290', 'lunar', 'updated', 'cart_line', '60', 'updated', NULL, NULL, '{"attributes":{"quantity":10},"old":{"quantity":9}}', NULL, '2026-03-02 16:00:56', '2026-03-02 16:00:56');
INSERT INTO `activity_log` (`id`, `log_name`, `description`, `subject_type`, `subject_id`, `event`, `causer_type`, `causer_id`, `properties`, `batch_uuid`, `created_at`, `updated_at`) VALUES ('291', 'lunar', 'updated', 'cart_line', '60', 'updated', NULL, NULL, '{"attributes":{"quantity":11},"old":{"quantity":10}}', NULL, '2026-03-02 16:00:57', '2026-03-02 16:00:57');
INSERT INTO `activity_log` (`id`, `log_name`, `description`, `subject_type`, `subject_id`, `event`, `causer_type`, `causer_id`, `properties`, `batch_uuid`, `created_at`, `updated_at`) VALUES ('292', 'lunar', 'updated', 'cart_line', '60', 'updated', NULL, NULL, '{"attributes":{"quantity":12},"old":{"quantity":11}}', NULL, '2026-03-02 16:00:58', '2026-03-02 16:00:58');
INSERT INTO `activity_log` (`id`, `log_name`, `description`, `subject_type`, `subject_id`, `event`, `causer_type`, `causer_id`, `properties`, `batch_uuid`, `created_at`, `updated_at`) VALUES ('293', 'lunar', 'deleted', 'cart_line', '60', 'deleted', NULL, NULL, '{"old":{"id":60,"cart_id":47,"purchasable_type":"product_variant","purchasable_id":55,"quantity":12,"meta":[],"created_at":"2026-03-02T16:00:16.000000Z"}}', NULL, '2026-03-02 16:01:00', '2026-03-02 16:01:00');
INSERT INTO `activity_log` (`id`, `log_name`, `description`, `subject_type`, `subject_id`, `event`, `causer_type`, `causer_id`, `properties`, `batch_uuid`, `created_at`, `updated_at`) VALUES ('294', 'lunar', 'created', 'cart_line', '61', 'created', NULL, NULL, '{"attributes":{"id":61,"cart_id":45,"purchasable_type":"product_variant","purchasable_id":3,"quantity":1,"meta":[],"created_at":"2026-03-03T19:25:33.000000Z"}}', NULL, '2026-03-03 19:25:33', '2026-03-03 19:25:33');
INSERT INTO `activity_log` (`id`, `log_name`, `description`, `subject_type`, `subject_id`, `event`, `causer_type`, `causer_id`, `properties`, `batch_uuid`, `created_at`, `updated_at`) VALUES ('295', 'lunar', 'created', 'cart_line', '62', 'created', NULL, NULL, '{"attributes":{"id":62,"cart_id":45,"purchasable_type":"product_variant","purchasable_id":51,"quantity":1,"meta":[],"created_at":"2026-03-03T19:27:21.000000Z"}}', NULL, '2026-03-03 19:27:21', '2026-03-03 19:27:21');
INSERT INTO `activity_log` (`id`, `log_name`, `description`, `subject_type`, `subject_id`, `event`, `causer_type`, `causer_id`, `properties`, `batch_uuid`, `created_at`, `updated_at`) VALUES ('296', 'lunar', 'deleted', 'cart_line', '62', 'deleted', NULL, NULL, '{"old":{"id":62,"cart_id":45,"purchasable_type":"product_variant","purchasable_id":51,"quantity":1,"meta":[],"created_at":"2026-03-03T19:27:21.000000Z"}}', NULL, '2026-03-03 19:27:36', '2026-03-03 19:27:36');
INSERT INTO `activity_log` (`id`, `log_name`, `description`, `subject_type`, `subject_id`, `event`, `causer_type`, `causer_id`, `properties`, `batch_uuid`, `created_at`, `updated_at`) VALUES ('297', 'lunar', 'deleted', 'cart_line', '61', 'deleted', NULL, NULL, '{"old":{"id":61,"cart_id":45,"purchasable_type":"product_variant","purchasable_id":3,"quantity":2,"meta":[],"created_at":"2026-03-03T19:25:33.000000Z"}}', NULL, '2026-03-03 19:27:40', '2026-03-03 19:27:40');
INSERT INTO `activity_log` (`id`, `log_name`, `description`, `subject_type`, `subject_id`, `event`, `causer_type`, `causer_id`, `properties`, `batch_uuid`, `created_at`, `updated_at`) VALUES ('298', 'lunar', 'created', 'cart_line', '63', 'created', NULL, NULL, '{"attributes":{"id":63,"cart_id":47,"purchasable_type":"product_variant","purchasable_id":19,"quantity":1,"meta":[],"created_at":"2026-03-06T09:17:48.000000Z"}}', NULL, '2026-03-06 09:17:49', '2026-03-06 09:17:49');
INSERT INTO `activity_log` (`id`, `log_name`, `description`, `subject_type`, `subject_id`, `event`, `causer_type`, `causer_id`, `properties`, `batch_uuid`, `created_at`, `updated_at`) VALUES ('299', 'lunar', 'updated', 'product_variant', '19', 'updated', 'App\Models\User', '7', '{"attributes":{"stock":31},"old":{"stock":32}}', NULL, '2026-03-06 09:19:05', '2026-03-06 09:19:05');
INSERT INTO `activity_log` (`id`, `log_name`, `description`, `subject_type`, `subject_id`, `event`, `causer_type`, `causer_id`, `properties`, `batch_uuid`, `created_at`, `updated_at`) VALUES ('300', 'lunar', 'deleted', 'cart', '47', 'deleted', 'App\Models\User', '7', '{"old":{"id":47,"user_id":null,"merged_id":null,"currency_id":1,"channel_id":1,"order_id":null,"coupon_code":null,"completed_at":null,"meta":{"token":"8288d193-48ae-442f-93e1-5883342a6cbe"},"created_at":"2026-03-02T16:00:16.000000Z","customer_id":null,"deleted_at":"2026-03-06T09:19:06.000000Z"}}', NULL, '2026-03-06 09:19:06', '2026-03-06 09:19:06');
INSERT INTO `activity_log` (`id`, `log_name`, `description`, `subject_type`, `subject_id`, `event`, `causer_type`, `causer_id`, `properties`, `batch_uuid`, `created_at`, `updated_at`) VALUES ('301', 'lunar', 'created', 'cart', '48', 'created', 'App\Models\User', '7', '{"attributes":{"id":48,"user_id":null,"merged_id":null,"currency_id":1,"channel_id":1,"order_id":null,"coupon_code":null,"completed_at":null,"meta":{"token":"5e39e5ef-e925-41fe-beb0-260986f94816"},"created_at":"2026-03-09T15:12:27.000000Z","customer_id":null,"deleted_at":null}}', NULL, '2026-03-09 15:12:27', '2026-03-09 15:12:27');
INSERT INTO `activity_log` (`id`, `log_name`, `description`, `subject_type`, `subject_id`, `event`, `causer_type`, `causer_id`, `properties`, `batch_uuid`, `created_at`, `updated_at`) VALUES ('302', 'lunar', 'created', 'cart_line', '64', 'created', 'App\Models\User', '7', '{"attributes":{"id":64,"cart_id":48,"purchasable_type":"product_variant","purchasable_id":51,"quantity":1,"meta":[],"created_at":"2026-03-09T15:12:27.000000Z"}}', NULL, '2026-03-09 15:12:27', '2026-03-09 15:12:27');
INSERT INTO `activity_log` (`id`, `log_name`, `description`, `subject_type`, `subject_id`, `event`, `causer_type`, `causer_id`, `properties`, `batch_uuid`, `created_at`, `updated_at`) VALUES ('303', 'lunar', 'updated', 'product_variant', '49', 'updated', 'App\Models\User', '7', '{"attributes":{"stock":28},"old":{"stock":29}}', NULL, '2026-03-09 15:13:34', '2026-03-09 15:13:34');
INSERT INTO `activity_log` (`id`, `log_name`, `description`, `subject_type`, `subject_id`, `event`, `causer_type`, `causer_id`, `properties`, `batch_uuid`, `created_at`, `updated_at`) VALUES ('304', 'lunar', 'deleted', 'cart', '48', 'deleted', 'App\Models\User', '7', '{"old":{"id":48,"user_id":null,"merged_id":null,"currency_id":1,"channel_id":1,"order_id":null,"coupon_code":null,"completed_at":null,"meta":{"token":"5e39e5ef-e925-41fe-beb0-260986f94816"},"created_at":"2026-03-09T15:12:27.000000Z","customer_id":null,"deleted_at":"2026-03-09T15:13:35.000000Z"}}', NULL, '2026-03-09 15:13:35', '2026-03-09 15:13:35');

-- Table: cache
CREATE TABLE `cache` (`key` VARCHAR(255) not null, `value` text not null, `expiration` INT not null, primary key (`key`));

INSERT INTO `cache` (`key`, `value`, `expiration`) VALUES ('lunar_telemetry_last_attempt', 'O:25:"Illuminate\Support\Carbon":3:{s:4:"date";s:26:"2026-03-12 14:32:34.577429";s:13:"timezone_type";i:3;s:8:"timezone";s:3:"UTC";}', '1773412354');

-- Table: cache_locks
CREATE TABLE `cache_locks` (`key` VARCHAR(255) not null, `owner` VARCHAR(255) not null, `expiration` INT not null, primary key (`key`));

-- Table: failed_jobs
CREATE TABLE `failed_jobs` (`id` INT AUTO_INCREMENT PRIMARY KEY not null, `uuid` VARCHAR(255) not null, `connection` text not null, `queue` text not null, `payload` text not null, `exception` text not null, `failed_at` DATETIME not null default CURRENT_TIMESTAMP);

-- Table: job_batches
CREATE TABLE `job_batches` (`id` VARCHAR(255) not null, `name` VARCHAR(255) not null, `total_jobs` INT not null, `pending_jobs` INT not null, `failed_jobs` INT not null, `failed_job_ids` text not null, `options` text, `cancelled_at` INT, `created_at` INT not null, `finished_at` INT, primary key (`id`));

-- Table: jobs
CREATE TABLE `jobs` (`id` INT AUTO_INCREMENT PRIMARY KEY not null, `queue` VARCHAR(255) not null, `payload` text not null, `attempts` INT not null, `reserved_at` INT, `available_at` INT not null, `created_at` INT not null);

-- Table: lunar_addresses
CREATE TABLE `lunar_addresses` (`id` INT AUTO_INCREMENT PRIMARY KEY not null, `customer_id` INT, `country_id` INT, `title` VARCHAR(255), `first_name` VARCHAR(255) not null, `last_name` VARCHAR(255) not null, `company_name` VARCHAR(255), `line_one` VARCHAR(255) not null, `line_two` VARCHAR(255), `line_three` VARCHAR(255), `city` VARCHAR(255) not null, `state` VARCHAR(255), `postcode` VARCHAR(255), `delivery_instructions` VARCHAR(255), `contact_email` VARCHAR(255), `contact_phone` VARCHAR(255), `meta` text, `shipping_default` tinyint(1) not null default ('0'), `billing_default` tinyint(1) not null default ('0'), `created_at` DATETIME, `updated_at` DATETIME, `tax_identifier` VARCHAR(255), foreign key(`country_id`) references lunar_countries(`id`) on delete no action on update no action, foreign key(`customer_id`) references lunar_customers(`id`) on delete no action on update no action);

-- Table: lunar_assets
CREATE TABLE `lunar_assets` (`id` INT AUTO_INCREMENT PRIMARY KEY not null, `created_at` DATETIME, `updated_at` DATETIME);

-- Table: lunar_attributables
CREATE TABLE `lunar_attributables` (`id` INT AUTO_INCREMENT PRIMARY KEY not null, `attributable_type` VARCHAR(255) not null, `attributable_id` INT not null, `attribute_id` INT not null, `created_at` DATETIME, `updated_at` DATETIME, foreign key(`attribute_id`) references `lunar_attributes`(`id`));

-- Table: lunar_attribute_groups
CREATE TABLE `lunar_attribute_groups` (`id` INT AUTO_INCREMENT PRIMARY KEY not null, `attributable_type` VARCHAR(255) not null, `name` text not null, `handle` VARCHAR(255) not null, `position` INT not null, `created_at` DATETIME, `updated_at` DATETIME);

-- Table: lunar_attributes
CREATE TABLE `lunar_attributes` (`id` INT AUTO_INCREMENT PRIMARY KEY not null, `attribute_type` VARCHAR(255) not null, `attribute_group_id` INT not null, `position` INT not null, `name` text not null, `handle` VARCHAR(255) not null, `section` VARCHAR(255), `type` VARCHAR(255) not null, `required` tinyint(1) not null, `default_value` VARCHAR(255), `configuration` text not null, `system` tinyint(1) not null, `created_at` DATETIME, `updated_at` DATETIME, `searchable` tinyint(1) not null default ('1'), `filterable` tinyint(1) not null default ('0'), `validation_rules` VARCHAR(255), `description` text, foreign key(`attribute_group_id`) references lunar_attribute_groups(`id`) on delete no action on update no action);

-- Table: lunar_brand_collection
CREATE TABLE `lunar_brand_collection` (`id` INT AUTO_INCREMENT PRIMARY KEY not null, `brand_id` INT not null, `collection_id` INT not null, `created_at` DATETIME, `updated_at` DATETIME, foreign key(`brand_id`) references `lunar_brands`(`id`), foreign key(`collection_id`) references `lunar_collections`(`id`));

-- Table: lunar_brand_discount
CREATE TABLE `lunar_brand_discount` (`id` INT AUTO_INCREMENT PRIMARY KEY not null, `brand_id` INT not null, `discount_id` INT not null, `created_at` DATETIME, `updated_at` DATETIME, `type` VARCHAR(255) not null default 'limitation', foreign key(`brand_id`) references `lunar_brands`(`id`) on delete cascade, foreign key(`discount_id`) references `lunar_discounts`(`id`) on delete cascade);

-- Table: lunar_brands
CREATE TABLE `lunar_brands` (`id` INT AUTO_INCREMENT PRIMARY KEY not null, `name` VARCHAR(255) not null, `created_at` DATETIME, `updated_at` DATETIME, `attribute_data` text);

INSERT INTO `lunar_brands` (`id`, `name`, `created_at`, `updated_at`, `attribute_data`) VALUES ('1', 'Nike', '2026-02-04 16:50:32', '2026-02-04 16:50:32', NULL);
INSERT INTO `lunar_brands` (`id`, `name`, `created_at`, `updated_at`, `attribute_data`) VALUES ('2', 'ASICS', '2026-02-04 16:50:32', '2026-02-04 16:50:32', NULL);
INSERT INTO `lunar_brands` (`id`, `name`, `created_at`, `updated_at`, `attribute_data`) VALUES ('3', 'HOKA', '2026-02-04 16:50:32', '2026-02-04 16:50:32', NULL);
INSERT INTO `lunar_brands` (`id`, `name`, `created_at`, `updated_at`, `attribute_data`) VALUES ('4', 'Adidas', '2026-02-04 16:50:32', '2026-02-04 16:50:32', NULL);
INSERT INTO `lunar_brands` (`id`, `name`, `created_at`, `updated_at`, `attribute_data`) VALUES ('5', 'Salomon', '2026-02-04 16:50:32', '2026-02-04 16:50:32', NULL);
INSERT INTO `lunar_brands` (`id`, `name`, `created_at`, `updated_at`, `attribute_data`) VALUES ('6', 'Saucony', '2026-02-04 16:50:32', '2026-02-04 16:50:32', NULL);
INSERT INTO `lunar_brands` (`id`, `name`, `created_at`, `updated_at`, `attribute_data`) VALUES ('7', 'La Sportiva', '2026-02-04 16:50:32', '2026-02-04 16:50:32', NULL);
INSERT INTO `lunar_brands` (`id`, `name`, `created_at`, `updated_at`, `attribute_data`) VALUES ('8', 'Brooks', '2026-02-04 16:50:32', '2026-02-04 16:50:32', NULL);
INSERT INTO `lunar_brands` (`id`, `name`, `created_at`, `updated_at`, `attribute_data`) VALUES ('9', 'New Balance', '2026-02-04 16:50:33', '2026-02-04 16:50:33', NULL);
INSERT INTO `lunar_brands` (`id`, `name`, `created_at`, `updated_at`, `attribute_data`) VALUES ('10', 'Mizuno', '2026-02-04 16:50:33', '2026-02-04 16:50:33', NULL);

-- Table: lunar_cart_addresses
CREATE TABLE `lunar_cart_addresses` (`id` INT AUTO_INCREMENT PRIMARY KEY not null, `cart_id` INT not null, `country_id` INT, `title` VARCHAR(255), `first_name` VARCHAR(255), `last_name` VARCHAR(255), `company_name` VARCHAR(255), `line_one` VARCHAR(255), `line_two` VARCHAR(255), `line_three` VARCHAR(255), `city` VARCHAR(255), `state` VARCHAR(255), `postcode` VARCHAR(255), `delivery_instructions` VARCHAR(255), `contact_email` VARCHAR(255), `contact_phone` VARCHAR(255), `type` VARCHAR(255) not null default ('shipping'), `shipping_option` VARCHAR(255), `meta` text, `created_at` DATETIME, `updated_at` DATETIME, `tax_identifier` VARCHAR(255), foreign key(`country_id`) references lunar_countries(`id`) on delete no action on update no action, foreign key(`cart_id`) references lunar_carts(`id`) on delete no action on update no action);

-- Table: lunar_cart_line_discount
CREATE TABLE `lunar_cart_line_discount` (`id` INT AUTO_INCREMENT PRIMARY KEY not null, `cart_line_id` INT not null, `discount_id` INT not null, `created_at` DATETIME, `updated_at` DATETIME, foreign key(`cart_line_id`) references `lunar_carts`(`id`) on delete cascade, foreign key(`discount_id`) references `lunar_discounts`(`id`) on delete cascade);

-- Table: lunar_cart_lines
CREATE TABLE `lunar_cart_lines` (`id` INT AUTO_INCREMENT PRIMARY KEY not null, `cart_id` INT not null, `purchasable_type` VARCHAR(255) not null, `purchasable_id` INT not null, `quantity` INT not null, `meta` text, `created_at` DATETIME, `updated_at` DATETIME, foreign key(`cart_id`) references lunar_carts(`id`) on delete no action on update no action);

INSERT INTO `lunar_cart_lines` (`id`, `cart_id`, `purchasable_type`, `purchasable_id`, `quantity`, `meta`, `created_at`, `updated_at`) VALUES ('1', '1', 'product_variant', '1', '1', '[]', '2026-02-05 14:56:15', '2026-02-05 14:56:15');
INSERT INTO `lunar_cart_lines` (`id`, `cart_id`, `purchasable_type`, `purchasable_id`, `quantity`, `meta`, `created_at`, `updated_at`) VALUES ('2', '2', 'product_variant', '1', '1', '[]', '2026-02-05 15:01:19', '2026-02-05 15:01:19');
INSERT INTO `lunar_cart_lines` (`id`, `cart_id`, `purchasable_type`, `purchasable_id`, `quantity`, `meta`, `created_at`, `updated_at`) VALUES ('3', '3', 'product_variant', '1', '1', '[]', '2026-02-05 15:01:26', '2026-02-05 15:01:26');
INSERT INTO `lunar_cart_lines` (`id`, `cart_id`, `purchasable_type`, `purchasable_id`, `quantity`, `meta`, `created_at`, `updated_at`) VALUES ('4', '4', 'product_variant', '4', '1', '[]', '2026-02-05 15:01:46', '2026-02-05 15:01:46');
INSERT INTO `lunar_cart_lines` (`id`, `cart_id`, `purchasable_type`, `purchasable_id`, `quantity`, `meta`, `created_at`, `updated_at`) VALUES ('5', '5', 'product_variant', '7', '1', '[]', '2026-02-05 15:02:52', '2026-02-05 15:02:52');
INSERT INTO `lunar_cart_lines` (`id`, `cart_id`, `purchasable_type`, `purchasable_id`, `quantity`, `meta`, `created_at`, `updated_at`) VALUES ('6', '6', 'product_variant', '9', '1', '[]', '2026-02-05 15:03:00', '2026-02-05 15:03:00');
INSERT INTO `lunar_cart_lines` (`id`, `cart_id`, `purchasable_type`, `purchasable_id`, `quantity`, `meta`, `created_at`, `updated_at`) VALUES ('7', '7', 'product_variant', '11', '1', '[]', '2026-02-05 15:03:20', '2026-02-05 15:03:20');
INSERT INTO `lunar_cart_lines` (`id`, `cart_id`, `purchasable_type`, `purchasable_id`, `quantity`, `meta`, `created_at`, `updated_at`) VALUES ('8', '8', 'product_variant', '11', '1', '[]', '2026-02-05 15:03:27', '2026-02-05 15:03:27');
INSERT INTO `lunar_cart_lines` (`id`, `cart_id`, `purchasable_type`, `purchasable_id`, `quantity`, `meta`, `created_at`, `updated_at`) VALUES ('9', '9', 'product_variant', '1', '1', '[]', '2026-02-05 15:04:12', '2026-02-05 15:04:12');
INSERT INTO `lunar_cart_lines` (`id`, `cart_id`, `purchasable_type`, `purchasable_id`, `quantity`, `meta`, `created_at`, `updated_at`) VALUES ('10', '10', 'product_variant', '7', '1', '[]', '2026-02-05 15:05:08', '2026-02-05 15:05:08');
INSERT INTO `lunar_cart_lines` (`id`, `cart_id`, `purchasable_type`, `purchasable_id`, `quantity`, `meta`, `created_at`, `updated_at`) VALUES ('11', '11', 'product_variant', '1', '1', '[]', '2026-02-05 15:06:04', '2026-02-05 15:06:04');
INSERT INTO `lunar_cart_lines` (`id`, `cart_id`, `purchasable_type`, `purchasable_id`, `quantity`, `meta`, `created_at`, `updated_at`) VALUES ('12', '12', 'product_variant', '9', '1', '[]', '2026-02-05 15:11:09', '2026-02-05 15:11:09');
INSERT INTO `lunar_cart_lines` (`id`, `cart_id`, `purchasable_type`, `purchasable_id`, `quantity`, `meta`, `created_at`, `updated_at`) VALUES ('13', '13', 'product_variant', '1', '1', '[]', '2026-02-05 15:14:09', '2026-02-05 15:14:09');
INSERT INTO `lunar_cart_lines` (`id`, `cart_id`, `purchasable_type`, `purchasable_id`, `quantity`, `meta`, `created_at`, `updated_at`) VALUES ('14', '14', 'product_variant', '1', '1', '[]', '2026-02-05 15:14:21', '2026-02-05 15:14:21');
INSERT INTO `lunar_cart_lines` (`id`, `cart_id`, `purchasable_type`, `purchasable_id`, `quantity`, `meta`, `created_at`, `updated_at`) VALUES ('15', '15', 'product_variant', '1', '1', '[]', '2026-02-05 15:30:36', '2026-02-05 15:30:36');
INSERT INTO `lunar_cart_lines` (`id`, `cart_id`, `purchasable_type`, `purchasable_id`, `quantity`, `meta`, `created_at`, `updated_at`) VALUES ('16', '16', 'product_variant', '1', '1', '[]', '2026-02-05 15:31:10', '2026-02-05 15:31:10');
INSERT INTO `lunar_cart_lines` (`id`, `cart_id`, `purchasable_type`, `purchasable_id`, `quantity`, `meta`, `created_at`, `updated_at`) VALUES ('17', '17', 'product_variant', '1', '1', '[]', '2026-02-05 15:31:57', '2026-02-05 15:31:57');
INSERT INTO `lunar_cart_lines` (`id`, `cart_id`, `purchasable_type`, `purchasable_id`, `quantity`, `meta`, `created_at`, `updated_at`) VALUES ('18', '18', 'product_variant', '1', '1', '[]', '2026-02-05 15:32:14', '2026-02-05 15:32:14');
INSERT INTO `lunar_cart_lines` (`id`, `cart_id`, `purchasable_type`, `purchasable_id`, `quantity`, `meta`, `created_at`, `updated_at`) VALUES ('19', '19', 'product_variant', '1', '1', '[]', '2026-02-05 15:33:14', '2026-02-05 15:33:14');
INSERT INTO `lunar_cart_lines` (`id`, `cart_id`, `purchasable_type`, `purchasable_id`, `quantity`, `meta`, `created_at`, `updated_at`) VALUES ('20', '20', 'product_variant', '1', '1', '[]', '2026-02-05 15:38:26', '2026-02-05 15:38:26');
INSERT INTO `lunar_cart_lines` (`id`, `cart_id`, `purchasable_type`, `purchasable_id`, `quantity`, `meta`, `created_at`, `updated_at`) VALUES ('21', '21', 'product_variant', '1', '1', '[]', '2026-02-05 15:40:32', '2026-02-05 15:40:32');
INSERT INTO `lunar_cart_lines` (`id`, `cart_id`, `purchasable_type`, `purchasable_id`, `quantity`, `meta`, `created_at`, `updated_at`) VALUES ('26', '23', 'product_variant', '7', '1', '[]', '2026-02-09 14:10:16', '2026-02-09 14:10:16');
INSERT INTO `lunar_cart_lines` (`id`, `cart_id`, `purchasable_type`, `purchasable_id`, `quantity`, `meta`, `created_at`, `updated_at`) VALUES ('27', '24', 'product_variant', '9', '1', '[]', '2026-02-09 15:31:19', '2026-02-09 15:31:19');
INSERT INTO `lunar_cart_lines` (`id`, `cart_id`, `purchasable_type`, `purchasable_id`, `quantity`, `meta`, `created_at`, `updated_at`) VALUES ('30', '25', 'product_variant', '21', '1', '[]', '2026-02-09 15:58:39', '2026-02-09 15:58:39');
INSERT INTO `lunar_cart_lines` (`id`, `cart_id`, `purchasable_type`, `purchasable_id`, `quantity`, `meta`, `created_at`, `updated_at`) VALUES ('31', '25', 'product_variant', '3', '1', '[]', '2026-02-09 16:01:09', '2026-02-09 16:01:09');
INSERT INTO `lunar_cart_lines` (`id`, `cart_id`, `purchasable_type`, `purchasable_id`, `quantity`, `meta`, `created_at`, `updated_at`) VALUES ('32', '26', 'product_variant', '13', '1', '[]', '2026-02-10 18:37:33', '2026-02-10 18:37:33');
INSERT INTO `lunar_cart_lines` (`id`, `cart_id`, `purchasable_type`, `purchasable_id`, `quantity`, `meta`, `created_at`, `updated_at`) VALUES ('33', '27', 'product_variant', '42', '1', '[]', '2026-02-10 18:51:15', '2026-02-10 18:51:15');
INSERT INTO `lunar_cart_lines` (`id`, `cart_id`, `purchasable_type`, `purchasable_id`, `quantity`, `meta`, `created_at`, `updated_at`) VALUES ('34', '28', 'product_variant', '9', '1', '[]', '2026-02-10 18:54:42', '2026-02-10 18:54:42');
INSERT INTO `lunar_cart_lines` (`id`, `cart_id`, `purchasable_type`, `purchasable_id`, `quantity`, `meta`, `created_at`, `updated_at`) VALUES ('35', '29', 'product_variant', '3', '1', '[]', '2026-02-10 19:00:44', '2026-02-10 19:00:44');
INSERT INTO `lunar_cart_lines` (`id`, `cart_id`, `purchasable_type`, `purchasable_id`, `quantity`, `meta`, `created_at`, `updated_at`) VALUES ('36', '30', 'product_variant', '51', '1', '[]', '2026-02-10 19:07:37', '2026-02-10 19:07:37');
INSERT INTO `lunar_cart_lines` (`id`, `cart_id`, `purchasable_type`, `purchasable_id`, `quantity`, `meta`, `created_at`, `updated_at`) VALUES ('37', '31', 'product_variant', '57', '1', '[]', '2026-02-10 19:09:32', '2026-02-10 19:09:32');
INSERT INTO `lunar_cart_lines` (`id`, `cart_id`, `purchasable_type`, `purchasable_id`, `quantity`, `meta`, `created_at`, `updated_at`) VALUES ('38', '32', 'product_variant', '39', '1', '[]', '2026-02-10 19:24:23', '2026-02-10 19:24:23');
INSERT INTO `lunar_cart_lines` (`id`, `cart_id`, `purchasable_type`, `purchasable_id`, `quantity`, `meta`, `created_at`, `updated_at`) VALUES ('39', '33', 'product_variant', '7', '1', '[]', '2026-02-10 19:35:25', '2026-02-10 19:35:25');
INSERT INTO `lunar_cart_lines` (`id`, `cart_id`, `purchasable_type`, `purchasable_id`, `quantity`, `meta`, `created_at`, `updated_at`) VALUES ('40', '34', 'product_variant', '33', '1', '[]', '2026-02-10 19:37:32', '2026-02-10 19:37:32');
INSERT INTO `lunar_cart_lines` (`id`, `cart_id`, `purchasable_type`, `purchasable_id`, `quantity`, `meta`, `created_at`, `updated_at`) VALUES ('41', '35', 'product_variant', '15', '1', '[]', '2026-02-10 19:45:13', '2026-02-10 19:45:13');
INSERT INTO `lunar_cart_lines` (`id`, `cart_id`, `purchasable_type`, `purchasable_id`, `quantity`, `meta`, `created_at`, `updated_at`) VALUES ('42', '36', 'product_variant', '1', '1', '[]', '2026-02-10 19:55:31', '2026-02-10 19:55:31');
INSERT INTO `lunar_cart_lines` (`id`, `cart_id`, `purchasable_type`, `purchasable_id`, `quantity`, `meta`, `created_at`, `updated_at`) VALUES ('43', '36', 'product_variant', '7', '1', '[]', '2026-02-10 19:55:37', '2026-02-10 19:55:37');
INSERT INTO `lunar_cart_lines` (`id`, `cart_id`, `purchasable_type`, `purchasable_id`, `quantity`, `meta`, `created_at`, `updated_at`) VALUES ('44', '37', 'product_variant', '1', '1', '[]', '2026-02-17 19:05:54', '2026-02-17 19:05:54');
INSERT INTO `lunar_cart_lines` (`id`, `cart_id`, `purchasable_type`, `purchasable_id`, `quantity`, `meta`, `created_at`, `updated_at`) VALUES ('45', '38', 'product_variant', '5', '2', '[]', '2026-02-17 19:23:11', '2026-02-17 19:23:24');
INSERT INTO `lunar_cart_lines` (`id`, `cart_id`, `purchasable_type`, `purchasable_id`, `quantity`, `meta`, `created_at`, `updated_at`) VALUES ('46', '39', 'product_variant', '1', '1', '[]', '2026-02-17 19:32:25', '2026-02-17 19:32:25');
INSERT INTO `lunar_cart_lines` (`id`, `cart_id`, `purchasable_type`, `purchasable_id`, `quantity`, `meta`, `created_at`, `updated_at`) VALUES ('47', '40', 'product_variant', '1', '1', '[]', '2026-02-17 19:54:43', '2026-02-17 19:54:43');
INSERT INTO `lunar_cart_lines` (`id`, `cart_id`, `purchasable_type`, `purchasable_id`, `quantity`, `meta`, `created_at`, `updated_at`) VALUES ('48', '41', 'product_variant', '7', '1', '[]', '2026-02-17 20:15:56', '2026-02-17 20:15:56');
INSERT INTO `lunar_cart_lines` (`id`, `cart_id`, `purchasable_type`, `purchasable_id`, `quantity`, `meta`, `created_at`, `updated_at`) VALUES ('49', '41', 'product_variant', '9', '2', '[]', '2026-02-17 20:16:04', '2026-02-17 20:16:33');
INSERT INTO `lunar_cart_lines` (`id`, `cart_id`, `purchasable_type`, `purchasable_id`, `quantity`, `meta`, `created_at`, `updated_at`) VALUES ('52', '42', 'product_variant', '1', '1', '[]', '2026-02-19 14:54:49', '2026-02-19 14:54:49');
INSERT INTO `lunar_cart_lines` (`id`, `cart_id`, `purchasable_type`, `purchasable_id`, `quantity`, `meta`, `created_at`, `updated_at`) VALUES ('53', '43', 'product_variant', '4', '1', '[]', '2026-02-23 14:12:01', '2026-02-23 14:12:01');
INSERT INTO `lunar_cart_lines` (`id`, `cart_id`, `purchasable_type`, `purchasable_id`, `quantity`, `meta`, `created_at`, `updated_at`) VALUES ('54', '43', 'product_variant', '45', '1', '[]', '2026-02-23 14:17:57', '2026-02-23 14:17:57');
INSERT INTO `lunar_cart_lines` (`id`, `cart_id`, `purchasable_type`, `purchasable_id`, `quantity`, `meta`, `created_at`, `updated_at`) VALUES ('57', '44', 'product_variant', '55', '1', '[]', '2026-02-24 19:50:05', '2026-02-24 19:50:05');
INSERT INTO `lunar_cart_lines` (`id`, `cart_id`, `purchasable_type`, `purchasable_id`, `quantity`, `meta`, `created_at`, `updated_at`) VALUES ('58', '45', 'product_variant', '7', '1', '[]', '2026-02-24 20:08:59', '2026-02-24 20:08:59');
INSERT INTO `lunar_cart_lines` (`id`, `cart_id`, `purchasable_type`, `purchasable_id`, `quantity`, `meta`, `created_at`, `updated_at`) VALUES ('59', '46', 'product_variant', '55', '1', '[]', '2026-03-02 14:29:08', '2026-03-02 14:29:08');
INSERT INTO `lunar_cart_lines` (`id`, `cart_id`, `purchasable_type`, `purchasable_id`, `quantity`, `meta`, `created_at`, `updated_at`) VALUES ('63', '47', 'product_variant', '19', '1', '[]', '2026-03-06 09:17:48', '2026-03-06 09:17:48');
INSERT INTO `lunar_cart_lines` (`id`, `cart_id`, `purchasable_type`, `purchasable_id`, `quantity`, `meta`, `created_at`, `updated_at`) VALUES ('64', '48', 'product_variant', '51', '1', '[]', '2026-03-09 15:12:27', '2026-03-09 15:12:27');

-- Table: lunar_carts
CREATE TABLE `lunar_carts` (`id` INT AUTO_INCREMENT PRIMARY KEY not null, `user_id` INT, `merged_id` INT, `currency_id` INT not null, `channel_id` INT not null, `order_id` INT, `coupon_code` VARCHAR(255), `completed_at` DATETIME, `meta` text, `created_at` DATETIME, `updated_at` DATETIME, `customer_id` INT, `deleted_at` DATETIME, foreign key(`order_id`) references lunar_orders(`id`) on delete no action on update no action, foreign key(`channel_id`) references lunar_channels(`id`) on delete no action on update no action, foreign key(`currency_id`) references lunar_currencies(`id`) on delete no action on update no action, foreign key(`merged_id`) references lunar_carts(`id`) on delete no action on update no action, foreign key(`user_id`) references users(`id`) on delete no action on update no action, foreign key(`customer_id`) references `lunar_customers`(`id`));

INSERT INTO `lunar_carts` (`id`, `user_id`, `merged_id`, `currency_id`, `channel_id`, `order_id`, `coupon_code`, `completed_at`, `meta`, `created_at`, `updated_at`, `customer_id`, `deleted_at`) VALUES ('1', NULL, NULL, '1', '1', NULL, NULL, NULL, '{"token":"faf1c172-d6c4-4a43-b9b5-0faf87a5cd4e"}', '2026-02-05 14:56:14', '2026-02-05 14:56:14', NULL, NULL);
INSERT INTO `lunar_carts` (`id`, `user_id`, `merged_id`, `currency_id`, `channel_id`, `order_id`, `coupon_code`, `completed_at`, `meta`, `created_at`, `updated_at`, `customer_id`, `deleted_at`) VALUES ('2', NULL, NULL, '1', '1', NULL, NULL, NULL, '{"token":"5be031a3-e952-46dc-8f42-621c2f9e833e"}', '2026-02-05 15:01:19', '2026-02-05 15:01:19', NULL, NULL);
INSERT INTO `lunar_carts` (`id`, `user_id`, `merged_id`, `currency_id`, `channel_id`, `order_id`, `coupon_code`, `completed_at`, `meta`, `created_at`, `updated_at`, `customer_id`, `deleted_at`) VALUES ('3', NULL, NULL, '1', '1', NULL, NULL, NULL, '{"token":"824a5c26-9926-4c27-b690-5fd7d0f11060"}', '2026-02-05 15:01:26', '2026-02-05 15:01:26', NULL, NULL);
INSERT INTO `lunar_carts` (`id`, `user_id`, `merged_id`, `currency_id`, `channel_id`, `order_id`, `coupon_code`, `completed_at`, `meta`, `created_at`, `updated_at`, `customer_id`, `deleted_at`) VALUES ('4', NULL, NULL, '1', '1', NULL, NULL, NULL, '{"token":"125063d5-9d4f-423a-9387-175ba72e6009"}', '2026-02-05 15:01:46', '2026-02-05 15:01:46', NULL, NULL);
INSERT INTO `lunar_carts` (`id`, `user_id`, `merged_id`, `currency_id`, `channel_id`, `order_id`, `coupon_code`, `completed_at`, `meta`, `created_at`, `updated_at`, `customer_id`, `deleted_at`) VALUES ('5', NULL, NULL, '1', '1', NULL, NULL, NULL, '{"token":"02c0a150-49ad-42a9-946e-5321956fbe8f"}', '2026-02-05 15:02:52', '2026-02-05 15:02:52', NULL, NULL);
INSERT INTO `lunar_carts` (`id`, `user_id`, `merged_id`, `currency_id`, `channel_id`, `order_id`, `coupon_code`, `completed_at`, `meta`, `created_at`, `updated_at`, `customer_id`, `deleted_at`) VALUES ('6', NULL, NULL, '1', '1', NULL, NULL, NULL, '{"token":"754a7fb9-f300-48f5-a44f-7489e31cbc8c"}', '2026-02-05 15:03:00', '2026-02-05 15:03:00', NULL, NULL);
INSERT INTO `lunar_carts` (`id`, `user_id`, `merged_id`, `currency_id`, `channel_id`, `order_id`, `coupon_code`, `completed_at`, `meta`, `created_at`, `updated_at`, `customer_id`, `deleted_at`) VALUES ('7', NULL, NULL, '1', '1', NULL, NULL, NULL, '{"token":"0218a5ba-01d4-4345-862d-b9877563fd3e"}', '2026-02-05 15:03:20', '2026-02-05 15:03:20', NULL, NULL);
INSERT INTO `lunar_carts` (`id`, `user_id`, `merged_id`, `currency_id`, `channel_id`, `order_id`, `coupon_code`, `completed_at`, `meta`, `created_at`, `updated_at`, `customer_id`, `deleted_at`) VALUES ('8', NULL, NULL, '1', '1', NULL, NULL, NULL, '{"token":"fc1eb3ba-48c1-4c2f-86f1-78c69962fa97"}', '2026-02-05 15:03:27', '2026-02-05 15:03:27', NULL, NULL);
INSERT INTO `lunar_carts` (`id`, `user_id`, `merged_id`, `currency_id`, `channel_id`, `order_id`, `coupon_code`, `completed_at`, `meta`, `created_at`, `updated_at`, `customer_id`, `deleted_at`) VALUES ('9', NULL, NULL, '1', '1', NULL, NULL, NULL, '{"token":"372b3196-2e45-42a6-8951-aaf912a3b1cc"}', '2026-02-05 15:04:12', '2026-02-05 15:04:12', NULL, NULL);
INSERT INTO `lunar_carts` (`id`, `user_id`, `merged_id`, `currency_id`, `channel_id`, `order_id`, `coupon_code`, `completed_at`, `meta`, `created_at`, `updated_at`, `customer_id`, `deleted_at`) VALUES ('10', NULL, NULL, '1', '1', NULL, NULL, NULL, '{"token":"f6b563ee-88f0-4075-8910-8ab965d7bfb3"}', '2026-02-05 15:05:08', '2026-02-05 15:05:08', NULL, NULL);
INSERT INTO `lunar_carts` (`id`, `user_id`, `merged_id`, `currency_id`, `channel_id`, `order_id`, `coupon_code`, `completed_at`, `meta`, `created_at`, `updated_at`, `customer_id`, `deleted_at`) VALUES ('11', NULL, NULL, '1', '1', NULL, NULL, NULL, '{"token":"b96c7ed0-926d-4db6-8760-e25e57e1dfe6"}', '2026-02-05 15:05:42', '2026-02-05 15:05:42', NULL, NULL);
INSERT INTO `lunar_carts` (`id`, `user_id`, `merged_id`, `currency_id`, `channel_id`, `order_id`, `coupon_code`, `completed_at`, `meta`, `created_at`, `updated_at`, `customer_id`, `deleted_at`) VALUES ('12', NULL, NULL, '1', '1', NULL, NULL, NULL, '{"token":"57657fae-3747-4920-80f4-bc1681fbc996"}', '2026-02-05 15:11:09', '2026-02-05 15:11:09', NULL, NULL);
INSERT INTO `lunar_carts` (`id`, `user_id`, `merged_id`, `currency_id`, `channel_id`, `order_id`, `coupon_code`, `completed_at`, `meta`, `created_at`, `updated_at`, `customer_id`, `deleted_at`) VALUES ('13', NULL, NULL, '1', '1', NULL, NULL, NULL, '{"token":"22658581-4bfe-4d5a-ae3a-3324f1b69524"}', '2026-02-05 15:14:09', '2026-02-05 15:14:09', NULL, NULL);
INSERT INTO `lunar_carts` (`id`, `user_id`, `merged_id`, `currency_id`, `channel_id`, `order_id`, `coupon_code`, `completed_at`, `meta`, `created_at`, `updated_at`, `customer_id`, `deleted_at`) VALUES ('14', NULL, NULL, '1', '1', NULL, NULL, NULL, '{"token":"e1c87352-3aa6-4f92-9bc8-683b7f9353b3"}', '2026-02-05 15:14:21', '2026-02-05 15:14:21', NULL, NULL);
INSERT INTO `lunar_carts` (`id`, `user_id`, `merged_id`, `currency_id`, `channel_id`, `order_id`, `coupon_code`, `completed_at`, `meta`, `created_at`, `updated_at`, `customer_id`, `deleted_at`) VALUES ('15', NULL, NULL, '1', '1', NULL, NULL, NULL, '{"token":"818b1c35-4450-42fe-9445-300900b756ee"}', '2026-02-05 15:30:36', '2026-02-05 15:30:36', NULL, NULL);
INSERT INTO `lunar_carts` (`id`, `user_id`, `merged_id`, `currency_id`, `channel_id`, `order_id`, `coupon_code`, `completed_at`, `meta`, `created_at`, `updated_at`, `customer_id`, `deleted_at`) VALUES ('16', NULL, NULL, '1', '1', NULL, NULL, NULL, '{"token":"36414fd3-09c1-4f8d-8ba9-742d199eeb18"}', '2026-02-05 15:31:10', '2026-02-05 15:31:10', NULL, NULL);
INSERT INTO `lunar_carts` (`id`, `user_id`, `merged_id`, `currency_id`, `channel_id`, `order_id`, `coupon_code`, `completed_at`, `meta`, `created_at`, `updated_at`, `customer_id`, `deleted_at`) VALUES ('17', NULL, NULL, '1', '1', NULL, NULL, NULL, '{"token":"f65e4866-0f89-4e0a-aaa4-ca1637b2ba56"}', '2026-02-05 15:31:56', '2026-02-05 15:31:56', NULL, NULL);
INSERT INTO `lunar_carts` (`id`, `user_id`, `merged_id`, `currency_id`, `channel_id`, `order_id`, `coupon_code`, `completed_at`, `meta`, `created_at`, `updated_at`, `customer_id`, `deleted_at`) VALUES ('18', NULL, NULL, '1', '1', NULL, NULL, NULL, '{"token":"7ddefe81-18f9-4881-a0af-6a6c686d22c8"}', '2026-02-05 15:32:14', '2026-02-05 15:32:14', NULL, NULL);
INSERT INTO `lunar_carts` (`id`, `user_id`, `merged_id`, `currency_id`, `channel_id`, `order_id`, `coupon_code`, `completed_at`, `meta`, `created_at`, `updated_at`, `customer_id`, `deleted_at`) VALUES ('19', NULL, NULL, '1', '1', NULL, NULL, NULL, '{"token":"d04b9de9-572d-442e-8c06-318181a4c486"}', '2026-02-05 15:33:14', '2026-02-05 15:33:14', NULL, NULL);
INSERT INTO `lunar_carts` (`id`, `user_id`, `merged_id`, `currency_id`, `channel_id`, `order_id`, `coupon_code`, `completed_at`, `meta`, `created_at`, `updated_at`, `customer_id`, `deleted_at`) VALUES ('20', NULL, NULL, '1', '1', NULL, NULL, NULL, '{"token":"c1e13491-c744-4e7f-8e21-09cdccadc594"}', '2026-02-05 15:38:26', '2026-02-05 15:38:26', NULL, NULL);
INSERT INTO `lunar_carts` (`id`, `user_id`, `merged_id`, `currency_id`, `channel_id`, `order_id`, `coupon_code`, `completed_at`, `meta`, `created_at`, `updated_at`, `customer_id`, `deleted_at`) VALUES ('21', NULL, NULL, '1', '1', NULL, NULL, NULL, '{"token":"346e4419-70d7-4abc-aa67-88126951ae65"}', '2026-02-05 15:40:32', '2026-02-05 15:40:32', NULL, NULL);
INSERT INTO `lunar_carts` (`id`, `user_id`, `merged_id`, `currency_id`, `channel_id`, `order_id`, `coupon_code`, `completed_at`, `meta`, `created_at`, `updated_at`, `customer_id`, `deleted_at`) VALUES ('22', NULL, NULL, '1', '1', NULL, NULL, NULL, '{"token":"32911202-9d2e-4ce5-bb89-cc054cd7443e"}', '2026-02-05 15:41:23', '2026-02-05 15:41:23', NULL, NULL);
INSERT INTO `lunar_carts` (`id`, `user_id`, `merged_id`, `currency_id`, `channel_id`, `order_id`, `coupon_code`, `completed_at`, `meta`, `created_at`, `updated_at`, `customer_id`, `deleted_at`) VALUES ('23', NULL, NULL, '1', '1', NULL, NULL, NULL, '{"token":"54e376b4-4a68-468b-bbe1-6b393159ff70"}', '2026-02-09 14:10:15', '2026-02-09 15:10:18', NULL, '2026-02-09 15:10:18');
INSERT INTO `lunar_carts` (`id`, `user_id`, `merged_id`, `currency_id`, `channel_id`, `order_id`, `coupon_code`, `completed_at`, `meta`, `created_at`, `updated_at`, `customer_id`, `deleted_at`) VALUES ('24', NULL, NULL, '1', '1', NULL, NULL, NULL, '{"token":"591f8b1e-b421-40d1-bbd5-ca0a1cea4f35"}', '2026-02-09 15:31:19', '2026-02-09 15:31:47', NULL, '2026-02-09 15:31:47');
INSERT INTO `lunar_carts` (`id`, `user_id`, `merged_id`, `currency_id`, `channel_id`, `order_id`, `coupon_code`, `completed_at`, `meta`, `created_at`, `updated_at`, `customer_id`, `deleted_at`) VALUES ('25', NULL, NULL, '1', '1', NULL, NULL, NULL, '{"token":"f1d1701b-9634-481d-b470-f1e9da0facf0"}', '2026-02-09 15:37:25', '2026-02-09 16:14:45', NULL, '2026-02-09 16:14:45');
INSERT INTO `lunar_carts` (`id`, `user_id`, `merged_id`, `currency_id`, `channel_id`, `order_id`, `coupon_code`, `completed_at`, `meta`, `created_at`, `updated_at`, `customer_id`, `deleted_at`) VALUES ('26', NULL, NULL, '1', '1', NULL, NULL, NULL, '{"token":"a654fe64-7766-442d-8ae7-30a7be3cf1a9"}', '2026-02-10 18:37:32', '2026-02-10 18:46:59', NULL, '2026-02-10 18:46:59');
INSERT INTO `lunar_carts` (`id`, `user_id`, `merged_id`, `currency_id`, `channel_id`, `order_id`, `coupon_code`, `completed_at`, `meta`, `created_at`, `updated_at`, `customer_id`, `deleted_at`) VALUES ('27', NULL, NULL, '1', '1', NULL, NULL, NULL, '{"token":"87f05ded-c476-470b-ad4c-2a7c4d76415b"}', '2026-02-10 18:51:15', '2026-02-10 18:52:16', NULL, '2026-02-10 18:52:16');
INSERT INTO `lunar_carts` (`id`, `user_id`, `merged_id`, `currency_id`, `channel_id`, `order_id`, `coupon_code`, `completed_at`, `meta`, `created_at`, `updated_at`, `customer_id`, `deleted_at`) VALUES ('28', NULL, NULL, '1', '1', NULL, NULL, NULL, '{"token":"8550ac4b-cb6c-4336-8659-2930de7ebced"}', '2026-02-10 18:54:42', '2026-02-10 18:55:38', NULL, '2026-02-10 18:55:38');
INSERT INTO `lunar_carts` (`id`, `user_id`, `merged_id`, `currency_id`, `channel_id`, `order_id`, `coupon_code`, `completed_at`, `meta`, `created_at`, `updated_at`, `customer_id`, `deleted_at`) VALUES ('29', NULL, NULL, '1', '1', NULL, NULL, NULL, '{"token":"17c6853f-415a-4719-90e3-64feefa7ca5c"}', '2026-02-10 19:00:44', '2026-02-10 19:01:25', NULL, '2026-02-10 19:01:25');
INSERT INTO `lunar_carts` (`id`, `user_id`, `merged_id`, `currency_id`, `channel_id`, `order_id`, `coupon_code`, `completed_at`, `meta`, `created_at`, `updated_at`, `customer_id`, `deleted_at`) VALUES ('30', NULL, NULL, '1', '1', NULL, NULL, NULL, '{"token":"14c7aaf0-b031-4263-b111-9c83ca88e0b1"}', '2026-02-10 19:07:37', '2026-02-10 19:08:05', NULL, '2026-02-10 19:08:05');
INSERT INTO `lunar_carts` (`id`, `user_id`, `merged_id`, `currency_id`, `channel_id`, `order_id`, `coupon_code`, `completed_at`, `meta`, `created_at`, `updated_at`, `customer_id`, `deleted_at`) VALUES ('31', NULL, NULL, '1', '1', NULL, NULL, NULL, '{"token":"c7ad1ec1-01d6-448e-bd72-ea01c819ec42"}', '2026-02-10 19:09:32', '2026-02-10 19:17:50', NULL, '2026-02-10 19:17:50');
INSERT INTO `lunar_carts` (`id`, `user_id`, `merged_id`, `currency_id`, `channel_id`, `order_id`, `coupon_code`, `completed_at`, `meta`, `created_at`, `updated_at`, `customer_id`, `deleted_at`) VALUES ('32', NULL, NULL, '1', '1', NULL, NULL, NULL, '{"token":"6787b9d3-4478-4f75-acf4-1f9307b7b67f"}', '2026-02-10 19:24:23', '2026-02-10 19:24:46', NULL, '2026-02-10 19:24:46');
INSERT INTO `lunar_carts` (`id`, `user_id`, `merged_id`, `currency_id`, `channel_id`, `order_id`, `coupon_code`, `completed_at`, `meta`, `created_at`, `updated_at`, `customer_id`, `deleted_at`) VALUES ('33', NULL, NULL, '1', '1', NULL, NULL, NULL, '{"token":"122ba524-d2d5-4ee8-ac04-9ec01a6b1c5a"}', '2026-02-10 19:35:25', '2026-02-10 19:36:17', NULL, '2026-02-10 19:36:17');
INSERT INTO `lunar_carts` (`id`, `user_id`, `merged_id`, `currency_id`, `channel_id`, `order_id`, `coupon_code`, `completed_at`, `meta`, `created_at`, `updated_at`, `customer_id`, `deleted_at`) VALUES ('34', NULL, NULL, '1', '1', NULL, NULL, NULL, '{"token":"4ada7da5-79e1-4c10-96f8-7c346ef5b9da"}', '2026-02-10 19:37:32', '2026-02-10 19:38:20', NULL, '2026-02-10 19:38:20');
INSERT INTO `lunar_carts` (`id`, `user_id`, `merged_id`, `currency_id`, `channel_id`, `order_id`, `coupon_code`, `completed_at`, `meta`, `created_at`, `updated_at`, `customer_id`, `deleted_at`) VALUES ('35', NULL, NULL, '1', '1', NULL, NULL, NULL, '{"token":"c1843ccd-891a-403f-bb9a-d69734d60d9f"}', '2026-02-10 19:45:13', '2026-02-10 19:45:13', NULL, NULL);
INSERT INTO `lunar_carts` (`id`, `user_id`, `merged_id`, `currency_id`, `channel_id`, `order_id`, `coupon_code`, `completed_at`, `meta`, `created_at`, `updated_at`, `customer_id`, `deleted_at`) VALUES ('36', NULL, NULL, '1', '1', NULL, NULL, NULL, '{"token":"dedf3726-c826-4bf9-922f-9bafe62a6095"}', '2026-02-10 19:55:31', '2026-02-10 19:56:24', NULL, '2026-02-10 19:56:24');
INSERT INTO `lunar_carts` (`id`, `user_id`, `merged_id`, `currency_id`, `channel_id`, `order_id`, `coupon_code`, `completed_at`, `meta`, `created_at`, `updated_at`, `customer_id`, `deleted_at`) VALUES ('37', NULL, NULL, '1', '1', NULL, NULL, NULL, '{"token":"1bbbbbdf-20ca-4603-a3a4-4fca2fe69a41"}', '2026-02-17 19:05:54', '2026-02-17 19:11:13', NULL, '2026-02-17 19:11:13');
INSERT INTO `lunar_carts` (`id`, `user_id`, `merged_id`, `currency_id`, `channel_id`, `order_id`, `coupon_code`, `completed_at`, `meta`, `created_at`, `updated_at`, `customer_id`, `deleted_at`) VALUES ('38', NULL, NULL, '1', '1', NULL, NULL, NULL, '{"token":"1fda70d3-4960-4f1a-8ac7-328761b58122"}', '2026-02-17 19:23:11', '2026-02-17 19:24:56', NULL, '2026-02-17 19:24:56');
INSERT INTO `lunar_carts` (`id`, `user_id`, `merged_id`, `currency_id`, `channel_id`, `order_id`, `coupon_code`, `completed_at`, `meta`, `created_at`, `updated_at`, `customer_id`, `deleted_at`) VALUES ('39', NULL, NULL, '1', '1', NULL, NULL, NULL, '{"token":"7e1c5021-0492-4d05-8997-3684cffedfac"}', '2026-02-17 19:32:25', '2026-02-17 19:33:36', NULL, '2026-02-17 19:33:36');
INSERT INTO `lunar_carts` (`id`, `user_id`, `merged_id`, `currency_id`, `channel_id`, `order_id`, `coupon_code`, `completed_at`, `meta`, `created_at`, `updated_at`, `customer_id`, `deleted_at`) VALUES ('40', NULL, NULL, '1', '1', NULL, NULL, NULL, '{"token":"b5b4acb9-11f2-4fab-8c63-e100f7cc8edb"}', '2026-02-17 19:54:43', '2026-02-17 19:56:15', NULL, '2026-02-17 19:56:15');
INSERT INTO `lunar_carts` (`id`, `user_id`, `merged_id`, `currency_id`, `channel_id`, `order_id`, `coupon_code`, `completed_at`, `meta`, `created_at`, `updated_at`, `customer_id`, `deleted_at`) VALUES ('41', NULL, NULL, '1', '1', NULL, NULL, NULL, '{"token":"a7f0702b-ca6b-45c3-953d-f6ac2872772d"}', '2026-02-17 20:15:56', '2026-02-17 20:20:50', NULL, '2026-02-17 20:20:50');
INSERT INTO `lunar_carts` (`id`, `user_id`, `merged_id`, `currency_id`, `channel_id`, `order_id`, `coupon_code`, `completed_at`, `meta`, `created_at`, `updated_at`, `customer_id`, `deleted_at`) VALUES ('42', NULL, NULL, '1', '1', NULL, NULL, NULL, '{"token":"ba20ba9b-18c3-467b-ad53-524e508a8fff"}', '2026-02-19 14:39:51', '2026-02-19 14:39:51', NULL, NULL);
INSERT INTO `lunar_carts` (`id`, `user_id`, `merged_id`, `currency_id`, `channel_id`, `order_id`, `coupon_code`, `completed_at`, `meta`, `created_at`, `updated_at`, `customer_id`, `deleted_at`) VALUES ('43', NULL, NULL, '1', '1', NULL, NULL, NULL, '{"token":"b27c6002-b610-4765-b92e-23c16a224c5f"}', '2026-02-23 14:12:01', '2026-02-23 14:19:14', NULL, '2026-02-23 14:19:14');
INSERT INTO `lunar_carts` (`id`, `user_id`, `merged_id`, `currency_id`, `channel_id`, `order_id`, `coupon_code`, `completed_at`, `meta`, `created_at`, `updated_at`, `customer_id`, `deleted_at`) VALUES ('44', NULL, NULL, '1', '1', NULL, NULL, NULL, '{"token":"5c5e625b-090a-49e4-aa8b-51153ee30fe6"}', '2026-02-23 15:16:21', '2026-02-24 20:01:30', NULL, '2026-02-24 20:01:30');
INSERT INTO `lunar_carts` (`id`, `user_id`, `merged_id`, `currency_id`, `channel_id`, `order_id`, `coupon_code`, `completed_at`, `meta`, `created_at`, `updated_at`, `customer_id`, `deleted_at`) VALUES ('45', NULL, NULL, '1', '1', NULL, NULL, NULL, '{"token":"fa8b4a4e-cc51-4eeb-8c8c-dccbbbd4e3b7"}', '2026-02-24 20:08:59', '2026-02-24 20:08:59', NULL, NULL);
INSERT INTO `lunar_carts` (`id`, `user_id`, `merged_id`, `currency_id`, `channel_id`, `order_id`, `coupon_code`, `completed_at`, `meta`, `created_at`, `updated_at`, `customer_id`, `deleted_at`) VALUES ('46', NULL, NULL, '1', '1', NULL, NULL, NULL, '{"token":"b3433d85-bfbd-420d-b129-41fd95712a78"}', '2026-03-02 14:29:08', '2026-03-02 14:29:08', NULL, NULL);
INSERT INTO `lunar_carts` (`id`, `user_id`, `merged_id`, `currency_id`, `channel_id`, `order_id`, `coupon_code`, `completed_at`, `meta`, `created_at`, `updated_at`, `customer_id`, `deleted_at`) VALUES ('47', NULL, NULL, '1', '1', NULL, NULL, NULL, '{"token":"8288d193-48ae-442f-93e1-5883342a6cbe"}', '2026-03-02 16:00:16', '2026-03-06 09:19:06', NULL, '2026-03-06 09:19:06');
INSERT INTO `lunar_carts` (`id`, `user_id`, `merged_id`, `currency_id`, `channel_id`, `order_id`, `coupon_code`, `completed_at`, `meta`, `created_at`, `updated_at`, `customer_id`, `deleted_at`) VALUES ('48', NULL, NULL, '1', '1', NULL, NULL, NULL, '{"token":"5e39e5ef-e925-41fe-beb0-260986f94816"}', '2026-03-09 15:12:27', '2026-03-09 15:13:35', NULL, '2026-03-09 15:13:35');

-- Table: lunar_channelables
CREATE TABLE `lunar_channelables` (`id` INT AUTO_INCREMENT PRIMARY KEY not null, `channel_id` INT not null, `channelable_type` VARCHAR(255) not null, `channelable_id` INT not null, `enabled` tinyint(1) not null default '0', `starts_at` DATETIME, `created_at` DATETIME, `updated_at` DATETIME, `ends_at` DATETIME, foreign key(`channel_id`) references `lunar_channels`(`id`));

-- Table: lunar_channels
CREATE TABLE `lunar_channels` (`id` INT AUTO_INCREMENT PRIMARY KEY not null, `name` VARCHAR(255) not null, `handle` VARCHAR(255) not null, `default` tinyint(1) not null default '0', `url` VARCHAR(255), `created_at` DATETIME, `updated_at` DATETIME, `deleted_at` DATETIME);

INSERT INTO `lunar_channels` (`id`, `name`, `handle`, `default`, `url`, `created_at`, `updated_at`, `deleted_at`) VALUES ('1', 'Webstore', 'webstore', '1', NULL, '2026-02-05 14:55:58', '2026-02-05 14:55:58', NULL);

-- Table: lunar_collection_customer_group
CREATE TABLE `lunar_collection_customer_group` (`id` INT AUTO_INCREMENT PRIMARY KEY not null, `collection_id` INT not null, `customer_group_id` INT not null, `enabled` tinyint(1) not null default '0', `starts_at` DATETIME, `ends_at` DATETIME, `visible` tinyint(1) not null default '1', `created_at` DATETIME, `updated_at` DATETIME, foreign key(`collection_id`) references `lunar_collections`(`id`), foreign key(`customer_group_id`) references `lunar_customer_groups`(`id`));

INSERT INTO `lunar_collection_customer_group` (`id`, `collection_id`, `customer_group_id`, `enabled`, `starts_at`, `ends_at`, `visible`, `created_at`, `updated_at`) VALUES ('1', '1', '1', '0', '2026-02-04 16:50:32', NULL, '0', '2026-02-04 16:50:32', '2026-02-04 16:50:32');
INSERT INTO `lunar_collection_customer_group` (`id`, `collection_id`, `customer_group_id`, `enabled`, `starts_at`, `ends_at`, `visible`, `created_at`, `updated_at`) VALUES ('2', '2', '1', '0', '2026-02-04 16:50:32', NULL, '0', '2026-02-04 16:50:32', '2026-02-04 16:50:32');
INSERT INTO `lunar_collection_customer_group` (`id`, `collection_id`, `customer_group_id`, `enabled`, `starts_at`, `ends_at`, `visible`, `created_at`, `updated_at`) VALUES ('3', '3', '1', '0', '2026-02-04 16:50:32', NULL, '0', '2026-02-04 16:50:32', '2026-02-04 16:50:32');
INSERT INTO `lunar_collection_customer_group` (`id`, `collection_id`, `customer_group_id`, `enabled`, `starts_at`, `ends_at`, `visible`, `created_at`, `updated_at`) VALUES ('4', '4', '1', '0', '2026-02-04 16:50:32', NULL, '0', '2026-02-04 16:50:32', '2026-02-04 16:50:32');

-- Table: lunar_collection_discount
CREATE TABLE `lunar_collection_discount` (`id` INT AUTO_INCREMENT PRIMARY KEY not null, `discount_id` INT not null, `collection_id` INT not null, `created_at` DATETIME, `updated_at` DATETIME, `type` VARCHAR(255) not null default 'limitation', foreign key(`discount_id`) references `lunar_discounts`(`id`) on delete cascade, foreign key(`collection_id`) references `lunar_collections`(`id`) on delete cascade);

-- Table: lunar_collection_groups
CREATE TABLE `lunar_collection_groups` (`id` INT AUTO_INCREMENT PRIMARY KEY not null, `name` VARCHAR(255) not null, `handle` VARCHAR(255) not null, `created_at` DATETIME, `updated_at` DATETIME);

INSERT INTO `lunar_collection_groups` (`id`, `name`, `handle`, `created_at`, `updated_at`) VALUES ('1', 'Tipus de bambes', 'tipus-bambes', '2026-02-04 16:50:32', '2026-02-04 16:50:32');

-- Table: lunar_collection_product
CREATE TABLE `lunar_collection_product` (`id` INT AUTO_INCREMENT PRIMARY KEY not null, `collection_id` INT not null, `product_id` INT not null, `position` INT not null default '1', `created_at` DATETIME, `updated_at` DATETIME, foreign key(`collection_id`) references `lunar_collections`(`id`), foreign key(`product_id`) references `lunar_products`(`id`));

INSERT INTO `lunar_collection_product` (`id`, `collection_id`, `product_id`, `position`, `created_at`, `updated_at`) VALUES ('1', '2', '1', '1', '2026-02-04 16:50:32', '2026-02-04 16:50:32');
INSERT INTO `lunar_collection_product` (`id`, `collection_id`, `product_id`, `position`, `created_at`, `updated_at`) VALUES ('2', '2', '2', '1', '2026-02-04 16:50:32', '2026-02-04 16:50:32');
INSERT INTO `lunar_collection_product` (`id`, `collection_id`, `product_id`, `position`, `created_at`, `updated_at`) VALUES ('3', '2', '3', '1', '2026-02-04 16:50:32', '2026-02-04 16:50:32');
INSERT INTO `lunar_collection_product` (`id`, `collection_id`, `product_id`, `position`, `created_at`, `updated_at`) VALUES ('4', '2', '4', '1', '2026-02-04 16:50:32', '2026-02-04 16:50:32');
INSERT INTO `lunar_collection_product` (`id`, `collection_id`, `product_id`, `position`, `created_at`, `updated_at`) VALUES ('5', '1', '5', '1', '2026-02-04 16:50:32', '2026-02-04 16:50:32');
INSERT INTO `lunar_collection_product` (`id`, `collection_id`, `product_id`, `position`, `created_at`, `updated_at`) VALUES ('6', '1', '6', '1', '2026-02-04 16:50:32', '2026-02-04 16:50:32');
INSERT INTO `lunar_collection_product` (`id`, `collection_id`, `product_id`, `position`, `created_at`, `updated_at`) VALUES ('7', '1', '7', '1', '2026-02-04 16:50:32', '2026-02-04 16:50:32');
INSERT INTO `lunar_collection_product` (`id`, `collection_id`, `product_id`, `position`, `created_at`, `updated_at`) VALUES ('8', '2', '8', '1', '2026-02-04 16:50:32', '2026-02-04 16:50:32');
INSERT INTO `lunar_collection_product` (`id`, `collection_id`, `product_id`, `position`, `created_at`, `updated_at`) VALUES ('9', '2', '9', '1', '2026-02-04 16:50:33', '2026-02-04 16:50:33');
INSERT INTO `lunar_collection_product` (`id`, `collection_id`, `product_id`, `position`, `created_at`, `updated_at`) VALUES ('10', '4', '10', '1', '2026-02-04 16:50:33', '2026-02-04 16:50:33');

-- Table: lunar_collections
CREATE TABLE `lunar_collections` (`id` INT AUTO_INCREMENT PRIMARY KEY not null, `collection_group_id` INT not null, `_lft` INT not null default '0', `_rgt` INT not null default '0', `parent_id` INT, `type` VARCHAR(255) not null default 'static', `attribute_data` text not null, `sort` VARCHAR(255) not null default 'custom', `created_at` DATETIME, `updated_at` DATETIME, `deleted_at` DATETIME, foreign key(`collection_group_id`) references `lunar_collection_groups`(`id`));

INSERT INTO `lunar_collections` (`id`, `collection_group_id`, `_lft`, `_rgt`, `parent_id`, `type`, `attribute_data`, `sort`, `created_at`, `updated_at`, `deleted_at`) VALUES ('1', '1', '1', '2', NULL, 'static', '{"name":{"field_type":"Lunar\\FieldTypes\\TranslatedText","value":{"en":"Trail"}}}', '1', '2026-02-04 16:50:32', '2026-02-04 16:50:32', NULL);
INSERT INTO `lunar_collections` (`id`, `collection_group_id`, `_lft`, `_rgt`, `parent_id`, `type`, `attribute_data`, `sort`, `created_at`, `updated_at`, `deleted_at`) VALUES ('2', '1', '3', '4', NULL, 'static', '{"name":{"field_type":"Lunar\\FieldTypes\\TranslatedText","value":{"en":"Asfalt"}}}', '1', '2026-02-04 16:50:32', '2026-02-04 16:50:32', NULL);
INSERT INTO `lunar_collections` (`id`, `collection_group_id`, `_lft`, `_rgt`, `parent_id`, `type`, `attribute_data`, `sort`, `created_at`, `updated_at`, `deleted_at`) VALUES ('3', '1', '5', '6', NULL, 'static', '{"name":{"field_type":"Lunar\\FieldTypes\\TranslatedText","value":{"en":"Pista"}}}', '1', '2026-02-04 16:50:32', '2026-02-04 16:50:32', NULL);
INSERT INTO `lunar_collections` (`id`, `collection_group_id`, `_lft`, `_rgt`, `parent_id`, `type`, `attribute_data`, `sort`, `created_at`, `updated_at`, `deleted_at`) VALUES ('4', '1', '7', '8', NULL, 'static', '{"name":{"field_type":"Lunar\\FieldTypes\\TranslatedText","value":{"en":"Mixt"}}}', '1', '2026-02-04 16:50:32', '2026-02-04 16:50:32', NULL);

-- Table: lunar_countries
CREATE TABLE `lunar_countries` (`id` INT AUTO_INCREMENT PRIMARY KEY not null, `name` VARCHAR(255) not null, `iso3` VARCHAR(255) not null, `iso2` VARCHAR(255), `phonecode` VARCHAR(255) not null, `capital` VARCHAR(255), `currency` VARCHAR(255) not null, `native` VARCHAR(255), `emoji` VARCHAR(255) not null, `emoji_u` VARCHAR(255) not null, `created_at` DATETIME, `updated_at` DATETIME);

-- Table: lunar_currencies
CREATE TABLE `lunar_currencies` (`id` INT AUTO_INCREMENT PRIMARY KEY not null, `code` VARCHAR(255) not null, `name` VARCHAR(255) not null, `exchange_rate` numeric not null, `decimal_places` INT not null default '2', `enabled` tinyint(1) not null default '0', `default` tinyint(1) not null default '0', `created_at` DATETIME, `updated_at` DATETIME, `sync_prices` tinyint(1) not null default '0');

INSERT INTO `lunar_currencies` (`id`, `code`, `name`, `exchange_rate`, `decimal_places`, `enabled`, `default`, `created_at`, `updated_at`, `sync_prices`) VALUES ('1', 'EUR', 'Euro', '1', '2', '1', '1', '2026-02-04 16:50:32', '2026-02-04 16:50:32', '0');

-- Table: lunar_customer_customer_group
CREATE TABLE `lunar_customer_customer_group` (`id` INT AUTO_INCREMENT PRIMARY KEY not null, `customer_id` INT not null, `customer_group_id` INT not null, `created_at` DATETIME, `updated_at` DATETIME, foreign key(`customer_id`) references `lunar_customers`(`id`), foreign key(`customer_group_id`) references `lunar_customer_groups`(`id`));

-- Table: lunar_customer_discount
CREATE TABLE `lunar_customer_discount` (`id` INT AUTO_INCREMENT PRIMARY KEY not null, `discount_id` INT not null, `customer_id` INT not null, `created_at` DATETIME, `updated_at` DATETIME, foreign key(`discount_id`) references `lunar_discounts`(`id`), foreign key(`customer_id`) references `lunar_customers`(`id`));

-- Table: lunar_customer_group_discount
CREATE TABLE `lunar_customer_group_discount` (`id` INT AUTO_INCREMENT PRIMARY KEY not null, `discount_id` INT not null, `customer_group_id` INT not null, `enabled` tinyint(1) not null default '0', `starts_at` DATETIME, `ends_at` DATETIME, `visible` tinyint(1) not null default '1', `created_at` DATETIME, `updated_at` DATETIME, foreign key(`discount_id`) references `lunar_discounts`(`id`), foreign key(`customer_group_id`) references `lunar_customer_groups`(`id`));

-- Table: lunar_customer_group_product
CREATE TABLE `lunar_customer_group_product` (`id` INT AUTO_INCREMENT PRIMARY KEY not null, `customer_group_id` INT not null, `product_id` INT not null, `enabled` tinyint(1) not null default '0', `starts_at` DATETIME, `ends_at` DATETIME, `visible` tinyint(1) not null default '1', `purchasable` tinyint(1) not null default '1', `created_at` DATETIME, `updated_at` DATETIME, foreign key(`customer_group_id`) references `lunar_customer_groups`(`id`), foreign key(`product_id`) references `lunar_products`(`id`));

INSERT INTO `lunar_customer_group_product` (`id`, `customer_group_id`, `product_id`, `enabled`, `starts_at`, `ends_at`, `visible`, `purchasable`, `created_at`, `updated_at`) VALUES ('1', '1', '1', '0', '2026-02-04 16:50:32', NULL, '0', '0', '2026-02-04 16:50:32', '2026-02-04 16:50:32');
INSERT INTO `lunar_customer_group_product` (`id`, `customer_group_id`, `product_id`, `enabled`, `starts_at`, `ends_at`, `visible`, `purchasable`, `created_at`, `updated_at`) VALUES ('2', '1', '2', '0', '2026-02-04 16:50:32', NULL, '0', '0', '2026-02-04 16:50:32', '2026-02-04 16:50:32');
INSERT INTO `lunar_customer_group_product` (`id`, `customer_group_id`, `product_id`, `enabled`, `starts_at`, `ends_at`, `visible`, `purchasable`, `created_at`, `updated_at`) VALUES ('3', '1', '3', '0', '2026-02-04 16:50:32', NULL, '0', '0', '2026-02-04 16:50:32', '2026-02-04 16:50:32');
INSERT INTO `lunar_customer_group_product` (`id`, `customer_group_id`, `product_id`, `enabled`, `starts_at`, `ends_at`, `visible`, `purchasable`, `created_at`, `updated_at`) VALUES ('4', '1', '4', '0', '2026-02-04 16:50:32', NULL, '0', '0', '2026-02-04 16:50:32', '2026-02-04 16:50:32');
INSERT INTO `lunar_customer_group_product` (`id`, `customer_group_id`, `product_id`, `enabled`, `starts_at`, `ends_at`, `visible`, `purchasable`, `created_at`, `updated_at`) VALUES ('5', '1', '5', '0', '2026-02-04 16:50:32', NULL, '0', '0', '2026-02-04 16:50:32', '2026-02-04 16:50:32');
INSERT INTO `lunar_customer_group_product` (`id`, `customer_group_id`, `product_id`, `enabled`, `starts_at`, `ends_at`, `visible`, `purchasable`, `created_at`, `updated_at`) VALUES ('6', '1', '6', '0', '2026-02-04 16:50:32', NULL, '0', '0', '2026-02-04 16:50:32', '2026-02-04 16:50:32');
INSERT INTO `lunar_customer_group_product` (`id`, `customer_group_id`, `product_id`, `enabled`, `starts_at`, `ends_at`, `visible`, `purchasable`, `created_at`, `updated_at`) VALUES ('7', '1', '7', '0', '2026-02-04 16:50:32', NULL, '0', '0', '2026-02-04 16:50:32', '2026-02-04 16:50:32');
INSERT INTO `lunar_customer_group_product` (`id`, `customer_group_id`, `product_id`, `enabled`, `starts_at`, `ends_at`, `visible`, `purchasable`, `created_at`, `updated_at`) VALUES ('8', '1', '8', '0', '2026-02-04 16:50:32', NULL, '0', '0', '2026-02-04 16:50:32', '2026-02-04 16:50:32');
INSERT INTO `lunar_customer_group_product` (`id`, `customer_group_id`, `product_id`, `enabled`, `starts_at`, `ends_at`, `visible`, `purchasable`, `created_at`, `updated_at`) VALUES ('9', '1', '9', '0', '2026-02-04 16:50:33', NULL, '0', '0', '2026-02-04 16:50:33', '2026-02-04 16:50:33');
INSERT INTO `lunar_customer_group_product` (`id`, `customer_group_id`, `product_id`, `enabled`, `starts_at`, `ends_at`, `visible`, `purchasable`, `created_at`, `updated_at`) VALUES ('10', '1', '10', '0', '2026-02-04 16:50:33', NULL, '0', '0', '2026-02-04 16:50:33', '2026-02-04 16:50:33');

-- Table: lunar_customer_groups
CREATE TABLE `lunar_customer_groups` (`id` INT AUTO_INCREMENT PRIMARY KEY not null, `name` VARCHAR(255) not null, `handle` VARCHAR(255) not null, `default` tinyint(1) not null default '0', `created_at` DATETIME, `updated_at` DATETIME, `attribute_data` text);

INSERT INTO `lunar_customer_groups` (`id`, `name`, `handle`, `default`, `created_at`, `updated_at`, `attribute_data`) VALUES ('1', 'Default', 'default', '0', '2026-02-04 16:50:32', '2026-02-04 16:50:32', NULL);

-- Table: lunar_customer_user
CREATE TABLE `lunar_customer_user` (`id` INT AUTO_INCREMENT PRIMARY KEY not null, `customer_id` INT not null, `user_id` INT not null, `created_at` DATETIME, `updated_at` DATETIME, foreign key(`customer_id`) references `lunar_customers`(`id`), foreign key(`user_id`) references `users`(`id`));

-- Table: lunar_customers
CREATE TABLE `lunar_customers` (`id` INT AUTO_INCREMENT PRIMARY KEY not null, `title` VARCHAR(255), `first_name` VARCHAR(255) not null, `last_name` VARCHAR(255) not null, `company_name` VARCHAR(255), `tax_identifier` VARCHAR(255), `meta` text, `created_at` DATETIME, `updated_at` DATETIME, `attribute_data` text, `account_ref` VARCHAR(255));

-- Table: lunar_discount_user
CREATE TABLE `lunar_discount_user` (`id` INT AUTO_INCREMENT PRIMARY KEY not null, `discount_id` INT not null, `user_id` INT not null, `created_at` DATETIME, `updated_at` DATETIME, foreign key(`discount_id`) references `lunar_discounts`(`id`) on delete cascade, foreign key(`user_id`) references `users`(`id`));

-- Table: lunar_discountables
CREATE TABLE `lunar_discountables` (`id` INT AUTO_INCREMENT PRIMARY KEY not null, `discount_id` INT not null, `discountable_type` VARCHAR(255) not null, `discountable_id` INT not null, `type` VARCHAR(255) not null default 'condition', `created_at` DATETIME, `updated_at` DATETIME, foreign key(`discount_id`) references `lunar_discounts`(`id`) on delete cascade);

-- Table: lunar_discounts
CREATE TABLE `lunar_discounts` (`id` INT AUTO_INCREMENT PRIMARY KEY not null, `name` VARCHAR(255) not null, `handle` VARCHAR(255) not null, `coupon` VARCHAR(255), `type` VARCHAR(255) not null, `starts_at` DATETIME not null, `ends_at` DATETIME, `uses` INT not null default '0', `max_uses` INT, `priority` INT not null default '1', `stop` tinyint(1) not null default '0', `restriction` VARCHAR(255), `data` text, `created_at` DATETIME, `updated_at` DATETIME, `max_uses_per_user` INT);

-- Table: lunar_languages
CREATE TABLE `lunar_languages` (`id` INT AUTO_INCREMENT PRIMARY KEY not null, `code` VARCHAR(255) not null, `name` VARCHAR(255) not null, `default` tinyint(1) not null default '0', `created_at` DATETIME, `updated_at` DATETIME);

INSERT INTO `lunar_languages` (`id`, `code`, `name`, `default`, `created_at`, `updated_at`) VALUES ('1', 'en', 'English', '1', '2026-02-04 16:50:32', '2026-02-04 16:50:32');

-- Table: lunar_media_product_variant
CREATE TABLE `lunar_media_product_variant` (`id` INT AUTO_INCREMENT PRIMARY KEY not null, `media_id` INT not null, `product_variant_id` INT not null, `primary` tinyint(1) not null default '0', `created_at` DATETIME, `updated_at` DATETIME, `position` INT not null default '1', foreign key(`media_id`) references `media`(`id`) on delete cascade, foreign key(`product_variant_id`) references `lunar_product_variants`(`id`) on delete cascade);

-- Table: lunar_order_addresses
CREATE TABLE `lunar_order_addresses` (`id` INT AUTO_INCREMENT PRIMARY KEY not null, `order_id` INT not null, `country_id` INT, `title` VARCHAR(255), `first_name` VARCHAR(255), `last_name` VARCHAR(255), `company_name` VARCHAR(255), `line_one` VARCHAR(255), `line_two` VARCHAR(255), `line_three` VARCHAR(255), `city` VARCHAR(255), `state` VARCHAR(255), `postcode` VARCHAR(255), `delivery_instructions` VARCHAR(255), `contact_email` VARCHAR(255), `contact_phone` VARCHAR(255), `type` VARCHAR(255) not null default ('shipping'), `shipping_option` VARCHAR(255), `meta` text, `created_at` DATETIME, `updated_at` DATETIME, `tax_identifier` VARCHAR(255), foreign key(`country_id`) references lunar_countries(`id`) on delete no action on update no action, foreign key(`order_id`) references lunar_orders(`id`) on delete no action on update no action);

INSERT INTO `lunar_order_addresses` (`id`, `order_id`, `country_id`, `title`, `first_name`, `last_name`, `company_name`, `line_one`, `line_two`, `line_three`, `city`, `state`, `postcode`, `delivery_instructions`, `contact_email`, `contact_phone`, `type`, `shipping_option`, `meta`, `created_at`, `updated_at`, `tax_identifier`) VALUES ('1', '11', NULL, NULL, 'Albert', 'Domenech Obiol', NULL, 'carrer st francesc, 68', NULL, NULL, 'Capellades', 'Barcelona', '08786', NULL, 'domenechobiol@gmail.com', NULL, 'billing', NULL, NULL, '2026-02-17 19:56:15', '2026-02-17 19:56:15', NULL);
INSERT INTO `lunar_order_addresses` (`id`, `order_id`, `country_id`, `title`, `first_name`, `last_name`, `company_name`, `line_one`, `line_two`, `line_three`, `city`, `state`, `postcode`, `delivery_instructions`, `contact_email`, `contact_phone`, `type`, `shipping_option`, `meta`, `created_at`, `updated_at`, `tax_identifier`) VALUES ('2', '11', NULL, NULL, 'Albert', 'Domenech Obiol', NULL, 'carrer st francesc, 68', NULL, NULL, 'Capellades', 'Barcelona', '08786', NULL, 'domenechobiol@gmail.com', NULL, 'shipping', NULL, NULL, '2026-02-17 19:56:15', '2026-02-17 19:56:15', NULL);
INSERT INTO `lunar_order_addresses` (`id`, `order_id`, `country_id`, `title`, `first_name`, `last_name`, `company_name`, `line_one`, `line_two`, `line_three`, `city`, `state`, `postcode`, `delivery_instructions`, `contact_email`, `contact_phone`, `type`, `shipping_option`, `meta`, `created_at`, `updated_at`, `tax_identifier`) VALUES ('3', '12', NULL, NULL, 'Albert', 'Domenech Obiol', NULL, 'carrer st francesc, 68', NULL, NULL, 'capellades', 'Barcelona', '08786', NULL, 'domenechobiol@gmail.com', '644665071', 'billing', NULL, NULL, '2026-02-17 20:20:49', '2026-02-17 20:20:49', NULL);
INSERT INTO `lunar_order_addresses` (`id`, `order_id`, `country_id`, `title`, `first_name`, `last_name`, `company_name`, `line_one`, `line_two`, `line_three`, `city`, `state`, `postcode`, `delivery_instructions`, `contact_email`, `contact_phone`, `type`, `shipping_option`, `meta`, `created_at`, `updated_at`, `tax_identifier`) VALUES ('4', '12', NULL, NULL, 'Albert', 'Domenech Obiol', NULL, 'carrer st francesc, 68', NULL, NULL, 'capellades', 'Barcelona', '08786', NULL, 'domenechobiol@gmail.com', '644665071', 'shipping', NULL, NULL, '2026-02-17 20:20:49', '2026-02-17 20:20:49', NULL);
INSERT INTO `lunar_order_addresses` (`id`, `order_id`, `country_id`, `title`, `first_name`, `last_name`, `company_name`, `line_one`, `line_two`, `line_three`, `city`, `state`, `postcode`, `delivery_instructions`, `contact_email`, `contact_phone`, `type`, `shipping_option`, `meta`, `created_at`, `updated_at`, `tax_identifier`) VALUES ('5', '13', NULL, NULL, 'David', 'g', NULL, 'Cad', NULL, NULL, 'B', NULL, '08700', NULL, 'ddiaz4@milaifontanals.org', NULL, 'billing', NULL, NULL, '2026-02-23 14:19:13', '2026-02-23 14:19:13', NULL);
INSERT INTO `lunar_order_addresses` (`id`, `order_id`, `country_id`, `title`, `first_name`, `last_name`, `company_name`, `line_one`, `line_two`, `line_three`, `city`, `state`, `postcode`, `delivery_instructions`, `contact_email`, `contact_phone`, `type`, `shipping_option`, `meta`, `created_at`, `updated_at`, `tax_identifier`) VALUES ('6', '13', NULL, NULL, 'David', 'g', NULL, 'Cad', NULL, NULL, 'B', NULL, '08700', NULL, 'ddiaz4@milaifontanals.org', NULL, 'shipping', NULL, NULL, '2026-02-23 14:19:13', '2026-02-23 14:19:13', NULL);
INSERT INTO `lunar_order_addresses` (`id`, `order_id`, `country_id`, `title`, `first_name`, `last_name`, `company_name`, `line_one`, `line_two`, `line_three`, `city`, `state`, `postcode`, `delivery_instructions`, `contact_email`, `contact_phone`, `type`, `shipping_option`, `meta`, `created_at`, `updated_at`, `tax_identifier`) VALUES ('7', '14', NULL, NULL, 'David', 'da', NULL, 'crr', NULL, NULL, 'asdfa', 'bcn', '08700', NULL, 'ddiaz4@milaifontanals.org', NULL, 'billing', NULL, NULL, '2026-02-24 20:01:29', '2026-02-24 20:01:29', NULL);
INSERT INTO `lunar_order_addresses` (`id`, `order_id`, `country_id`, `title`, `first_name`, `last_name`, `company_name`, `line_one`, `line_two`, `line_three`, `city`, `state`, `postcode`, `delivery_instructions`, `contact_email`, `contact_phone`, `type`, `shipping_option`, `meta`, `created_at`, `updated_at`, `tax_identifier`) VALUES ('8', '14', NULL, NULL, 'David', 'da', NULL, 'crr', NULL, NULL, 'asdfa', 'bcn', '08700', NULL, 'ddiaz4@milaifontanals.org', NULL, 'shipping', NULL, NULL, '2026-02-24 20:01:29', '2026-02-24 20:01:29', NULL);
INSERT INTO `lunar_order_addresses` (`id`, `order_id`, `country_id`, `title`, `first_name`, `last_name`, `company_name`, `line_one`, `line_two`, `line_three`, `city`, `state`, `postcode`, `delivery_instructions`, `contact_email`, `contact_phone`, `type`, `shipping_option`, `meta`, `created_at`, `updated_at`, `tax_identifier`) VALUES ('9', '15', NULL, NULL, 'David', 'dd', NULL, 'asdfadsf', NULL, NULL, 'asdf', NULL, '08710', NULL, 'david.diaz.91@hotmail.com', NULL, 'billing', NULL, NULL, '2026-03-06 09:19:04', '2026-03-06 09:19:04', NULL);
INSERT INTO `lunar_order_addresses` (`id`, `order_id`, `country_id`, `title`, `first_name`, `last_name`, `company_name`, `line_one`, `line_two`, `line_three`, `city`, `state`, `postcode`, `delivery_instructions`, `contact_email`, `contact_phone`, `type`, `shipping_option`, `meta`, `created_at`, `updated_at`, `tax_identifier`) VALUES ('10', '15', NULL, NULL, 'David', 'dd', NULL, 'asdfadsf', NULL, NULL, 'asdf', NULL, '08710', NULL, 'david.diaz.91@hotmail.com', NULL, 'shipping', NULL, NULL, '2026-03-06 09:19:04', '2026-03-06 09:19:04', NULL);
INSERT INTO `lunar_order_addresses` (`id`, `order_id`, `country_id`, `title`, `first_name`, `last_name`, `company_name`, `line_one`, `line_two`, `line_three`, `city`, `state`, `postcode`, `delivery_instructions`, `contact_email`, `contact_phone`, `type`, `shipping_option`, `meta`, `created_at`, `updated_at`, `tax_identifier`) VALUES ('11', '16', NULL, NULL, 'David', 'Díaz Hernández', NULL, 'Carretera de Valls número 12', 'Àtic 1', NULL, 'Santa Margarida de Montbui', 'Barcelona', '08710', NULL, 'ddiaz4@milaifontanals.org', '696546763', 'billing', NULL, NULL, '2026-03-09 15:13:34', '2026-03-09 15:13:34', NULL);
INSERT INTO `lunar_order_addresses` (`id`, `order_id`, `country_id`, `title`, `first_name`, `last_name`, `company_name`, `line_one`, `line_two`, `line_three`, `city`, `state`, `postcode`, `delivery_instructions`, `contact_email`, `contact_phone`, `type`, `shipping_option`, `meta`, `created_at`, `updated_at`, `tax_identifier`) VALUES ('12', '16', NULL, NULL, 'David', 'Díaz Hernández', NULL, 'Carretera de Valls número 12', 'Àtic 1', NULL, 'Santa Margarida de Montbui', 'Barcelona', '08710', NULL, 'ddiaz4@milaifontanals.org', '696546763', 'shipping', NULL, NULL, '2026-03-09 15:13:34', '2026-03-09 15:13:34', NULL);

-- Table: lunar_order_lines
CREATE TABLE `lunar_order_lines` (`id` INT AUTO_INCREMENT PRIMARY KEY not null, `order_id` INT not null, `purchasable_type` VARCHAR(255) not null, `purchasable_id` INT not null, `type` VARCHAR(255) not null, `description` VARCHAR(255) not null, `option` VARCHAR(255), `identifier` VARCHAR(255) not null, `unit_price` INT not null, `unit_quantity` INT not null default ('1'), `quantity` INT not null, `sub_total` INT not null, `discount_total` INT not null, `tax_breakdown` text not null, `tax_total` INT not null, `total` INT not null, `notes` text, `meta` text, `created_at` DATETIME, `updated_at` DATETIME, foreign key(`order_id`) references lunar_orders(`id`) on delete no action on update no action);

INSERT INTO `lunar_order_lines` (`id`, `order_id`, `purchasable_type`, `purchasable_id`, `type`, `description`, `option`, `identifier`, `unit_price`, `unit_quantity`, `quantity`, `sub_total`, `discount_total`, `tax_breakdown`, `tax_total`, `total`, `notes`, `meta`, `created_at`, `updated_at`) VALUES ('1', '1', 'product_variant', '19', 'physical', 'Adidas Ultraboost Light', NULL, 'line_66229848-2298-47ba-aeef-de687670d28e', '18999', '1', '1', '18999', '0', '[]', '0', '18999', NULL, NULL, '2026-02-09 16:14:45', '2026-02-09 16:14:45');
INSERT INTO `lunar_order_lines` (`id`, `order_id`, `purchasable_type`, `purchasable_id`, `type`, `description`, `option`, `identifier`, `unit_price`, `unit_quantity`, `quantity`, `sub_total`, `discount_total`, `tax_breakdown`, `tax_total`, `total`, `notes`, `meta`, `created_at`, `updated_at`) VALUES ('2', '1', 'product_variant', '1', 'physical', 'Nike Air Zoom Pegasus 41', NULL, 'line_71f307b5-6515-4a7b-9e02-dda31c81e309', '12999', '1', '1', '12999', '0', '[]', '0', '12999', NULL, NULL, '2026-02-09 16:14:45', '2026-02-09 16:14:45');
INSERT INTO `lunar_order_lines` (`id`, `order_id`, `purchasable_type`, `purchasable_id`, `type`, `description`, `option`, `identifier`, `unit_price`, `unit_quantity`, `quantity`, `sub_total`, `discount_total`, `tax_breakdown`, `tax_total`, `total`, `notes`, `meta`, `created_at`, `updated_at`) VALUES ('3', '2', 'product_variant', '13', 'physical', 'HOKA Clifton 9', NULL, 'line_17c52d86-6acd-44f7-8b54-a9375c458357', '15999', '1', '1', '15999', '0', '[]', '0', '15999', NULL, NULL, '2026-02-10 18:47:00', '2026-02-10 18:47:00');
INSERT INTO `lunar_order_lines` (`id`, `order_id`, `purchasable_type`, `purchasable_id`, `type`, `description`, `option`, `identifier`, `unit_price`, `unit_quantity`, `quantity`, `sub_total`, `discount_total`, `tax_breakdown`, `tax_total`, `total`, `notes`, `meta`, `created_at`, `updated_at`) VALUES ('4', '3', 'product_variant', '1', 'physical', 'Nike Air Zoom Pegasus 41', NULL, 'line_42d85b24-8cf2-423c-8dbb-a381ae7f0b3e', '12999', '1', '1', '12999', '0', '[]', '0', '12999', NULL, NULL, '2026-02-10 19:01:25', '2026-02-10 19:01:25');
INSERT INTO `lunar_order_lines` (`id`, `order_id`, `purchasable_type`, `purchasable_id`, `type`, `description`, `option`, `identifier`, `unit_price`, `unit_quantity`, `quantity`, `sub_total`, `discount_total`, `tax_breakdown`, `tax_total`, `total`, `notes`, `meta`, `created_at`, `updated_at`) VALUES ('5', '4', 'product_variant', '49', 'physical', 'New Balance Fresh Foam X 1080v13', NULL, 'line_15013410-21b7-4d5d-862c-29c2b1fc5d3d', '18999', '1', '1', '18999', '0', '[]', '0', '18999', NULL, NULL, '2026-02-10 19:08:04', '2026-02-10 19:08:04');
INSERT INTO `lunar_order_lines` (`id`, `order_id`, `purchasable_type`, `purchasable_id`, `type`, `description`, `option`, `identifier`, `unit_price`, `unit_quantity`, `quantity`, `sub_total`, `discount_total`, `tax_breakdown`, `tax_total`, `total`, `notes`, `meta`, `created_at`, `updated_at`) VALUES ('6', '5', 'product_variant', '55', 'physical', 'Mizuno Wave Rider 27', NULL, 'line_02ae4f61-bab7-4958-95ab-6db46bfd7376', '14999', '1', '1', '14999', '0', '[]', '0', '14999', NULL, NULL, '2026-02-10 19:17:49', '2026-02-10 19:17:49');
INSERT INTO `lunar_order_lines` (`id`, `order_id`, `purchasable_type`, `purchasable_id`, `type`, `description`, `option`, `identifier`, `unit_price`, `unit_quantity`, `quantity`, `sub_total`, `discount_total`, `tax_breakdown`, `tax_total`, `total`, `notes`, `meta`, `created_at`, `updated_at`) VALUES ('7', '6', 'product_variant', '37', 'physical', 'La Sportiva Bushido II', NULL, 'line_f7c596e2-a9a3-4afe-94ec-e790c6921302', '15499', '1', '1', '15499', '0', '[]', '0', '15499', NULL, NULL, '2026-02-10 19:24:45', '2026-02-10 19:24:45');
INSERT INTO `lunar_order_lines` (`id`, `order_id`, `purchasable_type`, `purchasable_id`, `type`, `description`, `option`, `identifier`, `unit_price`, `unit_quantity`, `quantity`, `sub_total`, `discount_total`, `tax_breakdown`, `tax_total`, `total`, `notes`, `meta`, `created_at`, `updated_at`) VALUES ('8', '7', 'product_variant', '7', 'physical', 'ASICS GEL-Kayano 31', NULL, 'line_8246ec68-060c-402a-8c0f-44ad77e30069', '19999', '1', '1', '19999', '0', '[]', '0', '19999', NULL, NULL, '2026-02-10 19:36:15', '2026-02-10 19:36:15');
INSERT INTO `lunar_order_lines` (`id`, `order_id`, `purchasable_type`, `purchasable_id`, `type`, `description`, `option`, `identifier`, `unit_price`, `unit_quantity`, `quantity`, `sub_total`, `discount_total`, `tax_breakdown`, `tax_total`, `total`, `notes`, `meta`, `created_at`, `updated_at`) VALUES ('9', '8', 'product_variant', '31', 'physical', 'Saucony Peregrine 14', NULL, 'line_1adf3c82-0d94-4a8c-a35f-6a1c334f0a7f', '13999', '1', '1', '13999', '0', '[]', '0', '13999', NULL, NULL, '2026-02-10 19:38:19', '2026-02-10 19:38:19');
INSERT INTO `lunar_order_lines` (`id`, `order_id`, `purchasable_type`, `purchasable_id`, `type`, `description`, `option`, `identifier`, `unit_price`, `unit_quantity`, `quantity`, `sub_total`, `discount_total`, `tax_breakdown`, `tax_total`, `total`, `notes`, `meta`, `created_at`, `updated_at`) VALUES ('12', '11', 'product_variant', '1', 'physical', 'Nike Air Zoom Pegasus 41', NULL, 'line_7ef8e6be-53e4-47c5-bdb8-6452e340e83a', '12999', '1', '1', '12999', '0', '[]', '0', '12999', NULL, NULL, '2026-02-17 19:56:15', '2026-02-17 19:56:15');
INSERT INTO `lunar_order_lines` (`id`, `order_id`, `purchasable_type`, `purchasable_id`, `type`, `description`, `option`, `identifier`, `unit_price`, `unit_quantity`, `quantity`, `sub_total`, `discount_total`, `tax_breakdown`, `tax_total`, `total`, `notes`, `meta`, `created_at`, `updated_at`) VALUES ('13', '12', 'product_variant', '7', 'physical', 'ASICS GEL-Kayano 31', NULL, 'line_3600663b-85aa-4de5-ad64-216abf3e49e7', '19999', '1', '1', '19999', '0', '[]', '0', '19999', NULL, NULL, '2026-02-17 20:20:49', '2026-02-17 20:20:49');
INSERT INTO `lunar_order_lines` (`id`, `order_id`, `purchasable_type`, `purchasable_id`, `type`, `description`, `option`, `identifier`, `unit_price`, `unit_quantity`, `quantity`, `sub_total`, `discount_total`, `tax_breakdown`, `tax_total`, `total`, `notes`, `meta`, `created_at`, `updated_at`) VALUES ('14', '12', 'product_variant', '7', 'physical', 'ASICS GEL-Kayano 31', NULL, 'line_c0255160-a4d7-4a52-872a-63544824fa33', '19999', '1', '2', '39998', '0', '[]', '0', '39998', NULL, NULL, '2026-02-17 20:20:49', '2026-02-17 20:20:49');
INSERT INTO `lunar_order_lines` (`id`, `order_id`, `purchasable_type`, `purchasable_id`, `type`, `description`, `option`, `identifier`, `unit_price`, `unit_quantity`, `quantity`, `sub_total`, `discount_total`, `tax_breakdown`, `tax_total`, `total`, `notes`, `meta`, `created_at`, `updated_at`) VALUES ('15', '13', 'product_variant', '1', 'physical', 'Nike Air Zoom Pegasus 41', NULL, 'line_0cbb38e5-cace-42c7-a974-dd73136b63c8', '12999', '1', '1', '12999', '0', '[]', '0', '12999', NULL, NULL, '2026-02-23 14:19:13', '2026-02-23 14:19:13');
INSERT INTO `lunar_order_lines` (`id`, `order_id`, `purchasable_type`, `purchasable_id`, `type`, `description`, `option`, `identifier`, `unit_price`, `unit_quantity`, `quantity`, `sub_total`, `discount_total`, `tax_breakdown`, `tax_total`, `total`, `notes`, `meta`, `created_at`, `updated_at`) VALUES ('16', '13', 'product_variant', '43', 'physical', 'Brooks Ghost 16', NULL, 'line_ea34667f-9f60-439a-b37e-bbe2cf38b18a', '14999', '1', '1', '14999', '0', '[]', '0', '14999', NULL, NULL, '2026-02-23 14:19:13', '2026-02-23 14:19:13');
INSERT INTO `lunar_order_lines` (`id`, `order_id`, `purchasable_type`, `purchasable_id`, `type`, `description`, `option`, `identifier`, `unit_price`, `unit_quantity`, `quantity`, `sub_total`, `discount_total`, `tax_breakdown`, `tax_total`, `total`, `notes`, `meta`, `created_at`, `updated_at`) VALUES ('17', '14', 'product_variant', '55', 'physical', 'Mizuno Wave Rider 27', NULL, 'line_a3304f95-cfd9-4719-b6cf-82d81a6c590c', '14999', '1', '1', '14999', '0', '[]', '0', '14999', NULL, NULL, '2026-02-24 20:01:29', '2026-02-24 20:01:29');
INSERT INTO `lunar_order_lines` (`id`, `order_id`, `purchasable_type`, `purchasable_id`, `type`, `description`, `option`, `identifier`, `unit_price`, `unit_quantity`, `quantity`, `sub_total`, `discount_total`, `tax_breakdown`, `tax_total`, `total`, `notes`, `meta`, `created_at`, `updated_at`) VALUES ('18', '15', 'product_variant', '19', 'physical', 'Adidas Ultraboost Light', NULL, 'line_283a7653-be91-444e-884f-ad28ea3a1e1b', '18999', '1', '1', '18999', '0', '[]', '0', '18999', NULL, NULL, '2026-03-06 09:19:04', '2026-03-06 09:19:04');
INSERT INTO `lunar_order_lines` (`id`, `order_id`, `purchasable_type`, `purchasable_id`, `type`, `description`, `option`, `identifier`, `unit_price`, `unit_quantity`, `quantity`, `sub_total`, `discount_total`, `tax_breakdown`, `tax_total`, `total`, `notes`, `meta`, `created_at`, `updated_at`) VALUES ('19', '16', 'product_variant', '49', 'physical', 'New Balance Fresh Foam X 1080v13', NULL, 'line_f68d8ca3-51a4-4524-99a9-e38d6ee15d85', '18999', '1', '1', '18999', '0', '[]', '0', '18999', NULL, NULL, '2026-03-09 15:13:34', '2026-03-09 15:13:34');

-- Table: lunar_orders
CREATE TABLE `lunar_orders` (`id` INT AUTO_INCREMENT PRIMARY KEY not null, `user_id` INT, `channel_id` INT not null, `status` VARCHAR(255) not null, `reference` VARCHAR(255), `customer_reference` VARCHAR(255), `sub_total` INT not null, `discount_total` INT not null, `shipping_total` INT not null, `tax_breakdown` text not null, `tax_total` INT not null, `total` INT not null, `notes` text, `currency_code` VARCHAR(255) not null, `compare_currency_code` VARCHAR(255), `exchange_rate` numeric not null default ('1'), `placed_at` DATETIME, `meta` text, `created_at` DATETIME, `updated_at` DATETIME, `customer_id` INT, `new_customer` tinyint(1) not null default ('0'), `discount_breakdown` text, `shipping_breakdown` text, `cart_id` INT, `fingerprint` VARCHAR(255), foreign key(`channel_id`) references lunar_channels(`id`) on delete no action on update no action, foreign key(`user_id`) references users(`id`) on delete no action on update no action, foreign key(`customer_id`) references lunar_customers(`id`) on delete no action on update no action, foreign key(`cart_id`) references `lunar_carts`(`id`) on delete set null);

INSERT INTO `lunar_orders` (`id`, `user_id`, `channel_id`, `status`, `reference`, `customer_reference`, `sub_total`, `discount_total`, `shipping_total`, `tax_breakdown`, `tax_total`, `total`, `notes`, `currency_code`, `compare_currency_code`, `exchange_rate`, `placed_at`, `meta`, `created_at`, `updated_at`, `customer_id`, `new_customer`, `discount_breakdown`, `shipping_breakdown`, `cart_id`, `fingerprint`) VALUES ('1', '4', '1', 'paid', 'pi_3Syx6cCt0kn5sooM1hAtt5PG', NULL, '31998', '0', '0', '[]', '0', '31998', NULL, 'EUR', 'EUR', '1', '2026-02-09 16:14:45', '{"stripe_payment_intent_id":"pi_3Syx6cCt0kn5sooM1hAtt5PG"}', '2026-02-09 16:14:45', '2026-02-09 16:14:45', NULL, '0', '[]', '[]', NULL, NULL);
INSERT INTO `lunar_orders` (`id`, `user_id`, `channel_id`, `status`, `reference`, `customer_reference`, `sub_total`, `discount_total`, `shipping_total`, `tax_breakdown`, `tax_total`, `total`, `notes`, `currency_code`, `compare_currency_code`, `exchange_rate`, `placed_at`, `meta`, `created_at`, `updated_at`, `customer_id`, `new_customer`, `discount_breakdown`, `shipping_breakdown`, `cart_id`, `fingerprint`) VALUES ('2', '4', '1', 'paid', 'pi_3SzLx2Ct0kn5sooM1z0lzGPh', NULL, '15999', '0', '0', '[]', '0', '15999', NULL, 'EUR', 'EUR', '1', '2026-02-10 18:47:00', '{"stripe_payment_intent_id":"pi_3SzLx2Ct0kn5sooM1z0lzGPh"}', '2026-02-10 18:47:00', '2026-02-10 18:47:00', NULL, '0', '[]', '[]', NULL, NULL);
INSERT INTO `lunar_orders` (`id`, `user_id`, `channel_id`, `status`, `reference`, `customer_reference`, `sub_total`, `discount_total`, `shipping_total`, `tax_breakdown`, `tax_total`, `total`, `notes`, `currency_code`, `compare_currency_code`, `exchange_rate`, `placed_at`, `meta`, `created_at`, `updated_at`, `customer_id`, `new_customer`, `discount_breakdown`, `shipping_breakdown`, `cart_id`, `fingerprint`) VALUES ('3', '4', '1', 'paid', 'pi_3SzMBECt0kn5sooM1UYgduKp', NULL, '12999', '0', '0', '[]', '0', '12999', NULL, 'EUR', 'EUR', '1', '2026-02-10 19:01:25', '{"stripe_payment_intent_id":"pi_3SzMBECt0kn5sooM1UYgduKp"}', '2026-02-10 19:01:25', '2026-02-10 19:01:25', NULL, '0', '[]', '[]', NULL, NULL);
INSERT INTO `lunar_orders` (`id`, `user_id`, `channel_id`, `status`, `reference`, `customer_reference`, `sub_total`, `discount_total`, `shipping_total`, `tax_breakdown`, `tax_total`, `total`, `notes`, `currency_code`, `compare_currency_code`, `exchange_rate`, `placed_at`, `meta`, `created_at`, `updated_at`, `customer_id`, `new_customer`, `discount_breakdown`, `shipping_breakdown`, `cart_id`, `fingerprint`) VALUES ('4', '4', '1', 'paid', 'pi_3SzMHqCt0kn5sooM1bjqKhO2', NULL, '18999', '0', '0', '[]', '0', '18999', NULL, 'EUR', 'EUR', '1', '2026-02-10 19:08:04', '{"stripe_payment_intent_id":"pi_3SzMHqCt0kn5sooM1bjqKhO2"}', '2026-02-10 19:08:04', '2026-02-10 19:08:04', NULL, '0', '[]', '[]', NULL, NULL);
INSERT INTO `lunar_orders` (`id`, `user_id`, `channel_id`, `status`, `reference`, `customer_reference`, `sub_total`, `discount_total`, `shipping_total`, `tax_breakdown`, `tax_total`, `total`, `notes`, `currency_code`, `compare_currency_code`, `exchange_rate`, `placed_at`, `meta`, `created_at`, `updated_at`, `customer_id`, `new_customer`, `discount_breakdown`, `shipping_breakdown`, `cart_id`, `fingerprint`) VALUES ('5', '4', '1', 'paid', 'pi_3SzMQPCt0kn5sooM0bbmGOWp', NULL, '14999', '0', '0', '[]', '0', '14999', NULL, 'EUR', 'EUR', '1', '2026-02-10 19:17:49', '{"stripe_payment_intent_id":"pi_3SzMQPCt0kn5sooM0bbmGOWp"}', '2026-02-10 19:17:49', '2026-02-10 19:17:49', NULL, '0', '[]', '[]', NULL, NULL);
INSERT INTO `lunar_orders` (`id`, `user_id`, `channel_id`, `status`, `reference`, `customer_reference`, `sub_total`, `discount_total`, `shipping_total`, `tax_breakdown`, `tax_total`, `total`, `notes`, `currency_code`, `compare_currency_code`, `exchange_rate`, `placed_at`, `meta`, `created_at`, `updated_at`, `customer_id`, `new_customer`, `discount_breakdown`, `shipping_breakdown`, `cart_id`, `fingerprint`) VALUES ('6', '4', '1', 'paid', 'pi_3SzMY3Ct0kn5sooM02mI1b6y', NULL, '15499', '0', '0', '[]', '0', '15499', NULL, 'EUR', 'EUR', '1', '2026-02-10 19:24:45', '{"stripe_payment_intent_id":"pi_3SzMY3Ct0kn5sooM02mI1b6y"}', '2026-02-10 19:24:45', '2026-02-10 19:24:45', NULL, '0', '[]', '[]', NULL, NULL);
INSERT INTO `lunar_orders` (`id`, `user_id`, `channel_id`, `status`, `reference`, `customer_reference`, `sub_total`, `discount_total`, `shipping_total`, `tax_breakdown`, `tax_total`, `total`, `notes`, `currency_code`, `compare_currency_code`, `exchange_rate`, `placed_at`, `meta`, `created_at`, `updated_at`, `customer_id`, `new_customer`, `discount_breakdown`, `shipping_breakdown`, `cart_id`, `fingerprint`) VALUES ('7', '5', '1', 'paid', 'pi_3SzMinCt0kn5sooM1T3tjdbg', NULL, '19999', '0', '0', '[]', '0', '19999', NULL, 'EUR', 'EUR', '1', '2026-02-10 19:36:15', '{"stripe_payment_intent_id":"pi_3SzMinCt0kn5sooM1T3tjdbg"}', '2026-02-10 19:36:15', '2026-02-10 19:36:15', NULL, '0', '[]', '[]', NULL, NULL);
INSERT INTO `lunar_orders` (`id`, `user_id`, `channel_id`, `status`, `reference`, `customer_reference`, `sub_total`, `discount_total`, `shipping_total`, `tax_breakdown`, `tax_total`, `total`, `notes`, `currency_code`, `compare_currency_code`, `exchange_rate`, `placed_at`, `meta`, `created_at`, `updated_at`, `customer_id`, `new_customer`, `discount_breakdown`, `shipping_breakdown`, `cart_id`, `fingerprint`) VALUES ('8', '5', '1', 'paid', 'pi_3SzMkiCt0kn5sooM1vkcEuAQ', NULL, '13999', '0', '0', '[]', '0', '13999', NULL, 'EUR', 'EUR', '1', '2026-02-10 19:38:19', '{"stripe_payment_intent_id":"pi_3SzMkiCt0kn5sooM1vkcEuAQ"}', '2026-02-10 19:38:19', '2026-02-10 19:38:19', NULL, '0', '[]', '[]', NULL, NULL);
INSERT INTO `lunar_orders` (`id`, `user_id`, `channel_id`, `status`, `reference`, `customer_reference`, `sub_total`, `discount_total`, `shipping_total`, `tax_breakdown`, `tax_total`, `total`, `notes`, `currency_code`, `compare_currency_code`, `exchange_rate`, `placed_at`, `meta`, `created_at`, `updated_at`, `customer_id`, `new_customer`, `discount_breakdown`, `shipping_breakdown`, `cart_id`, `fingerprint`) VALUES ('11', '3', '1', 'paid', 'pi_3T1uN7Ct0kn5sooM1icvFsvg', NULL, '12999', '0', '499', '[]', '2834', '16332', NULL, 'EUR', 'EUR', '1', '2026-02-17 19:56:15', '{"stripe_payment_intent_id":"pi_3T1uN7Ct0kn5sooM1icvFsvg"}', '2026-02-17 19:56:15', '2026-02-17 19:56:15', NULL, '0', '[]', '[]', NULL, NULL);
INSERT INTO `lunar_orders` (`id`, `user_id`, `channel_id`, `status`, `reference`, `customer_reference`, `sub_total`, `discount_total`, `shipping_total`, `tax_breakdown`, `tax_total`, `total`, `notes`, `currency_code`, `compare_currency_code`, `exchange_rate`, `placed_at`, `meta`, `created_at`, `updated_at`, `customer_id`, `new_customer`, `discount_breakdown`, `shipping_breakdown`, `cart_id`, `fingerprint`) VALUES ('12', '3', '1', 'paid', 'pi_3T1uk5Ct0kn5sooM1PNTfNBe', NULL, '59997', '0', '499', '[]', '12704', '73200', NULL, 'EUR', 'EUR', '1', '2026-02-17 20:20:49', '{"stripe_payment_intent_id":"pi_3T1uk5Ct0kn5sooM1PNTfNBe"}', '2026-02-17 20:20:49', '2026-02-17 20:20:49', NULL, '0', '[]', '[]', NULL, NULL);
INSERT INTO `lunar_orders` (`id`, `user_id`, `channel_id`, `status`, `reference`, `customer_reference`, `sub_total`, `discount_total`, `shipping_total`, `tax_breakdown`, `tax_total`, `total`, `notes`, `currency_code`, `compare_currency_code`, `exchange_rate`, `placed_at`, `meta`, `created_at`, `updated_at`, `customer_id`, `new_customer`, `discount_breakdown`, `shipping_breakdown`, `cart_id`, `fingerprint`) VALUES ('13', '7', '1', 'paid', 'pi_3T3zy3Ct0kn5sooM0LeK9TAb', NULL, '27998', '0', '499', '[]', '5984', '34481', NULL, 'EUR', 'EUR', '1', '2026-02-23 14:19:13', '{"stripe_payment_intent_id":"pi_3T3zy3Ct0kn5sooM0LeK9TAb"}', '2026-02-23 14:19:13', '2026-02-23 14:19:13', NULL, '0', '[]', '[]', NULL, NULL);
INSERT INTO `lunar_orders` (`id`, `user_id`, `channel_id`, `status`, `reference`, `customer_reference`, `sub_total`, `discount_total`, `shipping_total`, `tax_breakdown`, `tax_total`, `total`, `notes`, `currency_code`, `compare_currency_code`, `exchange_rate`, `placed_at`, `meta`, `created_at`, `updated_at`, `customer_id`, `new_customer`, `discount_breakdown`, `shipping_breakdown`, `cart_id`, `fingerprint`) VALUES ('14', '7', '1', 'paid', 'pi_3T4Rn8Ct0kn5sooM0o1zs1Mc', NULL, '14999', '0', '499', '[]', '2690', '15498', NULL, 'EUR', 'EUR', '1', '2026-02-24 20:01:29', '{"stripe_payment_intent_id":"pi_3T4Rn8Ct0kn5sooM0o1zs1Mc"}', '2026-02-24 20:01:29', '2026-02-24 20:01:29', NULL, '0', '[]', '[]', NULL, NULL);
INSERT INTO `lunar_orders` (`id`, `user_id`, `channel_id`, `status`, `reference`, `customer_reference`, `sub_total`, `discount_total`, `shipping_total`, `tax_breakdown`, `tax_total`, `total`, `notes`, `currency_code`, `compare_currency_code`, `exchange_rate`, `placed_at`, `meta`, `created_at`, `updated_at`, `customer_id`, `new_customer`, `discount_breakdown`, `shipping_breakdown`, `cart_id`, `fingerprint`) VALUES ('15', '7', '1', 'paid', 'pi_3T7uWpCt0kn5sooM1MmZCosQ', NULL, '18999', '0', '499', '[]', '3384', '19498', NULL, 'EUR', 'EUR', '1', '2026-03-06 09:19:04', '{"stripe_payment_intent_id":"pi_3T7uWpCt0kn5sooM1MmZCosQ"}', '2026-03-06 09:19:04', '2026-03-06 09:19:04', NULL, '0', '[]', '[]', NULL, NULL);
INSERT INTO `lunar_orders` (`id`, `user_id`, `channel_id`, `status`, `reference`, `customer_reference`, `sub_total`, `discount_total`, `shipping_total`, `tax_breakdown`, `tax_total`, `total`, `notes`, `currency_code`, `compare_currency_code`, `exchange_rate`, `placed_at`, `meta`, `created_at`, `updated_at`, `customer_id`, `new_customer`, `discount_breakdown`, `shipping_breakdown`, `cart_id`, `fingerprint`) VALUES ('16', '7', '1', 'paid', 'pi_3T95UeCt0kn5sooM1z9IyV4Z', NULL, '18999', '0', '499', '[]', '3384', '19498', NULL, 'EUR', 'EUR', '1', '2026-03-09 15:13:34', '{"stripe_payment_intent_id":"pi_3T95UeCt0kn5sooM1z9IyV4Z"}', '2026-03-09 15:13:34', '2026-03-09 15:13:34', NULL, '0', '[]', '[]', NULL, NULL);

-- Table: lunar_prices
CREATE TABLE `lunar_prices` (`id` INT AUTO_INCREMENT PRIMARY KEY not null, `customer_group_id` INT, `currency_id` INT not null, `priceable_type` VARCHAR(255) not null, `priceable_id` INT not null, `price` INT not null, `compare_price` INT, `min_quantity` INT not null default ('1'), `created_at` DATETIME, `updated_at` DATETIME, foreign key(`customer_group_id`) references lunar_customer_groups(`id`) on delete no action on update no action, foreign key(`currency_id`) references lunar_currencies(`id`) on delete no action on update no action);

INSERT INTO `lunar_prices` (`id`, `customer_group_id`, `currency_id`, `priceable_type`, `priceable_id`, `price`, `compare_price`, `min_quantity`, `created_at`, `updated_at`) VALUES ('1', NULL, '1', 'product_variant', '1', '12999', NULL, '1', '2026-02-04 16:50:32', '2026-02-04 16:50:32');
INSERT INTO `lunar_prices` (`id`, `customer_group_id`, `currency_id`, `priceable_type`, `priceable_id`, `price`, `compare_price`, `min_quantity`, `created_at`, `updated_at`) VALUES ('2', NULL, '1', 'product_variant', '2', '12999', NULL, '1', '2026-02-04 16:50:32', '2026-02-04 16:50:32');
INSERT INTO `lunar_prices` (`id`, `customer_group_id`, `currency_id`, `priceable_type`, `priceable_id`, `price`, `compare_price`, `min_quantity`, `created_at`, `updated_at`) VALUES ('3', NULL, '1', 'product_variant', '3', '13199', NULL, '1', '2026-02-04 16:50:32', '2026-02-04 16:50:32');
INSERT INTO `lunar_prices` (`id`, `customer_group_id`, `currency_id`, `priceable_type`, `priceable_id`, `price`, `compare_price`, `min_quantity`, `created_at`, `updated_at`) VALUES ('4', NULL, '1', 'product_variant', '4', '13199', NULL, '1', '2026-02-04 16:50:32', '2026-02-04 16:50:32');
INSERT INTO `lunar_prices` (`id`, `customer_group_id`, `currency_id`, `priceable_type`, `priceable_id`, `price`, `compare_price`, `min_quantity`, `created_at`, `updated_at`) VALUES ('5', NULL, '1', 'product_variant', '5', '13399', NULL, '1', '2026-02-04 16:50:32', '2026-02-04 16:50:32');
INSERT INTO `lunar_prices` (`id`, `customer_group_id`, `currency_id`, `priceable_type`, `priceable_id`, `price`, `compare_price`, `min_quantity`, `created_at`, `updated_at`) VALUES ('6', NULL, '1', 'product_variant', '6', '13399', NULL, '1', '2026-02-04 16:50:32', '2026-02-04 16:50:32');
INSERT INTO `lunar_prices` (`id`, `customer_group_id`, `currency_id`, `priceable_type`, `priceable_id`, `price`, `compare_price`, `min_quantity`, `created_at`, `updated_at`) VALUES ('7', NULL, '1', 'product_variant', '7', '19999', NULL, '1', '2026-02-04 16:50:32', '2026-02-04 16:50:32');
INSERT INTO `lunar_prices` (`id`, `customer_group_id`, `currency_id`, `priceable_type`, `priceable_id`, `price`, `compare_price`, `min_quantity`, `created_at`, `updated_at`) VALUES ('8', NULL, '1', 'product_variant', '8', '19999', NULL, '1', '2026-02-04 16:50:32', '2026-02-04 16:50:32');
INSERT INTO `lunar_prices` (`id`, `customer_group_id`, `currency_id`, `priceable_type`, `priceable_id`, `price`, `compare_price`, `min_quantity`, `created_at`, `updated_at`) VALUES ('9', NULL, '1', 'product_variant', '9', '20199', NULL, '1', '2026-02-04 16:50:32', '2026-02-04 16:50:32');
INSERT INTO `lunar_prices` (`id`, `customer_group_id`, `currency_id`, `priceable_type`, `priceable_id`, `price`, `compare_price`, `min_quantity`, `created_at`, `updated_at`) VALUES ('10', NULL, '1', 'product_variant', '10', '20199', NULL, '1', '2026-02-04 16:50:32', '2026-02-04 16:50:32');
INSERT INTO `lunar_prices` (`id`, `customer_group_id`, `currency_id`, `priceable_type`, `priceable_id`, `price`, `compare_price`, `min_quantity`, `created_at`, `updated_at`) VALUES ('11', NULL, '1', 'product_variant', '11', '20399', NULL, '1', '2026-02-04 16:50:32', '2026-02-04 16:50:32');
INSERT INTO `lunar_prices` (`id`, `customer_group_id`, `currency_id`, `priceable_type`, `priceable_id`, `price`, `compare_price`, `min_quantity`, `created_at`, `updated_at`) VALUES ('12', NULL, '1', 'product_variant', '12', '20399', NULL, '1', '2026-02-04 16:50:32', '2026-02-04 16:50:32');
INSERT INTO `lunar_prices` (`id`, `customer_group_id`, `currency_id`, `priceable_type`, `priceable_id`, `price`, `compare_price`, `min_quantity`, `created_at`, `updated_at`) VALUES ('13', NULL, '1', 'product_variant', '13', '15999', NULL, '1', '2026-02-04 16:50:32', '2026-02-04 16:50:32');
INSERT INTO `lunar_prices` (`id`, `customer_group_id`, `currency_id`, `priceable_type`, `priceable_id`, `price`, `compare_price`, `min_quantity`, `created_at`, `updated_at`) VALUES ('14', NULL, '1', 'product_variant', '14', '15999', NULL, '1', '2026-02-04 16:50:32', '2026-02-04 16:50:32');
INSERT INTO `lunar_prices` (`id`, `customer_group_id`, `currency_id`, `priceable_type`, `priceable_id`, `price`, `compare_price`, `min_quantity`, `created_at`, `updated_at`) VALUES ('15', NULL, '1', 'product_variant', '15', '16199', NULL, '1', '2026-02-04 16:50:32', '2026-02-04 16:50:32');
INSERT INTO `lunar_prices` (`id`, `customer_group_id`, `currency_id`, `priceable_type`, `priceable_id`, `price`, `compare_price`, `min_quantity`, `created_at`, `updated_at`) VALUES ('16', NULL, '1', 'product_variant', '16', '16199', NULL, '1', '2026-02-04 16:50:32', '2026-02-04 16:50:32');
INSERT INTO `lunar_prices` (`id`, `customer_group_id`, `currency_id`, `priceable_type`, `priceable_id`, `price`, `compare_price`, `min_quantity`, `created_at`, `updated_at`) VALUES ('17', NULL, '1', 'product_variant', '17', '16399', NULL, '1', '2026-02-04 16:50:32', '2026-02-04 16:50:32');
INSERT INTO `lunar_prices` (`id`, `customer_group_id`, `currency_id`, `priceable_type`, `priceable_id`, `price`, `compare_price`, `min_quantity`, `created_at`, `updated_at`) VALUES ('18', NULL, '1', 'product_variant', '18', '16399', NULL, '1', '2026-02-04 16:50:32', '2026-02-04 16:50:32');
INSERT INTO `lunar_prices` (`id`, `customer_group_id`, `currency_id`, `priceable_type`, `priceable_id`, `price`, `compare_price`, `min_quantity`, `created_at`, `updated_at`) VALUES ('19', NULL, '1', 'product_variant', '19', '18999', NULL, '1', '2026-02-04 16:50:32', '2026-02-04 16:50:32');
INSERT INTO `lunar_prices` (`id`, `customer_group_id`, `currency_id`, `priceable_type`, `priceable_id`, `price`, `compare_price`, `min_quantity`, `created_at`, `updated_at`) VALUES ('20', NULL, '1', 'product_variant', '20', '18999', NULL, '1', '2026-02-04 16:50:32', '2026-02-04 16:50:32');
INSERT INTO `lunar_prices` (`id`, `customer_group_id`, `currency_id`, `priceable_type`, `priceable_id`, `price`, `compare_price`, `min_quantity`, `created_at`, `updated_at`) VALUES ('21', NULL, '1', 'product_variant', '21', '19199', NULL, '1', '2026-02-04 16:50:32', '2026-02-04 16:50:32');
INSERT INTO `lunar_prices` (`id`, `customer_group_id`, `currency_id`, `priceable_type`, `priceable_id`, `price`, `compare_price`, `min_quantity`, `created_at`, `updated_at`) VALUES ('22', NULL, '1', 'product_variant', '22', '19199', NULL, '1', '2026-02-04 16:50:32', '2026-02-04 16:50:32');
INSERT INTO `lunar_prices` (`id`, `customer_group_id`, `currency_id`, `priceable_type`, `priceable_id`, `price`, `compare_price`, `min_quantity`, `created_at`, `updated_at`) VALUES ('23', NULL, '1', 'product_variant', '23', '19399', NULL, '1', '2026-02-04 16:50:32', '2026-02-04 16:50:32');
INSERT INTO `lunar_prices` (`id`, `customer_group_id`, `currency_id`, `priceable_type`, `priceable_id`, `price`, `compare_price`, `min_quantity`, `created_at`, `updated_at`) VALUES ('24', NULL, '1', 'product_variant', '24', '19399', NULL, '1', '2026-02-04 16:50:32', '2026-02-04 16:50:32');
INSERT INTO `lunar_prices` (`id`, `customer_group_id`, `currency_id`, `priceable_type`, `priceable_id`, `price`, `compare_price`, `min_quantity`, `created_at`, `updated_at`) VALUES ('25', NULL, '1', 'product_variant', '25', '14999', NULL, '1', '2026-02-04 16:50:32', '2026-02-04 16:50:32');
INSERT INTO `lunar_prices` (`id`, `customer_group_id`, `currency_id`, `priceable_type`, `priceable_id`, `price`, `compare_price`, `min_quantity`, `created_at`, `updated_at`) VALUES ('26', NULL, '1', 'product_variant', '26', '14999', NULL, '1', '2026-02-04 16:50:32', '2026-02-04 16:50:32');
INSERT INTO `lunar_prices` (`id`, `customer_group_id`, `currency_id`, `priceable_type`, `priceable_id`, `price`, `compare_price`, `min_quantity`, `created_at`, `updated_at`) VALUES ('27', NULL, '1', 'product_variant', '27', '15199', NULL, '1', '2026-02-04 16:50:32', '2026-02-04 16:50:32');
INSERT INTO `lunar_prices` (`id`, `customer_group_id`, `currency_id`, `priceable_type`, `priceable_id`, `price`, `compare_price`, `min_quantity`, `created_at`, `updated_at`) VALUES ('28', NULL, '1', 'product_variant', '28', '15199', NULL, '1', '2026-02-04 16:50:32', '2026-02-04 16:50:32');
INSERT INTO `lunar_prices` (`id`, `customer_group_id`, `currency_id`, `priceable_type`, `priceable_id`, `price`, `compare_price`, `min_quantity`, `created_at`, `updated_at`) VALUES ('29', NULL, '1', 'product_variant', '29', '15399', NULL, '1', '2026-02-04 16:50:32', '2026-02-04 16:50:32');
INSERT INTO `lunar_prices` (`id`, `customer_group_id`, `currency_id`, `priceable_type`, `priceable_id`, `price`, `compare_price`, `min_quantity`, `created_at`, `updated_at`) VALUES ('30', NULL, '1', 'product_variant', '30', '15399', NULL, '1', '2026-02-04 16:50:32', '2026-02-04 16:50:32');
INSERT INTO `lunar_prices` (`id`, `customer_group_id`, `currency_id`, `priceable_type`, `priceable_id`, `price`, `compare_price`, `min_quantity`, `created_at`, `updated_at`) VALUES ('31', NULL, '1', 'product_variant', '31', '13999', NULL, '1', '2026-02-04 16:50:32', '2026-02-04 16:50:32');
INSERT INTO `lunar_prices` (`id`, `customer_group_id`, `currency_id`, `priceable_type`, `priceable_id`, `price`, `compare_price`, `min_quantity`, `created_at`, `updated_at`) VALUES ('32', NULL, '1', 'product_variant', '32', '13999', NULL, '1', '2026-02-04 16:50:32', '2026-02-04 16:50:32');
INSERT INTO `lunar_prices` (`id`, `customer_group_id`, `currency_id`, `priceable_type`, `priceable_id`, `price`, `compare_price`, `min_quantity`, `created_at`, `updated_at`) VALUES ('33', NULL, '1', 'product_variant', '33', '14199', NULL, '1', '2026-02-04 16:50:32', '2026-02-04 16:50:32');
INSERT INTO `lunar_prices` (`id`, `customer_group_id`, `currency_id`, `priceable_type`, `priceable_id`, `price`, `compare_price`, `min_quantity`, `created_at`, `updated_at`) VALUES ('34', NULL, '1', 'product_variant', '34', '14199', NULL, '1', '2026-02-04 16:50:32', '2026-02-04 16:50:32');
INSERT INTO `lunar_prices` (`id`, `customer_group_id`, `currency_id`, `priceable_type`, `priceable_id`, `price`, `compare_price`, `min_quantity`, `created_at`, `updated_at`) VALUES ('35', NULL, '1', 'product_variant', '35', '14399', NULL, '1', '2026-02-04 16:50:32', '2026-02-04 16:50:32');
INSERT INTO `lunar_prices` (`id`, `customer_group_id`, `currency_id`, `priceable_type`, `priceable_id`, `price`, `compare_price`, `min_quantity`, `created_at`, `updated_at`) VALUES ('36', NULL, '1', 'product_variant', '36', '14399', NULL, '1', '2026-02-04 16:50:32', '2026-02-04 16:50:32');
INSERT INTO `lunar_prices` (`id`, `customer_group_id`, `currency_id`, `priceable_type`, `priceable_id`, `price`, `compare_price`, `min_quantity`, `created_at`, `updated_at`) VALUES ('37', NULL, '1', 'product_variant', '37', '15499', NULL, '1', '2026-02-04 16:50:32', '2026-02-04 16:50:32');
INSERT INTO `lunar_prices` (`id`, `customer_group_id`, `currency_id`, `priceable_type`, `priceable_id`, `price`, `compare_price`, `min_quantity`, `created_at`, `updated_at`) VALUES ('38', NULL, '1', 'product_variant', '38', '15499', NULL, '1', '2026-02-04 16:50:32', '2026-02-04 16:50:32');
INSERT INTO `lunar_prices` (`id`, `customer_group_id`, `currency_id`, `priceable_type`, `priceable_id`, `price`, `compare_price`, `min_quantity`, `created_at`, `updated_at`) VALUES ('39', NULL, '1', 'product_variant', '39', '15699', NULL, '1', '2026-02-04 16:50:32', '2026-02-04 16:50:32');
INSERT INTO `lunar_prices` (`id`, `customer_group_id`, `currency_id`, `priceable_type`, `priceable_id`, `price`, `compare_price`, `min_quantity`, `created_at`, `updated_at`) VALUES ('40', NULL, '1', 'product_variant', '40', '15699', NULL, '1', '2026-02-04 16:50:32', '2026-02-04 16:50:32');
INSERT INTO `lunar_prices` (`id`, `customer_group_id`, `currency_id`, `priceable_type`, `priceable_id`, `price`, `compare_price`, `min_quantity`, `created_at`, `updated_at`) VALUES ('41', NULL, '1', 'product_variant', '41', '15899', NULL, '1', '2026-02-04 16:50:32', '2026-02-04 16:50:32');
INSERT INTO `lunar_prices` (`id`, `customer_group_id`, `currency_id`, `priceable_type`, `priceable_id`, `price`, `compare_price`, `min_quantity`, `created_at`, `updated_at`) VALUES ('42', NULL, '1', 'product_variant', '42', '15899', NULL, '1', '2026-02-04 16:50:32', '2026-02-04 16:50:32');
INSERT INTO `lunar_prices` (`id`, `customer_group_id`, `currency_id`, `priceable_type`, `priceable_id`, `price`, `compare_price`, `min_quantity`, `created_at`, `updated_at`) VALUES ('43', NULL, '1', 'product_variant', '43', '14999', NULL, '1', '2026-02-04 16:50:33', '2026-02-04 16:50:33');
INSERT INTO `lunar_prices` (`id`, `customer_group_id`, `currency_id`, `priceable_type`, `priceable_id`, `price`, `compare_price`, `min_quantity`, `created_at`, `updated_at`) VALUES ('44', NULL, '1', 'product_variant', '44', '14999', NULL, '1', '2026-02-04 16:50:33', '2026-02-04 16:50:33');
INSERT INTO `lunar_prices` (`id`, `customer_group_id`, `currency_id`, `priceable_type`, `priceable_id`, `price`, `compare_price`, `min_quantity`, `created_at`, `updated_at`) VALUES ('45', NULL, '1', 'product_variant', '45', '15199', NULL, '1', '2026-02-04 16:50:33', '2026-02-04 16:50:33');
INSERT INTO `lunar_prices` (`id`, `customer_group_id`, `currency_id`, `priceable_type`, `priceable_id`, `price`, `compare_price`, `min_quantity`, `created_at`, `updated_at`) VALUES ('46', NULL, '1', 'product_variant', '46', '15199', NULL, '1', '2026-02-04 16:50:33', '2026-02-04 16:50:33');
INSERT INTO `lunar_prices` (`id`, `customer_group_id`, `currency_id`, `priceable_type`, `priceable_id`, `price`, `compare_price`, `min_quantity`, `created_at`, `updated_at`) VALUES ('47', NULL, '1', 'product_variant', '47', '15399', NULL, '1', '2026-02-04 16:50:33', '2026-02-04 16:50:33');
INSERT INTO `lunar_prices` (`id`, `customer_group_id`, `currency_id`, `priceable_type`, `priceable_id`, `price`, `compare_price`, `min_quantity`, `created_at`, `updated_at`) VALUES ('48', NULL, '1', 'product_variant', '48', '15399', NULL, '1', '2026-02-04 16:50:33', '2026-02-04 16:50:33');
INSERT INTO `lunar_prices` (`id`, `customer_group_id`, `currency_id`, `priceable_type`, `priceable_id`, `price`, `compare_price`, `min_quantity`, `created_at`, `updated_at`) VALUES ('49', NULL, '1', 'product_variant', '49', '18999', NULL, '1', '2026-02-04 16:50:33', '2026-02-04 16:50:33');
INSERT INTO `lunar_prices` (`id`, `customer_group_id`, `currency_id`, `priceable_type`, `priceable_id`, `price`, `compare_price`, `min_quantity`, `created_at`, `updated_at`) VALUES ('50', NULL, '1', 'product_variant', '50', '18999', NULL, '1', '2026-02-04 16:50:33', '2026-02-04 16:50:33');
INSERT INTO `lunar_prices` (`id`, `customer_group_id`, `currency_id`, `priceable_type`, `priceable_id`, `price`, `compare_price`, `min_quantity`, `created_at`, `updated_at`) VALUES ('51', NULL, '1', 'product_variant', '51', '19199', NULL, '1', '2026-02-04 16:50:33', '2026-02-04 16:50:33');
INSERT INTO `lunar_prices` (`id`, `customer_group_id`, `currency_id`, `priceable_type`, `priceable_id`, `price`, `compare_price`, `min_quantity`, `created_at`, `updated_at`) VALUES ('52', NULL, '1', 'product_variant', '52', '19199', NULL, '1', '2026-02-04 16:50:33', '2026-02-04 16:50:33');
INSERT INTO `lunar_prices` (`id`, `customer_group_id`, `currency_id`, `priceable_type`, `priceable_id`, `price`, `compare_price`, `min_quantity`, `created_at`, `updated_at`) VALUES ('53', NULL, '1', 'product_variant', '53', '19399', NULL, '1', '2026-02-04 16:50:33', '2026-02-04 16:50:33');
INSERT INTO `lunar_prices` (`id`, `customer_group_id`, `currency_id`, `priceable_type`, `priceable_id`, `price`, `compare_price`, `min_quantity`, `created_at`, `updated_at`) VALUES ('54', NULL, '1', 'product_variant', '54', '19399', NULL, '1', '2026-02-04 16:50:33', '2026-02-04 16:50:33');
INSERT INTO `lunar_prices` (`id`, `customer_group_id`, `currency_id`, `priceable_type`, `priceable_id`, `price`, `compare_price`, `min_quantity`, `created_at`, `updated_at`) VALUES ('55', NULL, '1', 'product_variant', '55', '14999', NULL, '1', '2026-02-04 16:50:33', '2026-02-04 16:50:33');
INSERT INTO `lunar_prices` (`id`, `customer_group_id`, `currency_id`, `priceable_type`, `priceable_id`, `price`, `compare_price`, `min_quantity`, `created_at`, `updated_at`) VALUES ('56', NULL, '1', 'product_variant', '56', '14999', NULL, '1', '2026-02-04 16:50:33', '2026-02-04 16:50:33');
INSERT INTO `lunar_prices` (`id`, `customer_group_id`, `currency_id`, `priceable_type`, `priceable_id`, `price`, `compare_price`, `min_quantity`, `created_at`, `updated_at`) VALUES ('57', NULL, '1', 'product_variant', '57', '15199', NULL, '1', '2026-02-04 16:50:33', '2026-02-04 16:50:33');
INSERT INTO `lunar_prices` (`id`, `customer_group_id`, `currency_id`, `priceable_type`, `priceable_id`, `price`, `compare_price`, `min_quantity`, `created_at`, `updated_at`) VALUES ('58', NULL, '1', 'product_variant', '58', '15199', NULL, '1', '2026-02-04 16:50:33', '2026-02-04 16:50:33');
INSERT INTO `lunar_prices` (`id`, `customer_group_id`, `currency_id`, `priceable_type`, `priceable_id`, `price`, `compare_price`, `min_quantity`, `created_at`, `updated_at`) VALUES ('59', NULL, '1', 'product_variant', '59', '15399', NULL, '1', '2026-02-04 16:50:33', '2026-02-04 16:50:33');
INSERT INTO `lunar_prices` (`id`, `customer_group_id`, `currency_id`, `priceable_type`, `priceable_id`, `price`, `compare_price`, `min_quantity`, `created_at`, `updated_at`) VALUES ('60', NULL, '1', 'product_variant', '60', '15399', NULL, '1', '2026-02-04 16:50:33', '2026-02-04 16:50:33');

-- Table: lunar_product_associations
CREATE TABLE `lunar_product_associations` (`id` INT AUTO_INCREMENT PRIMARY KEY not null, `product_parent_id` INT not null, `product_target_id` INT not null, `type` VARCHAR(255) not null, `created_at` DATETIME, `updated_at` DATETIME, foreign key(`product_parent_id`) references `lunar_products`(`id`), foreign key(`product_target_id`) references `lunar_products`(`id`));

-- Table: lunar_product_option_value_product_variant
CREATE TABLE `lunar_product_option_value_product_variant` (`id` INT AUTO_INCREMENT PRIMARY KEY not null, `value_id` INT not null, `variant_id` INT not null, `created_at` DATETIME, `updated_at` DATETIME, foreign key(`value_id`) references `lunar_product_option_values`(`id`), foreign key(`variant_id`) references `lunar_product_variants`(`id`));

INSERT INTO `lunar_product_option_value_product_variant` (`id`, `value_id`, `variant_id`, `created_at`, `updated_at`) VALUES ('1', '2', '1', '2026-02-04 16:50:32', '2026-02-04 16:50:32');
INSERT INTO `lunar_product_option_value_product_variant` (`id`, `value_id`, `variant_id`, `created_at`, `updated_at`) VALUES ('2', '6', '1', '2026-02-04 16:50:32', '2026-02-04 16:50:32');
INSERT INTO `lunar_product_option_value_product_variant` (`id`, `value_id`, `variant_id`, `created_at`, `updated_at`) VALUES ('3', '2', '2', '2026-02-04 16:50:32', '2026-02-04 16:50:32');
INSERT INTO `lunar_product_option_value_product_variant` (`id`, `value_id`, `variant_id`, `created_at`, `updated_at`) VALUES ('4', '7', '2', '2026-02-04 16:50:32', '2026-02-04 16:50:32');
INSERT INTO `lunar_product_option_value_product_variant` (`id`, `value_id`, `variant_id`, `created_at`, `updated_at`) VALUES ('5', '3', '3', '2026-02-04 16:50:32', '2026-02-04 16:50:32');
INSERT INTO `lunar_product_option_value_product_variant` (`id`, `value_id`, `variant_id`, `created_at`, `updated_at`) VALUES ('6', '6', '3', '2026-02-04 16:50:32', '2026-02-04 16:50:32');
INSERT INTO `lunar_product_option_value_product_variant` (`id`, `value_id`, `variant_id`, `created_at`, `updated_at`) VALUES ('7', '3', '4', '2026-02-04 16:50:32', '2026-02-04 16:50:32');
INSERT INTO `lunar_product_option_value_product_variant` (`id`, `value_id`, `variant_id`, `created_at`, `updated_at`) VALUES ('8', '7', '4', '2026-02-04 16:50:32', '2026-02-04 16:50:32');
INSERT INTO `lunar_product_option_value_product_variant` (`id`, `value_id`, `variant_id`, `created_at`, `updated_at`) VALUES ('9', '4', '5', '2026-02-04 16:50:32', '2026-02-04 16:50:32');
INSERT INTO `lunar_product_option_value_product_variant` (`id`, `value_id`, `variant_id`, `created_at`, `updated_at`) VALUES ('10', '6', '5', '2026-02-04 16:50:32', '2026-02-04 16:50:32');
INSERT INTO `lunar_product_option_value_product_variant` (`id`, `value_id`, `variant_id`, `created_at`, `updated_at`) VALUES ('11', '4', '6', '2026-02-04 16:50:32', '2026-02-04 16:50:32');
INSERT INTO `lunar_product_option_value_product_variant` (`id`, `value_id`, `variant_id`, `created_at`, `updated_at`) VALUES ('12', '7', '6', '2026-02-04 16:50:32', '2026-02-04 16:50:32');
INSERT INTO `lunar_product_option_value_product_variant` (`id`, `value_id`, `variant_id`, `created_at`, `updated_at`) VALUES ('13', '2', '7', '2026-02-04 16:50:32', '2026-02-04 16:50:32');
INSERT INTO `lunar_product_option_value_product_variant` (`id`, `value_id`, `variant_id`, `created_at`, `updated_at`) VALUES ('14', '6', '7', '2026-02-04 16:50:32', '2026-02-04 16:50:32');
INSERT INTO `lunar_product_option_value_product_variant` (`id`, `value_id`, `variant_id`, `created_at`, `updated_at`) VALUES ('15', '2', '8', '2026-02-04 16:50:32', '2026-02-04 16:50:32');
INSERT INTO `lunar_product_option_value_product_variant` (`id`, `value_id`, `variant_id`, `created_at`, `updated_at`) VALUES ('16', '7', '8', '2026-02-04 16:50:32', '2026-02-04 16:50:32');
INSERT INTO `lunar_product_option_value_product_variant` (`id`, `value_id`, `variant_id`, `created_at`, `updated_at`) VALUES ('17', '3', '9', '2026-02-04 16:50:32', '2026-02-04 16:50:32');
INSERT INTO `lunar_product_option_value_product_variant` (`id`, `value_id`, `variant_id`, `created_at`, `updated_at`) VALUES ('18', '6', '9', '2026-02-04 16:50:32', '2026-02-04 16:50:32');
INSERT INTO `lunar_product_option_value_product_variant` (`id`, `value_id`, `variant_id`, `created_at`, `updated_at`) VALUES ('19', '3', '10', '2026-02-04 16:50:32', '2026-02-04 16:50:32');
INSERT INTO `lunar_product_option_value_product_variant` (`id`, `value_id`, `variant_id`, `created_at`, `updated_at`) VALUES ('20', '7', '10', '2026-02-04 16:50:32', '2026-02-04 16:50:32');
INSERT INTO `lunar_product_option_value_product_variant` (`id`, `value_id`, `variant_id`, `created_at`, `updated_at`) VALUES ('21', '4', '11', '2026-02-04 16:50:32', '2026-02-04 16:50:32');
INSERT INTO `lunar_product_option_value_product_variant` (`id`, `value_id`, `variant_id`, `created_at`, `updated_at`) VALUES ('22', '6', '11', '2026-02-04 16:50:32', '2026-02-04 16:50:32');
INSERT INTO `lunar_product_option_value_product_variant` (`id`, `value_id`, `variant_id`, `created_at`, `updated_at`) VALUES ('23', '4', '12', '2026-02-04 16:50:32', '2026-02-04 16:50:32');
INSERT INTO `lunar_product_option_value_product_variant` (`id`, `value_id`, `variant_id`, `created_at`, `updated_at`) VALUES ('24', '7', '12', '2026-02-04 16:50:32', '2026-02-04 16:50:32');
INSERT INTO `lunar_product_option_value_product_variant` (`id`, `value_id`, `variant_id`, `created_at`, `updated_at`) VALUES ('25', '2', '13', '2026-02-04 16:50:32', '2026-02-04 16:50:32');
INSERT INTO `lunar_product_option_value_product_variant` (`id`, `value_id`, `variant_id`, `created_at`, `updated_at`) VALUES ('26', '6', '13', '2026-02-04 16:50:32', '2026-02-04 16:50:32');
INSERT INTO `lunar_product_option_value_product_variant` (`id`, `value_id`, `variant_id`, `created_at`, `updated_at`) VALUES ('27', '2', '14', '2026-02-04 16:50:32', '2026-02-04 16:50:32');
INSERT INTO `lunar_product_option_value_product_variant` (`id`, `value_id`, `variant_id`, `created_at`, `updated_at`) VALUES ('28', '7', '14', '2026-02-04 16:50:32', '2026-02-04 16:50:32');
INSERT INTO `lunar_product_option_value_product_variant` (`id`, `value_id`, `variant_id`, `created_at`, `updated_at`) VALUES ('29', '3', '15', '2026-02-04 16:50:32', '2026-02-04 16:50:32');
INSERT INTO `lunar_product_option_value_product_variant` (`id`, `value_id`, `variant_id`, `created_at`, `updated_at`) VALUES ('30', '6', '15', '2026-02-04 16:50:32', '2026-02-04 16:50:32');
INSERT INTO `lunar_product_option_value_product_variant` (`id`, `value_id`, `variant_id`, `created_at`, `updated_at`) VALUES ('31', '3', '16', '2026-02-04 16:50:32', '2026-02-04 16:50:32');
INSERT INTO `lunar_product_option_value_product_variant` (`id`, `value_id`, `variant_id`, `created_at`, `updated_at`) VALUES ('32', '7', '16', '2026-02-04 16:50:32', '2026-02-04 16:50:32');
INSERT INTO `lunar_product_option_value_product_variant` (`id`, `value_id`, `variant_id`, `created_at`, `updated_at`) VALUES ('33', '4', '17', '2026-02-04 16:50:32', '2026-02-04 16:50:32');
INSERT INTO `lunar_product_option_value_product_variant` (`id`, `value_id`, `variant_id`, `created_at`, `updated_at`) VALUES ('34', '6', '17', '2026-02-04 16:50:32', '2026-02-04 16:50:32');
INSERT INTO `lunar_product_option_value_product_variant` (`id`, `value_id`, `variant_id`, `created_at`, `updated_at`) VALUES ('35', '4', '18', '2026-02-04 16:50:32', '2026-02-04 16:50:32');
INSERT INTO `lunar_product_option_value_product_variant` (`id`, `value_id`, `variant_id`, `created_at`, `updated_at`) VALUES ('36', '7', '18', '2026-02-04 16:50:32', '2026-02-04 16:50:32');
INSERT INTO `lunar_product_option_value_product_variant` (`id`, `value_id`, `variant_id`, `created_at`, `updated_at`) VALUES ('37', '2', '19', '2026-02-04 16:50:32', '2026-02-04 16:50:32');
INSERT INTO `lunar_product_option_value_product_variant` (`id`, `value_id`, `variant_id`, `created_at`, `updated_at`) VALUES ('38', '6', '19', '2026-02-04 16:50:32', '2026-02-04 16:50:32');
INSERT INTO `lunar_product_option_value_product_variant` (`id`, `value_id`, `variant_id`, `created_at`, `updated_at`) VALUES ('39', '2', '20', '2026-02-04 16:50:32', '2026-02-04 16:50:32');
INSERT INTO `lunar_product_option_value_product_variant` (`id`, `value_id`, `variant_id`, `created_at`, `updated_at`) VALUES ('40', '7', '20', '2026-02-04 16:50:32', '2026-02-04 16:50:32');
INSERT INTO `lunar_product_option_value_product_variant` (`id`, `value_id`, `variant_id`, `created_at`, `updated_at`) VALUES ('41', '3', '21', '2026-02-04 16:50:32', '2026-02-04 16:50:32');
INSERT INTO `lunar_product_option_value_product_variant` (`id`, `value_id`, `variant_id`, `created_at`, `updated_at`) VALUES ('42', '6', '21', '2026-02-04 16:50:32', '2026-02-04 16:50:32');
INSERT INTO `lunar_product_option_value_product_variant` (`id`, `value_id`, `variant_id`, `created_at`, `updated_at`) VALUES ('43', '3', '22', '2026-02-04 16:50:32', '2026-02-04 16:50:32');
INSERT INTO `lunar_product_option_value_product_variant` (`id`, `value_id`, `variant_id`, `created_at`, `updated_at`) VALUES ('44', '7', '22', '2026-02-04 16:50:32', '2026-02-04 16:50:32');
INSERT INTO `lunar_product_option_value_product_variant` (`id`, `value_id`, `variant_id`, `created_at`, `updated_at`) VALUES ('45', '4', '23', '2026-02-04 16:50:32', '2026-02-04 16:50:32');
INSERT INTO `lunar_product_option_value_product_variant` (`id`, `value_id`, `variant_id`, `created_at`, `updated_at`) VALUES ('46', '6', '23', '2026-02-04 16:50:32', '2026-02-04 16:50:32');
INSERT INTO `lunar_product_option_value_product_variant` (`id`, `value_id`, `variant_id`, `created_at`, `updated_at`) VALUES ('47', '4', '24', '2026-02-04 16:50:32', '2026-02-04 16:50:32');
INSERT INTO `lunar_product_option_value_product_variant` (`id`, `value_id`, `variant_id`, `created_at`, `updated_at`) VALUES ('48', '7', '24', '2026-02-04 16:50:32', '2026-02-04 16:50:32');
INSERT INTO `lunar_product_option_value_product_variant` (`id`, `value_id`, `variant_id`, `created_at`, `updated_at`) VALUES ('49', '2', '25', '2026-02-04 16:50:32', '2026-02-04 16:50:32');
INSERT INTO `lunar_product_option_value_product_variant` (`id`, `value_id`, `variant_id`, `created_at`, `updated_at`) VALUES ('50', '6', '25', '2026-02-04 16:50:32', '2026-02-04 16:50:32');
INSERT INTO `lunar_product_option_value_product_variant` (`id`, `value_id`, `variant_id`, `created_at`, `updated_at`) VALUES ('51', '2', '26', '2026-02-04 16:50:32', '2026-02-04 16:50:32');
INSERT INTO `lunar_product_option_value_product_variant` (`id`, `value_id`, `variant_id`, `created_at`, `updated_at`) VALUES ('52', '7', '26', '2026-02-04 16:50:32', '2026-02-04 16:50:32');
INSERT INTO `lunar_product_option_value_product_variant` (`id`, `value_id`, `variant_id`, `created_at`, `updated_at`) VALUES ('53', '3', '27', '2026-02-04 16:50:32', '2026-02-04 16:50:32');
INSERT INTO `lunar_product_option_value_product_variant` (`id`, `value_id`, `variant_id`, `created_at`, `updated_at`) VALUES ('54', '6', '27', '2026-02-04 16:50:32', '2026-02-04 16:50:32');
INSERT INTO `lunar_product_option_value_product_variant` (`id`, `value_id`, `variant_id`, `created_at`, `updated_at`) VALUES ('55', '3', '28', '2026-02-04 16:50:32', '2026-02-04 16:50:32');
INSERT INTO `lunar_product_option_value_product_variant` (`id`, `value_id`, `variant_id`, `created_at`, `updated_at`) VALUES ('56', '7', '28', '2026-02-04 16:50:32', '2026-02-04 16:50:32');
INSERT INTO `lunar_product_option_value_product_variant` (`id`, `value_id`, `variant_id`, `created_at`, `updated_at`) VALUES ('57', '4', '29', '2026-02-04 16:50:32', '2026-02-04 16:50:32');
INSERT INTO `lunar_product_option_value_product_variant` (`id`, `value_id`, `variant_id`, `created_at`, `updated_at`) VALUES ('58', '6', '29', '2026-02-04 16:50:32', '2026-02-04 16:50:32');
INSERT INTO `lunar_product_option_value_product_variant` (`id`, `value_id`, `variant_id`, `created_at`, `updated_at`) VALUES ('59', '4', '30', '2026-02-04 16:50:32', '2026-02-04 16:50:32');
INSERT INTO `lunar_product_option_value_product_variant` (`id`, `value_id`, `variant_id`, `created_at`, `updated_at`) VALUES ('60', '7', '30', '2026-02-04 16:50:32', '2026-02-04 16:50:32');
INSERT INTO `lunar_product_option_value_product_variant` (`id`, `value_id`, `variant_id`, `created_at`, `updated_at`) VALUES ('61', '2', '31', '2026-02-04 16:50:32', '2026-02-04 16:50:32');
INSERT INTO `lunar_product_option_value_product_variant` (`id`, `value_id`, `variant_id`, `created_at`, `updated_at`) VALUES ('62', '6', '31', '2026-02-04 16:50:32', '2026-02-04 16:50:32');
INSERT INTO `lunar_product_option_value_product_variant` (`id`, `value_id`, `variant_id`, `created_at`, `updated_at`) VALUES ('63', '2', '32', '2026-02-04 16:50:32', '2026-02-04 16:50:32');
INSERT INTO `lunar_product_option_value_product_variant` (`id`, `value_id`, `variant_id`, `created_at`, `updated_at`) VALUES ('64', '7', '32', '2026-02-04 16:50:32', '2026-02-04 16:50:32');
INSERT INTO `lunar_product_option_value_product_variant` (`id`, `value_id`, `variant_id`, `created_at`, `updated_at`) VALUES ('65', '3', '33', '2026-02-04 16:50:32', '2026-02-04 16:50:32');
INSERT INTO `lunar_product_option_value_product_variant` (`id`, `value_id`, `variant_id`, `created_at`, `updated_at`) VALUES ('66', '6', '33', '2026-02-04 16:50:32', '2026-02-04 16:50:32');
INSERT INTO `lunar_product_option_value_product_variant` (`id`, `value_id`, `variant_id`, `created_at`, `updated_at`) VALUES ('67', '3', '34', '2026-02-04 16:50:32', '2026-02-04 16:50:32');
INSERT INTO `lunar_product_option_value_product_variant` (`id`, `value_id`, `variant_id`, `created_at`, `updated_at`) VALUES ('68', '7', '34', '2026-02-04 16:50:32', '2026-02-04 16:50:32');
INSERT INTO `lunar_product_option_value_product_variant` (`id`, `value_id`, `variant_id`, `created_at`, `updated_at`) VALUES ('69', '4', '35', '2026-02-04 16:50:32', '2026-02-04 16:50:32');
INSERT INTO `lunar_product_option_value_product_variant` (`id`, `value_id`, `variant_id`, `created_at`, `updated_at`) VALUES ('70', '6', '35', '2026-02-04 16:50:32', '2026-02-04 16:50:32');
INSERT INTO `lunar_product_option_value_product_variant` (`id`, `value_id`, `variant_id`, `created_at`, `updated_at`) VALUES ('71', '4', '36', '2026-02-04 16:50:32', '2026-02-04 16:50:32');
INSERT INTO `lunar_product_option_value_product_variant` (`id`, `value_id`, `variant_id`, `created_at`, `updated_at`) VALUES ('72', '7', '36', '2026-02-04 16:50:32', '2026-02-04 16:50:32');
INSERT INTO `lunar_product_option_value_product_variant` (`id`, `value_id`, `variant_id`, `created_at`, `updated_at`) VALUES ('73', '2', '37', '2026-02-04 16:50:32', '2026-02-04 16:50:32');
INSERT INTO `lunar_product_option_value_product_variant` (`id`, `value_id`, `variant_id`, `created_at`, `updated_at`) VALUES ('74', '6', '37', '2026-02-04 16:50:32', '2026-02-04 16:50:32');
INSERT INTO `lunar_product_option_value_product_variant` (`id`, `value_id`, `variant_id`, `created_at`, `updated_at`) VALUES ('75', '2', '38', '2026-02-04 16:50:32', '2026-02-04 16:50:32');
INSERT INTO `lunar_product_option_value_product_variant` (`id`, `value_id`, `variant_id`, `created_at`, `updated_at`) VALUES ('76', '7', '38', '2026-02-04 16:50:32', '2026-02-04 16:50:32');
INSERT INTO `lunar_product_option_value_product_variant` (`id`, `value_id`, `variant_id`, `created_at`, `updated_at`) VALUES ('77', '3', '39', '2026-02-04 16:50:32', '2026-02-04 16:50:32');
INSERT INTO `lunar_product_option_value_product_variant` (`id`, `value_id`, `variant_id`, `created_at`, `updated_at`) VALUES ('78', '6', '39', '2026-02-04 16:50:32', '2026-02-04 16:50:32');
INSERT INTO `lunar_product_option_value_product_variant` (`id`, `value_id`, `variant_id`, `created_at`, `updated_at`) VALUES ('79', '3', '40', '2026-02-04 16:50:32', '2026-02-04 16:50:32');
INSERT INTO `lunar_product_option_value_product_variant` (`id`, `value_id`, `variant_id`, `created_at`, `updated_at`) VALUES ('80', '7', '40', '2026-02-04 16:50:32', '2026-02-04 16:50:32');
INSERT INTO `lunar_product_option_value_product_variant` (`id`, `value_id`, `variant_id`, `created_at`, `updated_at`) VALUES ('81', '4', '41', '2026-02-04 16:50:32', '2026-02-04 16:50:32');
INSERT INTO `lunar_product_option_value_product_variant` (`id`, `value_id`, `variant_id`, `created_at`, `updated_at`) VALUES ('82', '6', '41', '2026-02-04 16:50:32', '2026-02-04 16:50:32');
INSERT INTO `lunar_product_option_value_product_variant` (`id`, `value_id`, `variant_id`, `created_at`, `updated_at`) VALUES ('83', '4', '42', '2026-02-04 16:50:32', '2026-02-04 16:50:32');
INSERT INTO `lunar_product_option_value_product_variant` (`id`, `value_id`, `variant_id`, `created_at`, `updated_at`) VALUES ('84', '7', '42', '2026-02-04 16:50:32', '2026-02-04 16:50:32');
INSERT INTO `lunar_product_option_value_product_variant` (`id`, `value_id`, `variant_id`, `created_at`, `updated_at`) VALUES ('85', '2', '43', '2026-02-04 16:50:33', '2026-02-04 16:50:33');
INSERT INTO `lunar_product_option_value_product_variant` (`id`, `value_id`, `variant_id`, `created_at`, `updated_at`) VALUES ('86', '6', '43', '2026-02-04 16:50:33', '2026-02-04 16:50:33');
INSERT INTO `lunar_product_option_value_product_variant` (`id`, `value_id`, `variant_id`, `created_at`, `updated_at`) VALUES ('87', '2', '44', '2026-02-04 16:50:33', '2026-02-04 16:50:33');
INSERT INTO `lunar_product_option_value_product_variant` (`id`, `value_id`, `variant_id`, `created_at`, `updated_at`) VALUES ('88', '7', '44', '2026-02-04 16:50:33', '2026-02-04 16:50:33');
INSERT INTO `lunar_product_option_value_product_variant` (`id`, `value_id`, `variant_id`, `created_at`, `updated_at`) VALUES ('89', '3', '45', '2026-02-04 16:50:33', '2026-02-04 16:50:33');
INSERT INTO `lunar_product_option_value_product_variant` (`id`, `value_id`, `variant_id`, `created_at`, `updated_at`) VALUES ('90', '6', '45', '2026-02-04 16:50:33', '2026-02-04 16:50:33');
INSERT INTO `lunar_product_option_value_product_variant` (`id`, `value_id`, `variant_id`, `created_at`, `updated_at`) VALUES ('91', '3', '46', '2026-02-04 16:50:33', '2026-02-04 16:50:33');
INSERT INTO `lunar_product_option_value_product_variant` (`id`, `value_id`, `variant_id`, `created_at`, `updated_at`) VALUES ('92', '7', '46', '2026-02-04 16:50:33', '2026-02-04 16:50:33');
INSERT INTO `lunar_product_option_value_product_variant` (`id`, `value_id`, `variant_id`, `created_at`, `updated_at`) VALUES ('93', '4', '47', '2026-02-04 16:50:33', '2026-02-04 16:50:33');
INSERT INTO `lunar_product_option_value_product_variant` (`id`, `value_id`, `variant_id`, `created_at`, `updated_at`) VALUES ('94', '6', '47', '2026-02-04 16:50:33', '2026-02-04 16:50:33');
INSERT INTO `lunar_product_option_value_product_variant` (`id`, `value_id`, `variant_id`, `created_at`, `updated_at`) VALUES ('95', '4', '48', '2026-02-04 16:50:33', '2026-02-04 16:50:33');
INSERT INTO `lunar_product_option_value_product_variant` (`id`, `value_id`, `variant_id`, `created_at`, `updated_at`) VALUES ('96', '7', '48', '2026-02-04 16:50:33', '2026-02-04 16:50:33');
INSERT INTO `lunar_product_option_value_product_variant` (`id`, `value_id`, `variant_id`, `created_at`, `updated_at`) VALUES ('97', '2', '49', '2026-02-04 16:50:33', '2026-02-04 16:50:33');
INSERT INTO `lunar_product_option_value_product_variant` (`id`, `value_id`, `variant_id`, `created_at`, `updated_at`) VALUES ('98', '6', '49', '2026-02-04 16:50:33', '2026-02-04 16:50:33');
INSERT INTO `lunar_product_option_value_product_variant` (`id`, `value_id`, `variant_id`, `created_at`, `updated_at`) VALUES ('99', '2', '50', '2026-02-04 16:50:33', '2026-02-04 16:50:33');
INSERT INTO `lunar_product_option_value_product_variant` (`id`, `value_id`, `variant_id`, `created_at`, `updated_at`) VALUES ('100', '7', '50', '2026-02-04 16:50:33', '2026-02-04 16:50:33');
INSERT INTO `lunar_product_option_value_product_variant` (`id`, `value_id`, `variant_id`, `created_at`, `updated_at`) VALUES ('101', '3', '51', '2026-02-04 16:50:33', '2026-02-04 16:50:33');
INSERT INTO `lunar_product_option_value_product_variant` (`id`, `value_id`, `variant_id`, `created_at`, `updated_at`) VALUES ('102', '6', '51', '2026-02-04 16:50:33', '2026-02-04 16:50:33');
INSERT INTO `lunar_product_option_value_product_variant` (`id`, `value_id`, `variant_id`, `created_at`, `updated_at`) VALUES ('103', '3', '52', '2026-02-04 16:50:33', '2026-02-04 16:50:33');
INSERT INTO `lunar_product_option_value_product_variant` (`id`, `value_id`, `variant_id`, `created_at`, `updated_at`) VALUES ('104', '7', '52', '2026-02-04 16:50:33', '2026-02-04 16:50:33');
INSERT INTO `lunar_product_option_value_product_variant` (`id`, `value_id`, `variant_id`, `created_at`, `updated_at`) VALUES ('105', '4', '53', '2026-02-04 16:50:33', '2026-02-04 16:50:33');
INSERT INTO `lunar_product_option_value_product_variant` (`id`, `value_id`, `variant_id`, `created_at`, `updated_at`) VALUES ('106', '6', '53', '2026-02-04 16:50:33', '2026-02-04 16:50:33');
INSERT INTO `lunar_product_option_value_product_variant` (`id`, `value_id`, `variant_id`, `created_at`, `updated_at`) VALUES ('107', '4', '54', '2026-02-04 16:50:33', '2026-02-04 16:50:33');
INSERT INTO `lunar_product_option_value_product_variant` (`id`, `value_id`, `variant_id`, `created_at`, `updated_at`) VALUES ('108', '7', '54', '2026-02-04 16:50:33', '2026-02-04 16:50:33');
INSERT INTO `lunar_product_option_value_product_variant` (`id`, `value_id`, `variant_id`, `created_at`, `updated_at`) VALUES ('109', '2', '55', '2026-02-04 16:50:33', '2026-02-04 16:50:33');
INSERT INTO `lunar_product_option_value_product_variant` (`id`, `value_id`, `variant_id`, `created_at`, `updated_at`) VALUES ('110', '6', '55', '2026-02-04 16:50:33', '2026-02-04 16:50:33');
INSERT INTO `lunar_product_option_value_product_variant` (`id`, `value_id`, `variant_id`, `created_at`, `updated_at`) VALUES ('111', '2', '56', '2026-02-04 16:50:33', '2026-02-04 16:50:33');
INSERT INTO `lunar_product_option_value_product_variant` (`id`, `value_id`, `variant_id`, `created_at`, `updated_at`) VALUES ('112', '7', '56', '2026-02-04 16:50:33', '2026-02-04 16:50:33');
INSERT INTO `lunar_product_option_value_product_variant` (`id`, `value_id`, `variant_id`, `created_at`, `updated_at`) VALUES ('113', '3', '57', '2026-02-04 16:50:33', '2026-02-04 16:50:33');
INSERT INTO `lunar_product_option_value_product_variant` (`id`, `value_id`, `variant_id`, `created_at`, `updated_at`) VALUES ('114', '6', '57', '2026-02-04 16:50:33', '2026-02-04 16:50:33');
INSERT INTO `lunar_product_option_value_product_variant` (`id`, `value_id`, `variant_id`, `created_at`, `updated_at`) VALUES ('115', '3', '58', '2026-02-04 16:50:33', '2026-02-04 16:50:33');
INSERT INTO `lunar_product_option_value_product_variant` (`id`, `value_id`, `variant_id`, `created_at`, `updated_at`) VALUES ('116', '7', '58', '2026-02-04 16:50:33', '2026-02-04 16:50:33');
INSERT INTO `lunar_product_option_value_product_variant` (`id`, `value_id`, `variant_id`, `created_at`, `updated_at`) VALUES ('117', '4', '59', '2026-02-04 16:50:33', '2026-02-04 16:50:33');
INSERT INTO `lunar_product_option_value_product_variant` (`id`, `value_id`, `variant_id`, `created_at`, `updated_at`) VALUES ('118', '6', '59', '2026-02-04 16:50:33', '2026-02-04 16:50:33');
INSERT INTO `lunar_product_option_value_product_variant` (`id`, `value_id`, `variant_id`, `created_at`, `updated_at`) VALUES ('119', '4', '60', '2026-02-04 16:50:33', '2026-02-04 16:50:33');
INSERT INTO `lunar_product_option_value_product_variant` (`id`, `value_id`, `variant_id`, `created_at`, `updated_at`) VALUES ('120', '7', '60', '2026-02-04 16:50:33', '2026-02-04 16:50:33');

-- Table: lunar_product_option_values
CREATE TABLE `lunar_product_option_values` (`id` INT AUTO_INCREMENT PRIMARY KEY not null, `product_option_id` INT not null, `name` text not null, `created_at` DATETIME, `updated_at` DATETIME, `position` INT not null default '0', `meta` text, foreign key(`product_option_id`) references `lunar_product_options`(`id`));

INSERT INTO `lunar_product_option_values` (`id`, `product_option_id`, `name`, `created_at`, `updated_at`, `position`, `meta`) VALUES ('1', '1', '{"en":"40"}', '2026-02-04 16:50:32', '2026-02-04 16:50:32', '0', NULL);
INSERT INTO `lunar_product_option_values` (`id`, `product_option_id`, `name`, `created_at`, `updated_at`, `position`, `meta`) VALUES ('2', '1', '{"en":"41"}', '2026-02-04 16:50:32', '2026-02-04 16:50:32', '0', NULL);
INSERT INTO `lunar_product_option_values` (`id`, `product_option_id`, `name`, `created_at`, `updated_at`, `position`, `meta`) VALUES ('3', '1', '{"en":"42"}', '2026-02-04 16:50:32', '2026-02-04 16:50:32', '0', NULL);
INSERT INTO `lunar_product_option_values` (`id`, `product_option_id`, `name`, `created_at`, `updated_at`, `position`, `meta`) VALUES ('4', '1', '{"en":"43"}', '2026-02-04 16:50:32', '2026-02-04 16:50:32', '0', NULL);
INSERT INTO `lunar_product_option_values` (`id`, `product_option_id`, `name`, `created_at`, `updated_at`, `position`, `meta`) VALUES ('5', '1', '{"en":"44"}', '2026-02-04 16:50:32', '2026-02-04 16:50:32', '0', NULL);
INSERT INTO `lunar_product_option_values` (`id`, `product_option_id`, `name`, `created_at`, `updated_at`, `position`, `meta`) VALUES ('6', '2', '{"en":"Negre"}', '2026-02-04 16:50:32', '2026-02-04 16:50:32', '0', NULL);
INSERT INTO `lunar_product_option_values` (`id`, `product_option_id`, `name`, `created_at`, `updated_at`, `position`, `meta`) VALUES ('7', '2', '{"en":"Blanc"}', '2026-02-04 16:50:32', '2026-02-04 16:50:32', '0', NULL);
INSERT INTO `lunar_product_option_values` (`id`, `product_option_id`, `name`, `created_at`, `updated_at`, `position`, `meta`) VALUES ('8', '2', '{"en":"Blau"}', '2026-02-04 16:50:32', '2026-02-04 16:50:32', '0', NULL);

-- Table: lunar_product_options
CREATE TABLE `lunar_product_options` (`id` INT AUTO_INCREMENT PRIMARY KEY not null, `name` text not null, `created_at` DATETIME, `updated_at` DATETIME, `handle` VARCHAR(255), `label` text, `shared` tinyint(1) not null default '0', `meta` text);

INSERT INTO `lunar_product_options` (`id`, `name`, `created_at`, `updated_at`, `handle`, `label`, `shared`, `meta`) VALUES ('1', '"Talla"', '2026-02-04 16:50:32', '2026-02-04 23:55:17', 'talla', '"Talla"', '0', NULL);
INSERT INTO `lunar_product_options` (`id`, `name`, `created_at`, `updated_at`, `handle`, `label`, `shared`, `meta`) VALUES ('2', '"Color"', '2026-02-04 16:50:32', '2026-02-04 23:55:17', 'color', '"Color"', '0', NULL);

-- Table: lunar_product_product_option
CREATE TABLE `lunar_product_product_option` (`id` INT AUTO_INCREMENT PRIMARY KEY not null, `product_id` INT not null, `product_option_id` INT not null, `position` INT not null, foreign key(`product_id`) references `lunar_products`(`id`), foreign key(`product_option_id`) references `lunar_product_options`(`id`));

-- Table: lunar_product_types
CREATE TABLE `lunar_product_types` (`id` INT AUTO_INCREMENT PRIMARY KEY not null, `name` VARCHAR(255) not null, `created_at` DATETIME, `updated_at` DATETIME);

INSERT INTO `lunar_product_types` (`id`, `name`, `created_at`, `updated_at`) VALUES ('1', 'Bambes', '2026-02-04 16:50:32', '2026-02-04 16:50:32');

-- Table: lunar_product_variants
CREATE TABLE `lunar_product_variants` (`id` INT AUTO_INCREMENT PRIMARY KEY not null, `product_id` INT not null, `tax_class_id` INT not null, `tax_ref` VARCHAR(255), `unit_quantity` INT not null default '1', `sku` VARCHAR(255), `gtin` VARCHAR(255), `mpn` VARCHAR(255), `ean` VARCHAR(255), `length_value` numeric default '0', `length_unit` VARCHAR(255) default 'mm', `width_value` numeric default '0', `width_unit` VARCHAR(255) default 'mm', `height_value` numeric default '0', `height_unit` VARCHAR(255) default 'mm', `weight_value` numeric default '0', `weight_unit` VARCHAR(255) default 'mm', `volume_value` numeric default '0', `volume_unit` VARCHAR(255) default 'mm', `shippable` tinyint(1) not null default '1', `stock` INT not null default '0', `backorder` INT not null default '0', `purchasable` VARCHAR(255) not null default 'always', `created_at` DATETIME, `updated_at` DATETIME, `deleted_at` DATETIME, `attribute_data` text, `quantity_increment` INT not null default '1', `min_quantity` INT not null default '1', foreign key(`product_id`) references `lunar_products`(`id`), foreign key(`tax_class_id`) references `lunar_tax_classes`(`id`));

INSERT INTO `lunar_product_variants` (`id`, `product_id`, `tax_class_id`, `tax_ref`, `unit_quantity`, `sku`, `gtin`, `mpn`, `ean`, `length_value`, `length_unit`, `width_value`, `width_unit`, `height_value`, `height_unit`, `weight_value`, `weight_unit`, `volume_value`, `volume_unit`, `shippable`, `stock`, `backorder`, `purchasable`, `created_at`, `updated_at`, `deleted_at`, `attribute_data`, `quantity_increment`, `min_quantity`) VALUES ('1', '1', '1', NULL, '1', 'NIKE-NIKE-AIR-ZOOM-PEGASUS-41-41-NEGRE', NULL, NULL, NULL, '0', 'mm', '0', 'mm', '0', 'mm', '0', 'mm', '0', 'mm', '1', '27', '0', '1', '2026-02-04 16:50:32', '2026-02-23 14:19:13', NULL, NULL, '1', '1');
INSERT INTO `lunar_product_variants` (`id`, `product_id`, `tax_class_id`, `tax_ref`, `unit_quantity`, `sku`, `gtin`, `mpn`, `ean`, `length_value`, `length_unit`, `width_value`, `width_unit`, `height_value`, `height_unit`, `weight_value`, `weight_unit`, `volume_value`, `volume_unit`, `shippable`, `stock`, `backorder`, `purchasable`, `created_at`, `updated_at`, `deleted_at`, `attribute_data`, `quantity_increment`, `min_quantity`) VALUES ('2', '1', '1', NULL, '1', 'NIKE-NIKE-AIR-ZOOM-PEGASUS-41-41-BLANC', NULL, NULL, NULL, '0', 'mm', '0', 'mm', '0', 'mm', '0', 'mm', '0', 'mm', '1', '35', '0', '1', '2026-02-04 16:50:32', '2026-02-04 16:50:32', NULL, NULL, '1', '1');
INSERT INTO `lunar_product_variants` (`id`, `product_id`, `tax_class_id`, `tax_ref`, `unit_quantity`, `sku`, `gtin`, `mpn`, `ean`, `length_value`, `length_unit`, `width_value`, `width_unit`, `height_value`, `height_unit`, `weight_value`, `weight_unit`, `volume_value`, `volume_unit`, `shippable`, `stock`, `backorder`, `purchasable`, `created_at`, `updated_at`, `deleted_at`, `attribute_data`, `quantity_increment`, `min_quantity`) VALUES ('3', '1', '1', NULL, '1', 'NIKE-NIKE-AIR-ZOOM-PEGASUS-41-42-NEGRE', NULL, NULL, NULL, '0', 'mm', '0', 'mm', '0', 'mm', '0', 'mm', '0', 'mm', '1', '21', '0', '1', '2026-02-04 16:50:32', '2026-02-04 16:50:32', NULL, NULL, '1', '1');
INSERT INTO `lunar_product_variants` (`id`, `product_id`, `tax_class_id`, `tax_ref`, `unit_quantity`, `sku`, `gtin`, `mpn`, `ean`, `length_value`, `length_unit`, `width_value`, `width_unit`, `height_value`, `height_unit`, `weight_value`, `weight_unit`, `volume_value`, `volume_unit`, `shippable`, `stock`, `backorder`, `purchasable`, `created_at`, `updated_at`, `deleted_at`, `attribute_data`, `quantity_increment`, `min_quantity`) VALUES ('4', '1', '1', NULL, '1', 'NIKE-NIKE-AIR-ZOOM-PEGASUS-41-42-BLANC', NULL, NULL, NULL, '0', 'mm', '0', 'mm', '0', 'mm', '0', 'mm', '0', 'mm', '1', '31', '0', '1', '2026-02-04 16:50:32', '2026-02-04 16:50:32', NULL, NULL, '1', '1');
INSERT INTO `lunar_product_variants` (`id`, `product_id`, `tax_class_id`, `tax_ref`, `unit_quantity`, `sku`, `gtin`, `mpn`, `ean`, `length_value`, `length_unit`, `width_value`, `width_unit`, `height_value`, `height_unit`, `weight_value`, `weight_unit`, `volume_value`, `volume_unit`, `shippable`, `stock`, `backorder`, `purchasable`, `created_at`, `updated_at`, `deleted_at`, `attribute_data`, `quantity_increment`, `min_quantity`) VALUES ('5', '1', '1', NULL, '1', 'NIKE-NIKE-AIR-ZOOM-PEGASUS-41-43-NEGRE', NULL, NULL, NULL, '0', 'mm', '0', 'mm', '0', 'mm', '0', 'mm', '0', 'mm', '1', '47', '0', '1', '2026-02-04 16:50:32', '2026-02-04 16:50:32', NULL, NULL, '1', '1');
INSERT INTO `lunar_product_variants` (`id`, `product_id`, `tax_class_id`, `tax_ref`, `unit_quantity`, `sku`, `gtin`, `mpn`, `ean`, `length_value`, `length_unit`, `width_value`, `width_unit`, `height_value`, `height_unit`, `weight_value`, `weight_unit`, `volume_value`, `volume_unit`, `shippable`, `stock`, `backorder`, `purchasable`, `created_at`, `updated_at`, `deleted_at`, `attribute_data`, `quantity_increment`, `min_quantity`) VALUES ('6', '1', '1', NULL, '1', 'NIKE-NIKE-AIR-ZOOM-PEGASUS-41-43-BLANC', NULL, NULL, NULL, '0', 'mm', '0', 'mm', '0', 'mm', '0', 'mm', '0', 'mm', '1', '18', '0', '1', '2026-02-04 16:50:32', '2026-02-04 16:50:32', NULL, NULL, '1', '1');
INSERT INTO `lunar_product_variants` (`id`, `product_id`, `tax_class_id`, `tax_ref`, `unit_quantity`, `sku`, `gtin`, `mpn`, `ean`, `length_value`, `length_unit`, `width_value`, `width_unit`, `height_value`, `height_unit`, `weight_value`, `weight_unit`, `volume_value`, `volume_unit`, `shippable`, `stock`, `backorder`, `purchasable`, `created_at`, `updated_at`, `deleted_at`, `attribute_data`, `quantity_increment`, `min_quantity`) VALUES ('7', '2', '1', NULL, '1', 'ASICS-ASICS-GEL-KAYANO-31-41-NEGRE', NULL, NULL, NULL, '0', 'mm', '0', 'mm', '0', 'mm', '0', 'mm', '0', 'mm', '1', '38', '0', '1', '2026-02-04 16:50:32', '2026-02-17 20:20:49', NULL, NULL, '1', '1');
INSERT INTO `lunar_product_variants` (`id`, `product_id`, `tax_class_id`, `tax_ref`, `unit_quantity`, `sku`, `gtin`, `mpn`, `ean`, `length_value`, `length_unit`, `width_value`, `width_unit`, `height_value`, `height_unit`, `weight_value`, `weight_unit`, `volume_value`, `volume_unit`, `shippable`, `stock`, `backorder`, `purchasable`, `created_at`, `updated_at`, `deleted_at`, `attribute_data`, `quantity_increment`, `min_quantity`) VALUES ('8', '2', '1', NULL, '1', 'ASICS-ASICS-GEL-KAYANO-31-41-BLANC', NULL, NULL, NULL, '0', 'mm', '0', 'mm', '0', 'mm', '0', 'mm', '0', 'mm', '1', '29', '0', '1', '2026-02-04 16:50:32', '2026-02-04 16:50:32', NULL, NULL, '1', '1');
INSERT INTO `lunar_product_variants` (`id`, `product_id`, `tax_class_id`, `tax_ref`, `unit_quantity`, `sku`, `gtin`, `mpn`, `ean`, `length_value`, `length_unit`, `width_value`, `width_unit`, `height_value`, `height_unit`, `weight_value`, `weight_unit`, `volume_value`, `volume_unit`, `shippable`, `stock`, `backorder`, `purchasable`, `created_at`, `updated_at`, `deleted_at`, `attribute_data`, `quantity_increment`, `min_quantity`) VALUES ('9', '2', '1', NULL, '1', 'ASICS-ASICS-GEL-KAYANO-31-42-NEGRE', NULL, NULL, NULL, '0', 'mm', '0', 'mm', '0', 'mm', '0', 'mm', '0', 'mm', '1', '43', '0', '1', '2026-02-04 16:50:32', '2026-02-04 16:50:32', NULL, NULL, '1', '1');
INSERT INTO `lunar_product_variants` (`id`, `product_id`, `tax_class_id`, `tax_ref`, `unit_quantity`, `sku`, `gtin`, `mpn`, `ean`, `length_value`, `length_unit`, `width_value`, `width_unit`, `height_value`, `height_unit`, `weight_value`, `weight_unit`, `volume_value`, `volume_unit`, `shippable`, `stock`, `backorder`, `purchasable`, `created_at`, `updated_at`, `deleted_at`, `attribute_data`, `quantity_increment`, `min_quantity`) VALUES ('10', '2', '1', NULL, '1', 'ASICS-ASICS-GEL-KAYANO-31-42-BLANC', NULL, NULL, NULL, '0', 'mm', '0', 'mm', '0', 'mm', '0', 'mm', '0', 'mm', '1', '31', '0', '1', '2026-02-04 16:50:32', '2026-02-04 16:50:32', NULL, NULL, '1', '1');
INSERT INTO `lunar_product_variants` (`id`, `product_id`, `tax_class_id`, `tax_ref`, `unit_quantity`, `sku`, `gtin`, `mpn`, `ean`, `length_value`, `length_unit`, `width_value`, `width_unit`, `height_value`, `height_unit`, `weight_value`, `weight_unit`, `volume_value`, `volume_unit`, `shippable`, `stock`, `backorder`, `purchasable`, `created_at`, `updated_at`, `deleted_at`, `attribute_data`, `quantity_increment`, `min_quantity`) VALUES ('11', '2', '1', NULL, '1', 'ASICS-ASICS-GEL-KAYANO-31-43-NEGRE', NULL, NULL, NULL, '0', 'mm', '0', 'mm', '0', 'mm', '0', 'mm', '0', 'mm', '1', '16', '0', '1', '2026-02-04 16:50:32', '2026-02-04 16:50:32', NULL, NULL, '1', '1');
INSERT INTO `lunar_product_variants` (`id`, `product_id`, `tax_class_id`, `tax_ref`, `unit_quantity`, `sku`, `gtin`, `mpn`, `ean`, `length_value`, `length_unit`, `width_value`, `width_unit`, `height_value`, `height_unit`, `weight_value`, `weight_unit`, `volume_value`, `volume_unit`, `shippable`, `stock`, `backorder`, `purchasable`, `created_at`, `updated_at`, `deleted_at`, `attribute_data`, `quantity_increment`, `min_quantity`) VALUES ('12', '2', '1', NULL, '1', 'ASICS-ASICS-GEL-KAYANO-31-43-BLANC', NULL, NULL, NULL, '0', 'mm', '0', 'mm', '0', 'mm', '0', 'mm', '0', 'mm', '1', '16', '0', '1', '2026-02-04 16:50:32', '2026-02-04 16:50:32', NULL, NULL, '1', '1');
INSERT INTO `lunar_product_variants` (`id`, `product_id`, `tax_class_id`, `tax_ref`, `unit_quantity`, `sku`, `gtin`, `mpn`, `ean`, `length_value`, `length_unit`, `width_value`, `width_unit`, `height_value`, `height_unit`, `weight_value`, `weight_unit`, `volume_value`, `volume_unit`, `shippable`, `stock`, `backorder`, `purchasable`, `created_at`, `updated_at`, `deleted_at`, `attribute_data`, `quantity_increment`, `min_quantity`) VALUES ('13', '3', '1', NULL, '1', 'HOKA-HOKA-CLIFTON-9-41-NEGRE', NULL, NULL, NULL, '0', 'mm', '0', 'mm', '0', 'mm', '0', 'mm', '0', 'mm', '1', '43', '0', '1', '2026-02-04 16:50:32', '2026-02-04 16:50:32', NULL, NULL, '1', '1');
INSERT INTO `lunar_product_variants` (`id`, `product_id`, `tax_class_id`, `tax_ref`, `unit_quantity`, `sku`, `gtin`, `mpn`, `ean`, `length_value`, `length_unit`, `width_value`, `width_unit`, `height_value`, `height_unit`, `weight_value`, `weight_unit`, `volume_value`, `volume_unit`, `shippable`, `stock`, `backorder`, `purchasable`, `created_at`, `updated_at`, `deleted_at`, `attribute_data`, `quantity_increment`, `min_quantity`) VALUES ('14', '3', '1', NULL, '1', 'HOKA-HOKA-CLIFTON-9-41-BLANC', NULL, NULL, NULL, '0', 'mm', '0', 'mm', '0', 'mm', '0', 'mm', '0', 'mm', '1', '46', '0', '1', '2026-02-04 16:50:32', '2026-02-04 16:50:32', NULL, NULL, '1', '1');
INSERT INTO `lunar_product_variants` (`id`, `product_id`, `tax_class_id`, `tax_ref`, `unit_quantity`, `sku`, `gtin`, `mpn`, `ean`, `length_value`, `length_unit`, `width_value`, `width_unit`, `height_value`, `height_unit`, `weight_value`, `weight_unit`, `volume_value`, `volume_unit`, `shippable`, `stock`, `backorder`, `purchasable`, `created_at`, `updated_at`, `deleted_at`, `attribute_data`, `quantity_increment`, `min_quantity`) VALUES ('15', '3', '1', NULL, '1', 'HOKA-HOKA-CLIFTON-9-42-NEGRE', NULL, NULL, NULL, '0', 'mm', '0', 'mm', '0', 'mm', '0', 'mm', '0', 'mm', '1', '38', '0', '1', '2026-02-04 16:50:32', '2026-02-04 16:50:32', NULL, NULL, '1', '1');
INSERT INTO `lunar_product_variants` (`id`, `product_id`, `tax_class_id`, `tax_ref`, `unit_quantity`, `sku`, `gtin`, `mpn`, `ean`, `length_value`, `length_unit`, `width_value`, `width_unit`, `height_value`, `height_unit`, `weight_value`, `weight_unit`, `volume_value`, `volume_unit`, `shippable`, `stock`, `backorder`, `purchasable`, `created_at`, `updated_at`, `deleted_at`, `attribute_data`, `quantity_increment`, `min_quantity`) VALUES ('16', '3', '1', NULL, '1', 'HOKA-HOKA-CLIFTON-9-42-BLANC', NULL, NULL, NULL, '0', 'mm', '0', 'mm', '0', 'mm', '0', 'mm', '0', 'mm', '1', '11', '0', '1', '2026-02-04 16:50:32', '2026-02-04 16:50:32', NULL, NULL, '1', '1');
INSERT INTO `lunar_product_variants` (`id`, `product_id`, `tax_class_id`, `tax_ref`, `unit_quantity`, `sku`, `gtin`, `mpn`, `ean`, `length_value`, `length_unit`, `width_value`, `width_unit`, `height_value`, `height_unit`, `weight_value`, `weight_unit`, `volume_value`, `volume_unit`, `shippable`, `stock`, `backorder`, `purchasable`, `created_at`, `updated_at`, `deleted_at`, `attribute_data`, `quantity_increment`, `min_quantity`) VALUES ('17', '3', '1', NULL, '1', 'HOKA-HOKA-CLIFTON-9-43-NEGRE', NULL, NULL, NULL, '0', 'mm', '0', 'mm', '0', 'mm', '0', 'mm', '0', 'mm', '1', '32', '0', '1', '2026-02-04 16:50:32', '2026-02-04 16:50:32', NULL, NULL, '1', '1');
INSERT INTO `lunar_product_variants` (`id`, `product_id`, `tax_class_id`, `tax_ref`, `unit_quantity`, `sku`, `gtin`, `mpn`, `ean`, `length_value`, `length_unit`, `width_value`, `width_unit`, `height_value`, `height_unit`, `weight_value`, `weight_unit`, `volume_value`, `volume_unit`, `shippable`, `stock`, `backorder`, `purchasable`, `created_at`, `updated_at`, `deleted_at`, `attribute_data`, `quantity_increment`, `min_quantity`) VALUES ('18', '3', '1', NULL, '1', 'HOKA-HOKA-CLIFTON-9-43-BLANC', NULL, NULL, NULL, '0', 'mm', '0', 'mm', '0', 'mm', '0', 'mm', '0', 'mm', '1', '39', '0', '1', '2026-02-04 16:50:32', '2026-02-04 16:50:32', NULL, NULL, '1', '1');
INSERT INTO `lunar_product_variants` (`id`, `product_id`, `tax_class_id`, `tax_ref`, `unit_quantity`, `sku`, `gtin`, `mpn`, `ean`, `length_value`, `length_unit`, `width_value`, `width_unit`, `height_value`, `height_unit`, `weight_value`, `weight_unit`, `volume_value`, `volume_unit`, `shippable`, `stock`, `backorder`, `purchasable`, `created_at`, `updated_at`, `deleted_at`, `attribute_data`, `quantity_increment`, `min_quantity`) VALUES ('19', '4', '1', NULL, '1', 'ADIDAS-ADIDAS-ULTRABOOST-LIGHT-41-NEGRE', NULL, NULL, NULL, '0', 'mm', '0', 'mm', '0', 'mm', '0', 'mm', '0', 'mm', '1', '31', '0', '1', '2026-02-04 16:50:32', '2026-03-06 09:19:05', NULL, NULL, '1', '1');
INSERT INTO `lunar_product_variants` (`id`, `product_id`, `tax_class_id`, `tax_ref`, `unit_quantity`, `sku`, `gtin`, `mpn`, `ean`, `length_value`, `length_unit`, `width_value`, `width_unit`, `height_value`, `height_unit`, `weight_value`, `weight_unit`, `volume_value`, `volume_unit`, `shippable`, `stock`, `backorder`, `purchasable`, `created_at`, `updated_at`, `deleted_at`, `attribute_data`, `quantity_increment`, `min_quantity`) VALUES ('20', '4', '1', NULL, '1', 'ADIDAS-ADIDAS-ULTRABOOST-LIGHT-41-BLANC', NULL, NULL, NULL, '0', 'mm', '0', 'mm', '0', 'mm', '0', 'mm', '0', 'mm', '1', '39', '0', '1', '2026-02-04 16:50:32', '2026-02-04 16:50:32', NULL, NULL, '1', '1');
INSERT INTO `lunar_product_variants` (`id`, `product_id`, `tax_class_id`, `tax_ref`, `unit_quantity`, `sku`, `gtin`, `mpn`, `ean`, `length_value`, `length_unit`, `width_value`, `width_unit`, `height_value`, `height_unit`, `weight_value`, `weight_unit`, `volume_value`, `volume_unit`, `shippable`, `stock`, `backorder`, `purchasable`, `created_at`, `updated_at`, `deleted_at`, `attribute_data`, `quantity_increment`, `min_quantity`) VALUES ('21', '4', '1', NULL, '1', 'ADIDAS-ADIDAS-ULTRABOOST-LIGHT-42-NEGRE', NULL, NULL, NULL, '0', 'mm', '0', 'mm', '0', 'mm', '0', 'mm', '0', 'mm', '1', '33', '0', '1', '2026-02-04 16:50:32', '2026-02-04 16:50:32', NULL, NULL, '1', '1');
INSERT INTO `lunar_product_variants` (`id`, `product_id`, `tax_class_id`, `tax_ref`, `unit_quantity`, `sku`, `gtin`, `mpn`, `ean`, `length_value`, `length_unit`, `width_value`, `width_unit`, `height_value`, `height_unit`, `weight_value`, `weight_unit`, `volume_value`, `volume_unit`, `shippable`, `stock`, `backorder`, `purchasable`, `created_at`, `updated_at`, `deleted_at`, `attribute_data`, `quantity_increment`, `min_quantity`) VALUES ('22', '4', '1', NULL, '1', 'ADIDAS-ADIDAS-ULTRABOOST-LIGHT-42-BLANC', NULL, NULL, NULL, '0', 'mm', '0', 'mm', '0', 'mm', '0', 'mm', '0', 'mm', '1', '50', '0', '1', '2026-02-04 16:50:32', '2026-02-04 16:50:32', NULL, NULL, '1', '1');
INSERT INTO `lunar_product_variants` (`id`, `product_id`, `tax_class_id`, `tax_ref`, `unit_quantity`, `sku`, `gtin`, `mpn`, `ean`, `length_value`, `length_unit`, `width_value`, `width_unit`, `height_value`, `height_unit`, `weight_value`, `weight_unit`, `volume_value`, `volume_unit`, `shippable`, `stock`, `backorder`, `purchasable`, `created_at`, `updated_at`, `deleted_at`, `attribute_data`, `quantity_increment`, `min_quantity`) VALUES ('23', '4', '1', NULL, '1', 'ADIDAS-ADIDAS-ULTRABOOST-LIGHT-43-NEGRE', NULL, NULL, NULL, '0', 'mm', '0', 'mm', '0', 'mm', '0', 'mm', '0', 'mm', '1', '43', '0', '1', '2026-02-04 16:50:32', '2026-02-04 16:50:32', NULL, NULL, '1', '1');
INSERT INTO `lunar_product_variants` (`id`, `product_id`, `tax_class_id`, `tax_ref`, `unit_quantity`, `sku`, `gtin`, `mpn`, `ean`, `length_value`, `length_unit`, `width_value`, `width_unit`, `height_value`, `height_unit`, `weight_value`, `weight_unit`, `volume_value`, `volume_unit`, `shippable`, `stock`, `backorder`, `purchasable`, `created_at`, `updated_at`, `deleted_at`, `attribute_data`, `quantity_increment`, `min_quantity`) VALUES ('24', '4', '1', NULL, '1', 'ADIDAS-ADIDAS-ULTRABOOST-LIGHT-43-BLANC', NULL, NULL, NULL, '0', 'mm', '0', 'mm', '0', 'mm', '0', 'mm', '0', 'mm', '1', '17', '0', '1', '2026-02-04 16:50:32', '2026-02-04 16:50:32', NULL, NULL, '1', '1');
INSERT INTO `lunar_product_variants` (`id`, `product_id`, `tax_class_id`, `tax_ref`, `unit_quantity`, `sku`, `gtin`, `mpn`, `ean`, `length_value`, `length_unit`, `width_value`, `width_unit`, `height_value`, `height_unit`, `weight_value`, `weight_unit`, `volume_value`, `volume_unit`, `shippable`, `stock`, `backorder`, `purchasable`, `created_at`, `updated_at`, `deleted_at`, `attribute_data`, `quantity_increment`, `min_quantity`) VALUES ('25', '5', '1', NULL, '1', 'SALOMON-SALOMON-SPEEDCROSS-6-41-NEGRE', NULL, NULL, NULL, '0', 'mm', '0', 'mm', '0', 'mm', '0', 'mm', '0', 'mm', '1', '19', '0', '1', '2026-02-04 16:50:32', '2026-02-04 16:50:32', NULL, NULL, '1', '1');
INSERT INTO `lunar_product_variants` (`id`, `product_id`, `tax_class_id`, `tax_ref`, `unit_quantity`, `sku`, `gtin`, `mpn`, `ean`, `length_value`, `length_unit`, `width_value`, `width_unit`, `height_value`, `height_unit`, `weight_value`, `weight_unit`, `volume_value`, `volume_unit`, `shippable`, `stock`, `backorder`, `purchasable`, `created_at`, `updated_at`, `deleted_at`, `attribute_data`, `quantity_increment`, `min_quantity`) VALUES ('26', '5', '1', NULL, '1', 'SALOMON-SALOMON-SPEEDCROSS-6-41-BLANC', NULL, NULL, NULL, '0', 'mm', '0', 'mm', '0', 'mm', '0', 'mm', '0', 'mm', '1', '12', '0', '1', '2026-02-04 16:50:32', '2026-02-04 16:50:32', NULL, NULL, '1', '1');
INSERT INTO `lunar_product_variants` (`id`, `product_id`, `tax_class_id`, `tax_ref`, `unit_quantity`, `sku`, `gtin`, `mpn`, `ean`, `length_value`, `length_unit`, `width_value`, `width_unit`, `height_value`, `height_unit`, `weight_value`, `weight_unit`, `volume_value`, `volume_unit`, `shippable`, `stock`, `backorder`, `purchasable`, `created_at`, `updated_at`, `deleted_at`, `attribute_data`, `quantity_increment`, `min_quantity`) VALUES ('27', '5', '1', NULL, '1', 'SALOMON-SALOMON-SPEEDCROSS-6-42-NEGRE', NULL, NULL, NULL, '0', 'mm', '0', 'mm', '0', 'mm', '0', 'mm', '0', 'mm', '1', '18', '0', '1', '2026-02-04 16:50:32', '2026-02-04 16:50:32', NULL, NULL, '1', '1');
INSERT INTO `lunar_product_variants` (`id`, `product_id`, `tax_class_id`, `tax_ref`, `unit_quantity`, `sku`, `gtin`, `mpn`, `ean`, `length_value`, `length_unit`, `width_value`, `width_unit`, `height_value`, `height_unit`, `weight_value`, `weight_unit`, `volume_value`, `volume_unit`, `shippable`, `stock`, `backorder`, `purchasable`, `created_at`, `updated_at`, `deleted_at`, `attribute_data`, `quantity_increment`, `min_quantity`) VALUES ('28', '5', '1', NULL, '1', 'SALOMON-SALOMON-SPEEDCROSS-6-42-BLANC', NULL, NULL, NULL, '0', 'mm', '0', 'mm', '0', 'mm', '0', 'mm', '0', 'mm', '1', '43', '0', '1', '2026-02-04 16:50:32', '2026-02-04 16:50:32', NULL, NULL, '1', '1');
INSERT INTO `lunar_product_variants` (`id`, `product_id`, `tax_class_id`, `tax_ref`, `unit_quantity`, `sku`, `gtin`, `mpn`, `ean`, `length_value`, `length_unit`, `width_value`, `width_unit`, `height_value`, `height_unit`, `weight_value`, `weight_unit`, `volume_value`, `volume_unit`, `shippable`, `stock`, `backorder`, `purchasable`, `created_at`, `updated_at`, `deleted_at`, `attribute_data`, `quantity_increment`, `min_quantity`) VALUES ('29', '5', '1', NULL, '1', 'SALOMON-SALOMON-SPEEDCROSS-6-43-NEGRE', NULL, NULL, NULL, '0', 'mm', '0', 'mm', '0', 'mm', '0', 'mm', '0', 'mm', '1', '34', '0', '1', '2026-02-04 16:50:32', '2026-02-04 16:50:32', NULL, NULL, '1', '1');
INSERT INTO `lunar_product_variants` (`id`, `product_id`, `tax_class_id`, `tax_ref`, `unit_quantity`, `sku`, `gtin`, `mpn`, `ean`, `length_value`, `length_unit`, `width_value`, `width_unit`, `height_value`, `height_unit`, `weight_value`, `weight_unit`, `volume_value`, `volume_unit`, `shippable`, `stock`, `backorder`, `purchasable`, `created_at`, `updated_at`, `deleted_at`, `attribute_data`, `quantity_increment`, `min_quantity`) VALUES ('30', '5', '1', NULL, '1', 'SALOMON-SALOMON-SPEEDCROSS-6-43-BLANC', NULL, NULL, NULL, '0', 'mm', '0', 'mm', '0', 'mm', '0', 'mm', '0', 'mm', '1', '13', '0', '1', '2026-02-04 16:50:32', '2026-02-04 16:50:32', NULL, NULL, '1', '1');
INSERT INTO `lunar_product_variants` (`id`, `product_id`, `tax_class_id`, `tax_ref`, `unit_quantity`, `sku`, `gtin`, `mpn`, `ean`, `length_value`, `length_unit`, `width_value`, `width_unit`, `height_value`, `height_unit`, `weight_value`, `weight_unit`, `volume_value`, `volume_unit`, `shippable`, `stock`, `backorder`, `purchasable`, `created_at`, `updated_at`, `deleted_at`, `attribute_data`, `quantity_increment`, `min_quantity`) VALUES ('31', '6', '1', NULL, '1', 'SAUCONY-SAUCONY-PEREGRINE-14-41-NEGRE', NULL, NULL, NULL, '0', 'mm', '0', 'mm', '0', 'mm', '0', 'mm', '0', 'mm', '1', '17', '0', '1', '2026-02-04 16:50:32', '2026-02-04 16:50:32', NULL, NULL, '1', '1');
INSERT INTO `lunar_product_variants` (`id`, `product_id`, `tax_class_id`, `tax_ref`, `unit_quantity`, `sku`, `gtin`, `mpn`, `ean`, `length_value`, `length_unit`, `width_value`, `width_unit`, `height_value`, `height_unit`, `weight_value`, `weight_unit`, `volume_value`, `volume_unit`, `shippable`, `stock`, `backorder`, `purchasable`, `created_at`, `updated_at`, `deleted_at`, `attribute_data`, `quantity_increment`, `min_quantity`) VALUES ('32', '6', '1', NULL, '1', 'SAUCONY-SAUCONY-PEREGRINE-14-41-BLANC', NULL, NULL, NULL, '0', 'mm', '0', 'mm', '0', 'mm', '0', 'mm', '0', 'mm', '1', '42', '0', '1', '2026-02-04 16:50:32', '2026-02-04 16:50:32', NULL, NULL, '1', '1');
INSERT INTO `lunar_product_variants` (`id`, `product_id`, `tax_class_id`, `tax_ref`, `unit_quantity`, `sku`, `gtin`, `mpn`, `ean`, `length_value`, `length_unit`, `width_value`, `width_unit`, `height_value`, `height_unit`, `weight_value`, `weight_unit`, `volume_value`, `volume_unit`, `shippable`, `stock`, `backorder`, `purchasable`, `created_at`, `updated_at`, `deleted_at`, `attribute_data`, `quantity_increment`, `min_quantity`) VALUES ('33', '6', '1', NULL, '1', 'SAUCONY-SAUCONY-PEREGRINE-14-42-NEGRE', NULL, NULL, NULL, '0', 'mm', '0', 'mm', '0', 'mm', '0', 'mm', '0', 'mm', '1', '44', '0', '1', '2026-02-04 16:50:32', '2026-02-04 16:50:32', NULL, NULL, '1', '1');
INSERT INTO `lunar_product_variants` (`id`, `product_id`, `tax_class_id`, `tax_ref`, `unit_quantity`, `sku`, `gtin`, `mpn`, `ean`, `length_value`, `length_unit`, `width_value`, `width_unit`, `height_value`, `height_unit`, `weight_value`, `weight_unit`, `volume_value`, `volume_unit`, `shippable`, `stock`, `backorder`, `purchasable`, `created_at`, `updated_at`, `deleted_at`, `attribute_data`, `quantity_increment`, `min_quantity`) VALUES ('34', '6', '1', NULL, '1', 'SAUCONY-SAUCONY-PEREGRINE-14-42-BLANC', NULL, NULL, NULL, '0', 'mm', '0', 'mm', '0', 'mm', '0', 'mm', '0', 'mm', '1', '18', '0', '1', '2026-02-04 16:50:32', '2026-02-04 16:50:32', NULL, NULL, '1', '1');
INSERT INTO `lunar_product_variants` (`id`, `product_id`, `tax_class_id`, `tax_ref`, `unit_quantity`, `sku`, `gtin`, `mpn`, `ean`, `length_value`, `length_unit`, `width_value`, `width_unit`, `height_value`, `height_unit`, `weight_value`, `weight_unit`, `volume_value`, `volume_unit`, `shippable`, `stock`, `backorder`, `purchasable`, `created_at`, `updated_at`, `deleted_at`, `attribute_data`, `quantity_increment`, `min_quantity`) VALUES ('35', '6', '1', NULL, '1', 'SAUCONY-SAUCONY-PEREGRINE-14-43-NEGRE', NULL, NULL, NULL, '0', 'mm', '0', 'mm', '0', 'mm', '0', 'mm', '0', 'mm', '1', '28', '0', '1', '2026-02-04 16:50:32', '2026-02-04 16:50:32', NULL, NULL, '1', '1');
INSERT INTO `lunar_product_variants` (`id`, `product_id`, `tax_class_id`, `tax_ref`, `unit_quantity`, `sku`, `gtin`, `mpn`, `ean`, `length_value`, `length_unit`, `width_value`, `width_unit`, `height_value`, `height_unit`, `weight_value`, `weight_unit`, `volume_value`, `volume_unit`, `shippable`, `stock`, `backorder`, `purchasable`, `created_at`, `updated_at`, `deleted_at`, `attribute_data`, `quantity_increment`, `min_quantity`) VALUES ('36', '6', '1', NULL, '1', 'SAUCONY-SAUCONY-PEREGRINE-14-43-BLANC', NULL, NULL, NULL, '0', 'mm', '0', 'mm', '0', 'mm', '0', 'mm', '0', 'mm', '1', '39', '0', '1', '2026-02-04 16:50:32', '2026-02-04 16:50:32', NULL, NULL, '1', '1');
INSERT INTO `lunar_product_variants` (`id`, `product_id`, `tax_class_id`, `tax_ref`, `unit_quantity`, `sku`, `gtin`, `mpn`, `ean`, `length_value`, `length_unit`, `width_value`, `width_unit`, `height_value`, `height_unit`, `weight_value`, `weight_unit`, `volume_value`, `volume_unit`, `shippable`, `stock`, `backorder`, `purchasable`, `created_at`, `updated_at`, `deleted_at`, `attribute_data`, `quantity_increment`, `min_quantity`) VALUES ('37', '7', '1', NULL, '1', 'LA-SPORTIVA-LA-SPORTIVA-BUSHIDO-II-41-NEGRE', NULL, NULL, NULL, '0', 'mm', '0', 'mm', '0', 'mm', '0', 'mm', '0', 'mm', '1', '40', '0', '1', '2026-02-04 16:50:32', '2026-02-04 16:50:32', NULL, NULL, '1', '1');
INSERT INTO `lunar_product_variants` (`id`, `product_id`, `tax_class_id`, `tax_ref`, `unit_quantity`, `sku`, `gtin`, `mpn`, `ean`, `length_value`, `length_unit`, `width_value`, `width_unit`, `height_value`, `height_unit`, `weight_value`, `weight_unit`, `volume_value`, `volume_unit`, `shippable`, `stock`, `backorder`, `purchasable`, `created_at`, `updated_at`, `deleted_at`, `attribute_data`, `quantity_increment`, `min_quantity`) VALUES ('38', '7', '1', NULL, '1', 'LA-SPORTIVA-LA-SPORTIVA-BUSHIDO-II-41-BLANC', NULL, NULL, NULL, '0', 'mm', '0', 'mm', '0', 'mm', '0', 'mm', '0', 'mm', '1', '12', '0', '1', '2026-02-04 16:50:32', '2026-02-04 16:50:32', NULL, NULL, '1', '1');
INSERT INTO `lunar_product_variants` (`id`, `product_id`, `tax_class_id`, `tax_ref`, `unit_quantity`, `sku`, `gtin`, `mpn`, `ean`, `length_value`, `length_unit`, `width_value`, `width_unit`, `height_value`, `height_unit`, `weight_value`, `weight_unit`, `volume_value`, `volume_unit`, `shippable`, `stock`, `backorder`, `purchasable`, `created_at`, `updated_at`, `deleted_at`, `attribute_data`, `quantity_increment`, `min_quantity`) VALUES ('39', '7', '1', NULL, '1', 'LA-SPORTIVA-LA-SPORTIVA-BUSHIDO-II-42-NEGRE', NULL, NULL, NULL, '0', 'mm', '0', 'mm', '0', 'mm', '0', 'mm', '0', 'mm', '1', '48', '0', '1', '2026-02-04 16:50:32', '2026-02-04 16:50:32', NULL, NULL, '1', '1');
INSERT INTO `lunar_product_variants` (`id`, `product_id`, `tax_class_id`, `tax_ref`, `unit_quantity`, `sku`, `gtin`, `mpn`, `ean`, `length_value`, `length_unit`, `width_value`, `width_unit`, `height_value`, `height_unit`, `weight_value`, `weight_unit`, `volume_value`, `volume_unit`, `shippable`, `stock`, `backorder`, `purchasable`, `created_at`, `updated_at`, `deleted_at`, `attribute_data`, `quantity_increment`, `min_quantity`) VALUES ('40', '7', '1', NULL, '1', 'LA-SPORTIVA-LA-SPORTIVA-BUSHIDO-II-42-BLANC', NULL, NULL, NULL, '0', 'mm', '0', 'mm', '0', 'mm', '0', 'mm', '0', 'mm', '1', '46', '0', '1', '2026-02-04 16:50:32', '2026-02-04 16:50:32', NULL, NULL, '1', '1');
INSERT INTO `lunar_product_variants` (`id`, `product_id`, `tax_class_id`, `tax_ref`, `unit_quantity`, `sku`, `gtin`, `mpn`, `ean`, `length_value`, `length_unit`, `width_value`, `width_unit`, `height_value`, `height_unit`, `weight_value`, `weight_unit`, `volume_value`, `volume_unit`, `shippable`, `stock`, `backorder`, `purchasable`, `created_at`, `updated_at`, `deleted_at`, `attribute_data`, `quantity_increment`, `min_quantity`) VALUES ('41', '7', '1', NULL, '1', 'LA-SPORTIVA-LA-SPORTIVA-BUSHIDO-II-43-NEGRE', NULL, NULL, NULL, '0', 'mm', '0', 'mm', '0', 'mm', '0', 'mm', '0', 'mm', '1', '17', '0', '1', '2026-02-04 16:50:32', '2026-02-04 16:50:32', NULL, NULL, '1', '1');
INSERT INTO `lunar_product_variants` (`id`, `product_id`, `tax_class_id`, `tax_ref`, `unit_quantity`, `sku`, `gtin`, `mpn`, `ean`, `length_value`, `length_unit`, `width_value`, `width_unit`, `height_value`, `height_unit`, `weight_value`, `weight_unit`, `volume_value`, `volume_unit`, `shippable`, `stock`, `backorder`, `purchasable`, `created_at`, `updated_at`, `deleted_at`, `attribute_data`, `quantity_increment`, `min_quantity`) VALUES ('42', '7', '1', NULL, '1', 'LA-SPORTIVA-LA-SPORTIVA-BUSHIDO-II-43-BLANC', NULL, NULL, NULL, '0', 'mm', '0', 'mm', '0', 'mm', '0', 'mm', '0', 'mm', '1', '24', '0', '1', '2026-02-04 16:50:32', '2026-02-04 16:50:32', NULL, NULL, '1', '1');
INSERT INTO `lunar_product_variants` (`id`, `product_id`, `tax_class_id`, `tax_ref`, `unit_quantity`, `sku`, `gtin`, `mpn`, `ean`, `length_value`, `length_unit`, `width_value`, `width_unit`, `height_value`, `height_unit`, `weight_value`, `weight_unit`, `volume_value`, `volume_unit`, `shippable`, `stock`, `backorder`, `purchasable`, `created_at`, `updated_at`, `deleted_at`, `attribute_data`, `quantity_increment`, `min_quantity`) VALUES ('43', '8', '1', NULL, '1', 'BROOKS-BROOKS-GHOST-16-41-NEGRE', NULL, NULL, NULL, '0', 'mm', '0', 'mm', '0', 'mm', '0', 'mm', '0', 'mm', '1', '32', '0', '1', '2026-02-04 16:50:32', '2026-02-23 14:19:13', NULL, NULL, '1', '1');
INSERT INTO `lunar_product_variants` (`id`, `product_id`, `tax_class_id`, `tax_ref`, `unit_quantity`, `sku`, `gtin`, `mpn`, `ean`, `length_value`, `length_unit`, `width_value`, `width_unit`, `height_value`, `height_unit`, `weight_value`, `weight_unit`, `volume_value`, `volume_unit`, `shippable`, `stock`, `backorder`, `purchasable`, `created_at`, `updated_at`, `deleted_at`, `attribute_data`, `quantity_increment`, `min_quantity`) VALUES ('44', '8', '1', NULL, '1', 'BROOKS-BROOKS-GHOST-16-41-BLANC', NULL, NULL, NULL, '0', 'mm', '0', 'mm', '0', 'mm', '0', 'mm', '0', 'mm', '1', '15', '0', '1', '2026-02-04 16:50:33', '2026-02-04 16:50:33', NULL, NULL, '1', '1');
INSERT INTO `lunar_product_variants` (`id`, `product_id`, `tax_class_id`, `tax_ref`, `unit_quantity`, `sku`, `gtin`, `mpn`, `ean`, `length_value`, `length_unit`, `width_value`, `width_unit`, `height_value`, `height_unit`, `weight_value`, `weight_unit`, `volume_value`, `volume_unit`, `shippable`, `stock`, `backorder`, `purchasable`, `created_at`, `updated_at`, `deleted_at`, `attribute_data`, `quantity_increment`, `min_quantity`) VALUES ('45', '8', '1', NULL, '1', 'BROOKS-BROOKS-GHOST-16-42-NEGRE', NULL, NULL, NULL, '0', 'mm', '0', 'mm', '0', 'mm', '0', 'mm', '0', 'mm', '1', '10', '0', '1', '2026-02-04 16:50:33', '2026-02-04 16:50:33', NULL, NULL, '1', '1');
INSERT INTO `lunar_product_variants` (`id`, `product_id`, `tax_class_id`, `tax_ref`, `unit_quantity`, `sku`, `gtin`, `mpn`, `ean`, `length_value`, `length_unit`, `width_value`, `width_unit`, `height_value`, `height_unit`, `weight_value`, `weight_unit`, `volume_value`, `volume_unit`, `shippable`, `stock`, `backorder`, `purchasable`, `created_at`, `updated_at`, `deleted_at`, `attribute_data`, `quantity_increment`, `min_quantity`) VALUES ('46', '8', '1', NULL, '1', 'BROOKS-BROOKS-GHOST-16-42-BLANC', NULL, NULL, NULL, '0', 'mm', '0', 'mm', '0', 'mm', '0', 'mm', '0', 'mm', '1', '49', '0', '1', '2026-02-04 16:50:33', '2026-02-04 16:50:33', NULL, NULL, '1', '1');
INSERT INTO `lunar_product_variants` (`id`, `product_id`, `tax_class_id`, `tax_ref`, `unit_quantity`, `sku`, `gtin`, `mpn`, `ean`, `length_value`, `length_unit`, `width_value`, `width_unit`, `height_value`, `height_unit`, `weight_value`, `weight_unit`, `volume_value`, `volume_unit`, `shippable`, `stock`, `backorder`, `purchasable`, `created_at`, `updated_at`, `deleted_at`, `attribute_data`, `quantity_increment`, `min_quantity`) VALUES ('47', '8', '1', NULL, '1', 'BROOKS-BROOKS-GHOST-16-43-NEGRE', NULL, NULL, NULL, '0', 'mm', '0', 'mm', '0', 'mm', '0', 'mm', '0', 'mm', '1', '27', '0', '1', '2026-02-04 16:50:33', '2026-02-04 16:50:33', NULL, NULL, '1', '1');
INSERT INTO `lunar_product_variants` (`id`, `product_id`, `tax_class_id`, `tax_ref`, `unit_quantity`, `sku`, `gtin`, `mpn`, `ean`, `length_value`, `length_unit`, `width_value`, `width_unit`, `height_value`, `height_unit`, `weight_value`, `weight_unit`, `volume_value`, `volume_unit`, `shippable`, `stock`, `backorder`, `purchasable`, `created_at`, `updated_at`, `deleted_at`, `attribute_data`, `quantity_increment`, `min_quantity`) VALUES ('48', '8', '1', NULL, '1', 'BROOKS-BROOKS-GHOST-16-43-BLANC', NULL, NULL, NULL, '0', 'mm', '0', 'mm', '0', 'mm', '0', 'mm', '0', 'mm', '1', '19', '0', '1', '2026-02-04 16:50:33', '2026-02-04 16:50:33', NULL, NULL, '1', '1');
INSERT INTO `lunar_product_variants` (`id`, `product_id`, `tax_class_id`, `tax_ref`, `unit_quantity`, `sku`, `gtin`, `mpn`, `ean`, `length_value`, `length_unit`, `width_value`, `width_unit`, `height_value`, `height_unit`, `weight_value`, `weight_unit`, `volume_value`, `volume_unit`, `shippable`, `stock`, `backorder`, `purchasable`, `created_at`, `updated_at`, `deleted_at`, `attribute_data`, `quantity_increment`, `min_quantity`) VALUES ('49', '9', '1', NULL, '1', 'NEW-BALANCE-NEW-BALANCE-FRESH-FOAM-X-1080V13-41-NEGRE', NULL, NULL, NULL, '0', 'mm', '0', 'mm', '0', 'mm', '0', 'mm', '0', 'mm', '1', '28', '0', '1', '2026-02-04 16:50:33', '2026-03-09 15:13:34', NULL, NULL, '1', '1');
INSERT INTO `lunar_product_variants` (`id`, `product_id`, `tax_class_id`, `tax_ref`, `unit_quantity`, `sku`, `gtin`, `mpn`, `ean`, `length_value`, `length_unit`, `width_value`, `width_unit`, `height_value`, `height_unit`, `weight_value`, `weight_unit`, `volume_value`, `volume_unit`, `shippable`, `stock`, `backorder`, `purchasable`, `created_at`, `updated_at`, `deleted_at`, `attribute_data`, `quantity_increment`, `min_quantity`) VALUES ('50', '9', '1', NULL, '1', 'NEW-BALANCE-NEW-BALANCE-FRESH-FOAM-X-1080V13-41-BLANC', NULL, NULL, NULL, '0', 'mm', '0', 'mm', '0', 'mm', '0', 'mm', '0', 'mm', '1', '43', '0', '1', '2026-02-04 16:50:33', '2026-02-04 16:50:33', NULL, NULL, '1', '1');
INSERT INTO `lunar_product_variants` (`id`, `product_id`, `tax_class_id`, `tax_ref`, `unit_quantity`, `sku`, `gtin`, `mpn`, `ean`, `length_value`, `length_unit`, `width_value`, `width_unit`, `height_value`, `height_unit`, `weight_value`, `weight_unit`, `volume_value`, `volume_unit`, `shippable`, `stock`, `backorder`, `purchasable`, `created_at`, `updated_at`, `deleted_at`, `attribute_data`, `quantity_increment`, `min_quantity`) VALUES ('51', '9', '1', NULL, '1', 'NEW-BALANCE-NEW-BALANCE-FRESH-FOAM-X-1080V13-42-NEGRE', NULL, NULL, NULL, '0', 'mm', '0', 'mm', '0', 'mm', '0', 'mm', '0', 'mm', '1', '28', '0', '1', '2026-02-04 16:50:33', '2026-02-04 16:50:33', NULL, NULL, '1', '1');
INSERT INTO `lunar_product_variants` (`id`, `product_id`, `tax_class_id`, `tax_ref`, `unit_quantity`, `sku`, `gtin`, `mpn`, `ean`, `length_value`, `length_unit`, `width_value`, `width_unit`, `height_value`, `height_unit`, `weight_value`, `weight_unit`, `volume_value`, `volume_unit`, `shippable`, `stock`, `backorder`, `purchasable`, `created_at`, `updated_at`, `deleted_at`, `attribute_data`, `quantity_increment`, `min_quantity`) VALUES ('52', '9', '1', NULL, '1', 'NEW-BALANCE-NEW-BALANCE-FRESH-FOAM-X-1080V13-42-BLANC', NULL, NULL, NULL, '0', 'mm', '0', 'mm', '0', 'mm', '0', 'mm', '0', 'mm', '1', '13', '0', '1', '2026-02-04 16:50:33', '2026-02-04 16:50:33', NULL, NULL, '1', '1');
INSERT INTO `lunar_product_variants` (`id`, `product_id`, `tax_class_id`, `tax_ref`, `unit_quantity`, `sku`, `gtin`, `mpn`, `ean`, `length_value`, `length_unit`, `width_value`, `width_unit`, `height_value`, `height_unit`, `weight_value`, `weight_unit`, `volume_value`, `volume_unit`, `shippable`, `stock`, `backorder`, `purchasable`, `created_at`, `updated_at`, `deleted_at`, `attribute_data`, `quantity_increment`, `min_quantity`) VALUES ('53', '9', '1', NULL, '1', 'NEW-BALANCE-NEW-BALANCE-FRESH-FOAM-X-1080V13-43-NEGRE', NULL, NULL, NULL, '0', 'mm', '0', 'mm', '0', 'mm', '0', 'mm', '0', 'mm', '1', '21', '0', '1', '2026-02-04 16:50:33', '2026-02-04 16:50:33', NULL, NULL, '1', '1');
INSERT INTO `lunar_product_variants` (`id`, `product_id`, `tax_class_id`, `tax_ref`, `unit_quantity`, `sku`, `gtin`, `mpn`, `ean`, `length_value`, `length_unit`, `width_value`, `width_unit`, `height_value`, `height_unit`, `weight_value`, `weight_unit`, `volume_value`, `volume_unit`, `shippable`, `stock`, `backorder`, `purchasable`, `created_at`, `updated_at`, `deleted_at`, `attribute_data`, `quantity_increment`, `min_quantity`) VALUES ('54', '9', '1', NULL, '1', 'NEW-BALANCE-NEW-BALANCE-FRESH-FOAM-X-1080V13-43-BLANC', NULL, NULL, NULL, '0', 'mm', '0', 'mm', '0', 'mm', '0', 'mm', '0', 'mm', '1', '42', '0', '1', '2026-02-04 16:50:33', '2026-02-04 16:50:33', NULL, NULL, '1', '1');
INSERT INTO `lunar_product_variants` (`id`, `product_id`, `tax_class_id`, `tax_ref`, `unit_quantity`, `sku`, `gtin`, `mpn`, `ean`, `length_value`, `length_unit`, `width_value`, `width_unit`, `height_value`, `height_unit`, `weight_value`, `weight_unit`, `volume_value`, `volume_unit`, `shippable`, `stock`, `backorder`, `purchasable`, `created_at`, `updated_at`, `deleted_at`, `attribute_data`, `quantity_increment`, `min_quantity`) VALUES ('55', '10', '1', NULL, '1', 'MIZUNO-MIZUNO-WAVE-RIDER-27-41-NEGRE', NULL, NULL, NULL, '0', 'mm', '0', 'mm', '0', 'mm', '0', 'mm', '0', 'mm', '1', '19', '0', '1', '2026-02-04 16:50:33', '2026-02-24 20:01:30', NULL, NULL, '1', '1');
INSERT INTO `lunar_product_variants` (`id`, `product_id`, `tax_class_id`, `tax_ref`, `unit_quantity`, `sku`, `gtin`, `mpn`, `ean`, `length_value`, `length_unit`, `width_value`, `width_unit`, `height_value`, `height_unit`, `weight_value`, `weight_unit`, `volume_value`, `volume_unit`, `shippable`, `stock`, `backorder`, `purchasable`, `created_at`, `updated_at`, `deleted_at`, `attribute_data`, `quantity_increment`, `min_quantity`) VALUES ('56', '10', '1', NULL, '1', 'MIZUNO-MIZUNO-WAVE-RIDER-27-41-BLANC', NULL, NULL, NULL, '0', 'mm', '0', 'mm', '0', 'mm', '0', 'mm', '0', 'mm', '1', '16', '0', '1', '2026-02-04 16:50:33', '2026-02-04 16:50:33', NULL, NULL, '1', '1');
INSERT INTO `lunar_product_variants` (`id`, `product_id`, `tax_class_id`, `tax_ref`, `unit_quantity`, `sku`, `gtin`, `mpn`, `ean`, `length_value`, `length_unit`, `width_value`, `width_unit`, `height_value`, `height_unit`, `weight_value`, `weight_unit`, `volume_value`, `volume_unit`, `shippable`, `stock`, `backorder`, `purchasable`, `created_at`, `updated_at`, `deleted_at`, `attribute_data`, `quantity_increment`, `min_quantity`) VALUES ('57', '10', '1', NULL, '1', 'MIZUNO-MIZUNO-WAVE-RIDER-27-42-NEGRE', NULL, NULL, NULL, '0', 'mm', '0', 'mm', '0', 'mm', '0', 'mm', '0', 'mm', '1', '47', '0', '1', '2026-02-04 16:50:33', '2026-02-04 16:50:33', NULL, NULL, '1', '1');
INSERT INTO `lunar_product_variants` (`id`, `product_id`, `tax_class_id`, `tax_ref`, `unit_quantity`, `sku`, `gtin`, `mpn`, `ean`, `length_value`, `length_unit`, `width_value`, `width_unit`, `height_value`, `height_unit`, `weight_value`, `weight_unit`, `volume_value`, `volume_unit`, `shippable`, `stock`, `backorder`, `purchasable`, `created_at`, `updated_at`, `deleted_at`, `attribute_data`, `quantity_increment`, `min_quantity`) VALUES ('58', '10', '1', NULL, '1', 'MIZUNO-MIZUNO-WAVE-RIDER-27-42-BLANC', NULL, NULL, NULL, '0', 'mm', '0', 'mm', '0', 'mm', '0', 'mm', '0', 'mm', '1', '34', '0', '1', '2026-02-04 16:50:33', '2026-02-04 16:50:33', NULL, NULL, '1', '1');
INSERT INTO `lunar_product_variants` (`id`, `product_id`, `tax_class_id`, `tax_ref`, `unit_quantity`, `sku`, `gtin`, `mpn`, `ean`, `length_value`, `length_unit`, `width_value`, `width_unit`, `height_value`, `height_unit`, `weight_value`, `weight_unit`, `volume_value`, `volume_unit`, `shippable`, `stock`, `backorder`, `purchasable`, `created_at`, `updated_at`, `deleted_at`, `attribute_data`, `quantity_increment`, `min_quantity`) VALUES ('59', '10', '1', NULL, '1', 'MIZUNO-MIZUNO-WAVE-RIDER-27-43-NEGRE', NULL, NULL, NULL, '0', 'mm', '0', 'mm', '0', 'mm', '0', 'mm', '0', 'mm', '1', '11', '0', '1', '2026-02-04 16:50:33', '2026-02-04 16:50:33', NULL, NULL, '1', '1');
INSERT INTO `lunar_product_variants` (`id`, `product_id`, `tax_class_id`, `tax_ref`, `unit_quantity`, `sku`, `gtin`, `mpn`, `ean`, `length_value`, `length_unit`, `width_value`, `width_unit`, `height_value`, `height_unit`, `weight_value`, `weight_unit`, `volume_value`, `volume_unit`, `shippable`, `stock`, `backorder`, `purchasable`, `created_at`, `updated_at`, `deleted_at`, `attribute_data`, `quantity_increment`, `min_quantity`) VALUES ('60', '10', '1', NULL, '1', 'MIZUNO-MIZUNO-WAVE-RIDER-27-43-BLANC', NULL, NULL, NULL, '0', 'mm', '0', 'mm', '0', 'mm', '0', 'mm', '0', 'mm', '1', '32', '0', '1', '2026-02-04 16:50:33', '2026-02-04 16:50:33', NULL, NULL, '1', '1');

-- Table: lunar_products
CREATE TABLE `lunar_products` (`id` INT AUTO_INCREMENT PRIMARY KEY not null, `product_type_id` INT not null, `status` VARCHAR(255) not null, `attribute_data` text not null, `created_at` DATETIME, `updated_at` DATETIME, `deleted_at` DATETIME, `brand_id` INT, `slug` VARCHAR(255), `thumbnail_id` INT, foreign key(`brand_id`) references lunar_brands(`id`) on delete no action on update no action, foreign key(`product_type_id`) references lunar_product_types(`id`) on delete no action on update no action, foreign key(`thumbnail_id`) references `media`(`id`) on delete set null);

INSERT INTO `lunar_products` (`id`, `product_type_id`, `status`, `attribute_data`, `created_at`, `updated_at`, `deleted_at`, `brand_id`, `slug`, `thumbnail_id`) VALUES ('1', '1', 'published', '{"name":{"field_type":"Lunar\\FieldTypes\\TranslatedText","value":{"en":"Nike Air Zoom Pegasus 41"}},"description":{"field_type":"Lunar\\FieldTypes\\TranslatedText","value":{"en":"Sabatilla d''entrenament per asfalt, polivalent."}}}', '2026-02-04 16:50:32', '2026-02-04 17:05:37', NULL, '1', 'nike-air-zoom-pegasus-41', '20');
INSERT INTO `lunar_products` (`id`, `product_type_id`, `status`, `attribute_data`, `created_at`, `updated_at`, `deleted_at`, `brand_id`, `slug`, `thumbnail_id`) VALUES ('2', '1', 'published', '{"name":{"field_type":"Lunar\\FieldTypes\\TranslatedText","value":{"en":"ASICS GEL-Kayano 31"}},"description":{"field_type":"Lunar\\FieldTypes\\TranslatedText","value":{"en":"Estabilitat i amortiguaci\u00f3 per rodatges llargs."}}}', '2026-02-04 16:50:32', '2026-02-04 17:05:39', NULL, '2', 'asics-gel-kayano-31', '25');
INSERT INTO `lunar_products` (`id`, `product_type_id`, `status`, `attribute_data`, `created_at`, `updated_at`, `deleted_at`, `brand_id`, `slug`, `thumbnail_id`) VALUES ('3', '1', 'published', '{"name":{"field_type":"Lunar\\FieldTypes\\TranslatedText","value":{"en":"HOKA Clifton 9"}},"description":{"field_type":"Lunar\\FieldTypes\\TranslatedText","value":{"en":"Amortiguaci\u00f3 suau i lleugera per asfalts."}}}', '2026-02-04 16:50:32', '2026-02-04 17:05:43', NULL, '3', 'hoka-clifton-9', '30');
INSERT INTO `lunar_products` (`id`, `product_type_id`, `status`, `attribute_data`, `created_at`, `updated_at`, `deleted_at`, `brand_id`, `slug`, `thumbnail_id`) VALUES ('4', '1', 'published', '{"name":{"field_type":"Lunar\\FieldTypes\\TranslatedText","value":{"en":"Adidas Ultraboost Light"}},"description":{"field_type":"Lunar\\FieldTypes\\TranslatedText","value":{"en":"Confort i resposta per \u00fas esportiu i diari."}}}', '2026-02-04 16:50:32', '2026-02-04 17:05:47', NULL, '4', 'adidas-ultraboost-light', '35');
INSERT INTO `lunar_products` (`id`, `product_type_id`, `status`, `attribute_data`, `created_at`, `updated_at`, `deleted_at`, `brand_id`, `slug`, `thumbnail_id`) VALUES ('5', '1', 'published', '{"name":{"field_type":"Lunar\\FieldTypes\\TranslatedText","value":{"en":"Salomon Speedcross 6"}},"description":{"field_type":"Lunar\\FieldTypes\\TranslatedText","value":{"en":"Trail agressiu per fang i terreny t\u00e8cnic."}}}', '2026-02-04 16:50:32', '2026-02-04 17:05:51', NULL, '5', 'salomon-speedcross-6', '40');
INSERT INTO `lunar_products` (`id`, `product_type_id`, `status`, `attribute_data`, `created_at`, `updated_at`, `deleted_at`, `brand_id`, `slug`, `thumbnail_id`) VALUES ('6', '1', 'published', '{"name":{"field_type":"Lunar\\FieldTypes\\TranslatedText","value":{"en":"Saucony Peregrine 14"}},"description":{"field_type":"Lunar\\FieldTypes\\TranslatedText","value":{"en":"Trail polivalent amb bon agarri."}}}', '2026-02-04 16:50:32', '2026-02-04 17:05:53', NULL, '6', 'saucony-peregrine-14', '45');
INSERT INTO `lunar_products` (`id`, `product_type_id`, `status`, `attribute_data`, `created_at`, `updated_at`, `deleted_at`, `brand_id`, `slug`, `thumbnail_id`) VALUES ('7', '1', 'published', '{"name":{"field_type":"Lunar\\FieldTypes\\TranslatedText","value":{"en":"La Sportiva Bushido II"}},"description":{"field_type":"Lunar\\FieldTypes\\TranslatedText","value":{"en":"Precisa i estable per terreny t\u00e8cnic."}}}', '2026-02-04 16:50:32', '2026-02-04 17:05:56', NULL, '7', 'la-sportiva-bushido-ii', '50');
INSERT INTO `lunar_products` (`id`, `product_type_id`, `status`, `attribute_data`, `created_at`, `updated_at`, `deleted_at`, `brand_id`, `slug`, `thumbnail_id`) VALUES ('8', '1', 'published', '{"name":{"field_type":"Lunar\\FieldTypes\\TranslatedText","value":{"en":"Brooks Ghost 16"}},"description":{"field_type":"Lunar\\FieldTypes\\TranslatedText","value":{"en":"Rodatge c\u00f2mode per entrenament diari."}}}', '2026-02-04 16:50:32', '2026-02-04 17:05:59', NULL, '8', 'brooks-ghost-16', '55');
INSERT INTO `lunar_products` (`id`, `product_type_id`, `status`, `attribute_data`, `created_at`, `updated_at`, `deleted_at`, `brand_id`, `slug`, `thumbnail_id`) VALUES ('9', '1', 'published', '{"name":{"field_type":"Lunar\\FieldTypes\\TranslatedText","value":{"en":"New Balance Fresh Foam X 1080v13"}},"description":{"field_type":"Lunar\\FieldTypes\\TranslatedText","value":{"en":"M\u00e0xima comoditat per quil\u00f2metres."}}}', '2026-02-04 16:50:33', '2026-02-04 17:06:03', NULL, '9', 'new-balance-fresh-foam-x-1080v13', '60');
INSERT INTO `lunar_products` (`id`, `product_type_id`, `status`, `attribute_data`, `created_at`, `updated_at`, `deleted_at`, `brand_id`, `slug`, `thumbnail_id`) VALUES ('10', '1', 'published', '{"name":{"field_type":"Lunar\\FieldTypes\\TranslatedText","value":{"en":"Mizuno Wave Rider 27"}},"description":{"field_type":"Lunar\\FieldTypes\\TranslatedText","value":{"en":"Equilibri entre amortiguaci\u00f3 i resposta."}}}', '2026-02-04 16:50:33', '2026-02-04 17:06:06', NULL, '10', 'mizuno-wave-rider-27', '65');

-- Table: lunar_staff
CREATE TABLE `lunar_staff` (`id` INT AUTO_INCREMENT PRIMARY KEY not null, `admin` tinyint(1) not null default '0', `first_name` VARCHAR(255) not null, `last_name` VARCHAR(255) not null, `email` VARCHAR(255) not null, `email_verified_at` DATETIME, `password` VARCHAR(255) not null, `remember_token` VARCHAR(255), `created_at` DATETIME, `updated_at` DATETIME, `deleted_at` DATETIME, `two_factor_secret` text, `two_factor_recovery_codes` text, `two_factor_confirmed_at` DATETIME);

INSERT INTO `lunar_staff` (`id`, `admin`, `first_name`, `last_name`, `email`, `email_verified_at`, `password`, `remember_token`, `created_at`, `updated_at`, `deleted_at`, `two_factor_secret`, `two_factor_recovery_codes`, `two_factor_confirmed_at`) VALUES ('1', '1', 'Admin', 'User', 'admin@admin.com', NULL, '$2y$12$/kE4uV5ZPDqvjwAabDSujeP.A9jjzG96uw4cT0QXz0vwh2imdH1ii', 'p0ZxmAXv0v0NvryI9sV6fMTnS9E1anuKuSPkjrp6zg41M9GNe8XRY81bqLsi', '2026-02-04 16:54:17', '2026-02-04 16:54:17', NULL, NULL, NULL, NULL);

-- Table: lunar_states
CREATE TABLE `lunar_states` (`id` INT AUTO_INCREMENT PRIMARY KEY not null, `country_id` INT, `name` VARCHAR(255) not null, `code` VARCHAR(255) not null, `created_at` DATETIME, `updated_at` DATETIME, foreign key(`country_id`) references `lunar_countries`(`id`));

-- Table: lunar_taggables
CREATE TABLE `lunar_taggables` (`id` INT AUTO_INCREMENT PRIMARY KEY not null, `tag_id` INT not null, `taggable_type` VARCHAR(255) not null, `taggable_id` INT not null, `created_at` DATETIME, `updated_at` DATETIME, foreign key(`tag_id`) references `lunar_tags`(`id`));

-- Table: lunar_tags
CREATE TABLE `lunar_tags` (`id` INT AUTO_INCREMENT PRIMARY KEY not null, `value` VARCHAR(255) not null, `created_at` DATETIME, `updated_at` DATETIME);

-- Table: lunar_tax_classes
CREATE TABLE `lunar_tax_classes` (`id` INT AUTO_INCREMENT PRIMARY KEY not null, `name` VARCHAR(255) not null, `created_at` DATETIME, `updated_at` DATETIME, `default` tinyint(1) not null default '0');

INSERT INTO `lunar_tax_classes` (`id`, `name`, `created_at`, `updated_at`, `default`) VALUES ('1', 'Standard', '2026-02-04 16:50:32', '2026-02-04 16:50:32', '1');

-- Table: lunar_tax_rate_amounts
CREATE TABLE `lunar_tax_rate_amounts` (`id` INT AUTO_INCREMENT PRIMARY KEY not null, `tax_class_id` INT, `tax_rate_id` INT, `percentage` numeric not null, `created_at` DATETIME, `updated_at` DATETIME, foreign key(`tax_class_id`) references `lunar_tax_classes`(`id`), foreign key(`tax_rate_id`) references `lunar_tax_rates`(`id`));

INSERT INTO `lunar_tax_rate_amounts` (`id`, `tax_class_id`, `tax_rate_id`, `percentage`, `created_at`, `updated_at`) VALUES ('1', '1', '1', '21', '2026-02-05 15:40:21', '2026-02-05 15:40:21');

-- Table: lunar_tax_rates
CREATE TABLE `lunar_tax_rates` (`id` INT AUTO_INCREMENT PRIMARY KEY not null, `tax_zone_id` INT, `priority` INT not null default '1', `name` VARCHAR(255) not null, `created_at` DATETIME, `updated_at` DATETIME, foreign key(`tax_zone_id`) references `lunar_tax_zones`(`id`));

INSERT INTO `lunar_tax_rates` (`id`, `tax_zone_id`, `priority`, `name`, `created_at`, `updated_at`) VALUES ('1', '1', '1', 'IVA 21%', '2026-02-05 15:40:21', '2026-02-05 15:41:03');

-- Table: lunar_tax_zone_countries
CREATE TABLE `lunar_tax_zone_countries` (`id` INT AUTO_INCREMENT PRIMARY KEY not null, `tax_zone_id` INT, `country_id` INT, `created_at` DATETIME, `updated_at` DATETIME, foreign key(`tax_zone_id`) references `lunar_tax_zones`(`id`), foreign key(`country_id`) references `lunar_countries`(`id`));

-- Table: lunar_tax_zone_customer_groups
CREATE TABLE `lunar_tax_zone_customer_groups` (`id` INT AUTO_INCREMENT PRIMARY KEY not null, `tax_zone_id` INT, `customer_group_id` INT, `created_at` DATETIME, `updated_at` DATETIME, foreign key(`tax_zone_id`) references `lunar_tax_zones`(`id`), foreign key(`customer_group_id`) references `lunar_customer_groups`(`id`));

-- Table: lunar_tax_zone_postcodes
CREATE TABLE `lunar_tax_zone_postcodes` (`id` INT AUTO_INCREMENT PRIMARY KEY not null, `tax_zone_id` INT, `country_id` INT, `postcode` VARCHAR(255) not null, `created_at` DATETIME, `updated_at` DATETIME, foreign key(`tax_zone_id`) references `lunar_tax_zones`(`id`), foreign key(`country_id`) references `lunar_countries`(`id`));

-- Table: lunar_tax_zone_states
CREATE TABLE `lunar_tax_zone_states` (`id` INT AUTO_INCREMENT PRIMARY KEY not null, `tax_zone_id` INT, `state_id` INT, `created_at` DATETIME, `updated_at` DATETIME, foreign key(`tax_zone_id`) references `lunar_tax_zones`(`id`), foreign key(`state_id`) references `lunar_states`(`id`));

-- Table: lunar_tax_zones
CREATE TABLE `lunar_tax_zones` (`id` INT AUTO_INCREMENT PRIMARY KEY not null, `name` VARCHAR(255) not null, `zone_type` VARCHAR(255) not null, `price_display` VARCHAR(255) not null, `active` tinyint(1) not null, `default` tinyint(1) not null, `created_at` DATETIME, `updated_at` DATETIME);

INSERT INTO `lunar_tax_zones` (`id`, `name`, `zone_type`, `price_display`, `active`, `default`, `created_at`, `updated_at`) VALUES ('1', 'España', 'country', 'tax_inclusive', '1', '1', '2026-02-05 15:40:47', '2026-02-05 15:40:47');

-- Table: lunar_transactions
CREATE TABLE `lunar_transactions` (`id` INT AUTO_INCREMENT PRIMARY KEY not null, `order_id` INT not null, `success` tinyint(1) not null, `driver` VARCHAR(255) not null, `amount` INT not null, `reference` VARCHAR(255) not null, `status` VARCHAR(255) not null, `notes` VARCHAR(255), `card_type` VARCHAR(255) not null, `last_four` VARCHAR(255), `meta` text, `created_at` DATETIME, `updated_at` DATETIME, `parent_transaction_id` INT, `captured_at` DATETIME, `type` VARCHAR(255) not null default ('capture'), foreign key(`order_id`) references lunar_orders(`id`) on delete no action on update no action, foreign key(`parent_transaction_id`) references lunar_transactions(`id`) on delete no action on update no action);

-- Table: lunar_urls
CREATE TABLE `lunar_urls` (`id` INT AUTO_INCREMENT PRIMARY KEY not null, `language_id` INT not null, `element_type` VARCHAR(255) not null, `element_id` INT not null, `slug` VARCHAR(255) not null, `default` tinyint(1) not null default '0', `created_at` DATETIME, `updated_at` DATETIME, foreign key(`language_id`) references `lunar_languages`(`id`));

INSERT INTO `lunar_urls` (`id`, `language_id`, `element_type`, `element_id`, `slug`, `default`, `created_at`, `updated_at`) VALUES ('1', '1', 'collection', '1', 'trail', '1', '2026-02-04 16:50:32', '2026-02-04 16:50:32');
INSERT INTO `lunar_urls` (`id`, `language_id`, `element_type`, `element_id`, `slug`, `default`, `created_at`, `updated_at`) VALUES ('2', '1', 'collection', '2', 'asfalt', '1', '2026-02-04 16:50:32', '2026-02-04 16:50:32');
INSERT INTO `lunar_urls` (`id`, `language_id`, `element_type`, `element_id`, `slug`, `default`, `created_at`, `updated_at`) VALUES ('3', '1', 'collection', '3', 'pista', '1', '2026-02-04 16:50:32', '2026-02-04 16:50:32');
INSERT INTO `lunar_urls` (`id`, `language_id`, `element_type`, `element_id`, `slug`, `default`, `created_at`, `updated_at`) VALUES ('4', '1', 'collection', '4', 'mixt', '1', '2026-02-04 16:50:32', '2026-02-04 16:50:32');
INSERT INTO `lunar_urls` (`id`, `language_id`, `element_type`, `element_id`, `slug`, `default`, `created_at`, `updated_at`) VALUES ('5', '1', 'brand', '1', 'nike', '1', '2026-02-04 16:50:32', '2026-02-04 16:50:32');
INSERT INTO `lunar_urls` (`id`, `language_id`, `element_type`, `element_id`, `slug`, `default`, `created_at`, `updated_at`) VALUES ('6', '1', 'product', '1', 'nike-air-zoom-pegasus-41', '1', '2026-02-04 16:50:32', '2026-02-04 16:50:32');
INSERT INTO `lunar_urls` (`id`, `language_id`, `element_type`, `element_id`, `slug`, `default`, `created_at`, `updated_at`) VALUES ('7', '1', 'brand', '2', 'asics', '1', '2026-02-04 16:50:32', '2026-02-04 16:50:32');
INSERT INTO `lunar_urls` (`id`, `language_id`, `element_type`, `element_id`, `slug`, `default`, `created_at`, `updated_at`) VALUES ('8', '1', 'product', '2', 'asics-gel-kayano-31', '1', '2026-02-04 16:50:32', '2026-02-04 16:50:32');
INSERT INTO `lunar_urls` (`id`, `language_id`, `element_type`, `element_id`, `slug`, `default`, `created_at`, `updated_at`) VALUES ('9', '1', 'brand', '3', 'hoka', '1', '2026-02-04 16:50:32', '2026-02-04 16:50:32');
INSERT INTO `lunar_urls` (`id`, `language_id`, `element_type`, `element_id`, `slug`, `default`, `created_at`, `updated_at`) VALUES ('10', '1', 'product', '3', 'hoka-clifton-9', '1', '2026-02-04 16:50:32', '2026-02-04 16:50:32');
INSERT INTO `lunar_urls` (`id`, `language_id`, `element_type`, `element_id`, `slug`, `default`, `created_at`, `updated_at`) VALUES ('11', '1', 'brand', '4', 'adidas', '1', '2026-02-04 16:50:32', '2026-02-04 16:50:32');
INSERT INTO `lunar_urls` (`id`, `language_id`, `element_type`, `element_id`, `slug`, `default`, `created_at`, `updated_at`) VALUES ('12', '1', 'product', '4', 'adidas-ultraboost-light', '1', '2026-02-04 16:50:32', '2026-02-04 16:50:32');
INSERT INTO `lunar_urls` (`id`, `language_id`, `element_type`, `element_id`, `slug`, `default`, `created_at`, `updated_at`) VALUES ('13', '1', 'brand', '5', 'salomon', '1', '2026-02-04 16:50:32', '2026-02-04 16:50:32');
INSERT INTO `lunar_urls` (`id`, `language_id`, `element_type`, `element_id`, `slug`, `default`, `created_at`, `updated_at`) VALUES ('14', '1', 'product', '5', 'salomon-speedcross-6', '1', '2026-02-04 16:50:32', '2026-02-04 16:50:32');
INSERT INTO `lunar_urls` (`id`, `language_id`, `element_type`, `element_id`, `slug`, `default`, `created_at`, `updated_at`) VALUES ('15', '1', 'brand', '6', 'saucony', '1', '2026-02-04 16:50:32', '2026-02-04 16:50:32');
INSERT INTO `lunar_urls` (`id`, `language_id`, `element_type`, `element_id`, `slug`, `default`, `created_at`, `updated_at`) VALUES ('16', '1', 'product', '6', 'saucony-peregrine-14', '1', '2026-02-04 16:50:32', '2026-02-04 16:50:32');
INSERT INTO `lunar_urls` (`id`, `language_id`, `element_type`, `element_id`, `slug`, `default`, `created_at`, `updated_at`) VALUES ('17', '1', 'brand', '7', 'la-sportiva', '1', '2026-02-04 16:50:32', '2026-02-04 16:50:32');
INSERT INTO `lunar_urls` (`id`, `language_id`, `element_type`, `element_id`, `slug`, `default`, `created_at`, `updated_at`) VALUES ('18', '1', 'product', '7', 'la-sportiva-bushido-ii', '1', '2026-02-04 16:50:32', '2026-02-04 16:50:32');
INSERT INTO `lunar_urls` (`id`, `language_id`, `element_type`, `element_id`, `slug`, `default`, `created_at`, `updated_at`) VALUES ('19', '1', 'brand', '8', 'brooks', '1', '2026-02-04 16:50:32', '2026-02-04 16:50:32');
INSERT INTO `lunar_urls` (`id`, `language_id`, `element_type`, `element_id`, `slug`, `default`, `created_at`, `updated_at`) VALUES ('20', '1', 'product', '8', 'brooks-ghost-16', '1', '2026-02-04 16:50:32', '2026-02-04 16:50:32');
INSERT INTO `lunar_urls` (`id`, `language_id`, `element_type`, `element_id`, `slug`, `default`, `created_at`, `updated_at`) VALUES ('21', '1', 'brand', '9', 'new-balance', '1', '2026-02-04 16:50:33', '2026-02-04 16:50:33');
INSERT INTO `lunar_urls` (`id`, `language_id`, `element_type`, `element_id`, `slug`, `default`, `created_at`, `updated_at`) VALUES ('22', '1', 'product', '9', 'new-balance-fresh-foam-x-1080v13', '1', '2026-02-04 16:50:33', '2026-02-04 16:50:33');
INSERT INTO `lunar_urls` (`id`, `language_id`, `element_type`, `element_id`, `slug`, `default`, `created_at`, `updated_at`) VALUES ('23', '1', 'brand', '10', 'mizuno', '1', '2026-02-04 16:50:33', '2026-02-04 16:50:33');
INSERT INTO `lunar_urls` (`id`, `language_id`, `element_type`, `element_id`, `slug`, `default`, `created_at`, `updated_at`) VALUES ('24', '1', 'product', '10', 'mizuno-wave-rider-27', '1', '2026-02-04 16:50:33', '2026-02-04 16:50:33');

-- Table: media
CREATE TABLE `media` (`id` INT AUTO_INCREMENT PRIMARY KEY not null, `model_type` VARCHAR(255) not null, `model_id` INT not null, `uuid` VARCHAR(255), `collection_name` VARCHAR(255) not null, `name` VARCHAR(255) not null, `file_name` VARCHAR(255) not null, `mime_type` VARCHAR(255), `disk` VARCHAR(255) not null, `conversions_disk` VARCHAR(255), `size` INT not null, `manipulations` text not null, `custom_properties` text not null, `generated_conversions` text not null, `responsive_images` text not null, `order_column` INT, `created_at` DATETIME, `updated_at` DATETIME);

INSERT INTO `media` (`id`, `model_type`, `model_id`, `uuid`, `collection_name`, `name`, `file_name`, `mime_type`, `disk`, `conversions_disk`, `size`, `manipulations`, `custom_properties`, `generated_conversions`, `responsive_images`, `order_column`, `created_at`, `updated_at`) VALUES ('20', 'product', '1', 'c5d24b11-da1e-401d-aaa8-d68800584643', 'images', 'nike41_1_tuymrf', 'nike41_1_tuymrf.jpg', 'image/jpeg', 'public', 'public', '84606', '[]', '{"primary":true,"cloudinary_public_id":"nike41_1_tuymrf"}', '{"zoom":true,"large":true,"medium":true,"small":true}', '[]', '1', '2026-02-04 17:05:37', '2026-02-04 17:44:27');
INSERT INTO `media` (`id`, `model_type`, `model_id`, `uuid`, `collection_name`, `name`, `file_name`, `mime_type`, `disk`, `conversions_disk`, `size`, `manipulations`, `custom_properties`, `generated_conversions`, `responsive_images`, `order_column`, `created_at`, `updated_at`) VALUES ('21', 'product', '1', '4c5275d3-d99d-4111-98b4-c996d37acb8e', 'images', 'nike41_2_egsfxk', 'nike41_2_egsfxk.jpg', 'image/jpeg', 'public', 'public', '75422', '[]', '{"cloudinary_public_id":"nike41_2_egsfxk","primary":false}', '{"zoom":true,"large":true,"medium":true,"small":true}', '[]', '2', '2026-02-04 17:05:37', '2026-02-04 17:44:28');
INSERT INTO `media` (`id`, `model_type`, `model_id`, `uuid`, `collection_name`, `name`, `file_name`, `mime_type`, `disk`, `conversions_disk`, `size`, `manipulations`, `custom_properties`, `generated_conversions`, `responsive_images`, `order_column`, `created_at`, `updated_at`) VALUES ('22', 'product', '1', '7de9c216-5bcd-4e8e-a739-25d716ea519e', 'images', 'nike41_3_esgco1', 'nike41_3_esgco1.jpg', 'image/jpeg', 'public', 'public', '85384', '[]', '{"cloudinary_public_id":"nike41_3_esgco1","primary":false}', '{"zoom":true,"large":true,"medium":true,"small":true}', '[]', '3', '2026-02-04 17:05:38', '2026-02-04 17:44:30');
INSERT INTO `media` (`id`, `model_type`, `model_id`, `uuid`, `collection_name`, `name`, `file_name`, `mime_type`, `disk`, `conversions_disk`, `size`, `manipulations`, `custom_properties`, `generated_conversions`, `responsive_images`, `order_column`, `created_at`, `updated_at`) VALUES ('23', 'product', '1', 'b1fafd06-c4e4-4d6c-9f66-520e7df2eb7a', 'images', 'nike41_4_rujhvj', 'nike41_4_rujhvj.jpg', 'image/jpeg', 'public', 'public', '174425', '[]', '{"cloudinary_public_id":"nike41_4_rujhvj","primary":false}', '{"zoom":true,"large":true,"medium":true,"small":true}', '[]', '4', '2026-02-04 17:05:38', '2026-02-04 17:44:31');
INSERT INTO `media` (`id`, `model_type`, `model_id`, `uuid`, `collection_name`, `name`, `file_name`, `mime_type`, `disk`, `conversions_disk`, `size`, `manipulations`, `custom_properties`, `generated_conversions`, `responsive_images`, `order_column`, `created_at`, `updated_at`) VALUES ('24', 'product', '1', '3bcc9962-e6ec-4989-aa1b-9395a2aba948', 'images', 'nike41_5_f3napx', 'nike41_5_f3napx.jpg', 'image/jpeg', 'public', 'public', '83214', '[]', '{"cloudinary_public_id":"nike41_5_f3napx","primary":false}', '{"zoom":true,"large":true,"medium":true,"small":true}', '[]', '5', '2026-02-04 17:05:39', '2026-02-04 17:44:33');
INSERT INTO `media` (`id`, `model_type`, `model_id`, `uuid`, `collection_name`, `name`, `file_name`, `mime_type`, `disk`, `conversions_disk`, `size`, `manipulations`, `custom_properties`, `generated_conversions`, `responsive_images`, `order_column`, `created_at`, `updated_at`) VALUES ('25', 'product', '2', '09d7e26b-238a-4b5a-b4ec-3b5bbb51fbec', 'images', 'asicsgelkayano_1_aus1xq', 'asicsgelkayano_1_aus1xq.jpg', 'image/jpeg', 'public', 'public', '123237', '[]', '{"primary":true,"cloudinary_public_id":"asicsgelkayano_1_aus1xq"}', '{"zoom":true,"large":true,"medium":true,"small":true}', '[]', '1', '2026-02-04 17:05:39', '2026-02-04 17:44:34');
INSERT INTO `media` (`id`, `model_type`, `model_id`, `uuid`, `collection_name`, `name`, `file_name`, `mime_type`, `disk`, `conversions_disk`, `size`, `manipulations`, `custom_properties`, `generated_conversions`, `responsive_images`, `order_column`, `created_at`, `updated_at`) VALUES ('26', 'product', '2', '76d51571-96de-484f-8599-7311b2e37ed0', 'images', 'asicsgelkayano_2_vnsf1u', 'asicsgelkayano_2_vnsf1u.jpg', 'image/jpeg', 'public', 'public', '106372', '[]', '{"cloudinary_public_id":"asicsgelkayano_2_vnsf1u","primary":false}', '{"zoom":true,"large":true,"medium":true,"small":true}', '[]', '2', '2026-02-04 17:05:40', '2026-02-04 17:44:36');
INSERT INTO `media` (`id`, `model_type`, `model_id`, `uuid`, `collection_name`, `name`, `file_name`, `mime_type`, `disk`, `conversions_disk`, `size`, `manipulations`, `custom_properties`, `generated_conversions`, `responsive_images`, `order_column`, `created_at`, `updated_at`) VALUES ('27', 'product', '2', '29b755c3-0b66-45cf-898f-e755dfdd5d9a', 'images', 'asicsgelkayano_3_idwbcu', 'asicsgelkayano_3_idwbcu.jpg', 'image/jpeg', 'public', 'public', '105180', '[]', '{"cloudinary_public_id":"asicsgelkayano_3_idwbcu","primary":false}', '{"zoom":true,"large":true,"medium":true,"small":true}', '[]', '3', '2026-02-04 17:05:41', '2026-02-04 17:44:37');
INSERT INTO `media` (`id`, `model_type`, `model_id`, `uuid`, `collection_name`, `name`, `file_name`, `mime_type`, `disk`, `conversions_disk`, `size`, `manipulations`, `custom_properties`, `generated_conversions`, `responsive_images`, `order_column`, `created_at`, `updated_at`) VALUES ('28', 'product', '2', '96d63ed4-e072-48dd-b356-9f117ff7f65b', 'images', 'asicsgelkayano_4_yn6yg9', 'asicsgelkayano_4_yn6yg9.jpg', 'image/jpeg', 'public', 'public', '107945', '[]', '{"cloudinary_public_id":"asicsgelkayano_4_yn6yg9","primary":false}', '{"zoom":true,"large":true,"medium":true,"small":true}', '[]', '4', '2026-02-04 17:05:41', '2026-02-04 17:44:39');
INSERT INTO `media` (`id`, `model_type`, `model_id`, `uuid`, `collection_name`, `name`, `file_name`, `mime_type`, `disk`, `conversions_disk`, `size`, `manipulations`, `custom_properties`, `generated_conversions`, `responsive_images`, `order_column`, `created_at`, `updated_at`) VALUES ('29', 'product', '2', '6a81e336-9cfc-4411-884d-1f1d99f70a36', 'images', 'asicsgelkayano_5_xfizyo', 'asicsgelkayano_5_xfizyo.jpg', 'image/jpeg', 'public', 'public', '105357', '[]', '{"cloudinary_public_id":"asicsgelkayano_5_xfizyo","primary":false}', '{"zoom":true,"large":true,"medium":true,"small":true}', '[]', '5', '2026-02-04 17:05:42', '2026-02-04 17:44:40');
INSERT INTO `media` (`id`, `model_type`, `model_id`, `uuid`, `collection_name`, `name`, `file_name`, `mime_type`, `disk`, `conversions_disk`, `size`, `manipulations`, `custom_properties`, `generated_conversions`, `responsive_images`, `order_column`, `created_at`, `updated_at`) VALUES ('30', 'product', '3', '45beea37-303a-47ac-a23c-7120cbc27e55', 'images', 'hokaclifton_1_xm74vz', 'hokaclifton_1_xm74vz.jpg', 'image/jpeg', 'public', 'public', '177607', '[]', '{"primary":true,"cloudinary_public_id":"hokaclifton_1_xm74vz"}', '{"zoom":true,"large":true,"medium":true,"small":true}', '[]', '1', '2026-02-04 17:05:43', '2026-02-04 17:44:42');
INSERT INTO `media` (`id`, `model_type`, `model_id`, `uuid`, `collection_name`, `name`, `file_name`, `mime_type`, `disk`, `conversions_disk`, `size`, `manipulations`, `custom_properties`, `generated_conversions`, `responsive_images`, `order_column`, `created_at`, `updated_at`) VALUES ('31', 'product', '3', '6c7392e1-377e-4f22-b835-de104d8cc9e6', 'images', 'hokaclifton_2_s3emtf', 'hokaclifton_2_s3emtf.jpg', 'image/jpeg', 'public', 'public', '254080', '[]', '{"cloudinary_public_id":"hokaclifton_2_s3emtf","primary":false}', '{"zoom":true,"large":true,"medium":true,"small":true}', '[]', '2', '2026-02-04 17:05:44', '2026-02-04 17:44:48');
INSERT INTO `media` (`id`, `model_type`, `model_id`, `uuid`, `collection_name`, `name`, `file_name`, `mime_type`, `disk`, `conversions_disk`, `size`, `manipulations`, `custom_properties`, `generated_conversions`, `responsive_images`, `order_column`, `created_at`, `updated_at`) VALUES ('32', 'product', '3', '35b37817-cf09-4892-a082-1cc5248b3f99', 'images', 'hokaclifton_3_gtdbhv', 'hokaclifton_3_gtdbhv.jpg', 'image/jpeg', 'public', 'public', '153374', '[]', '{"cloudinary_public_id":"hokaclifton_3_gtdbhv","primary":false}', '{"zoom":true,"large":true,"medium":true,"small":true}', '[]', '3', '2026-02-04 17:05:45', '2026-02-04 17:44:49');
INSERT INTO `media` (`id`, `model_type`, `model_id`, `uuid`, `collection_name`, `name`, `file_name`, `mime_type`, `disk`, `conversions_disk`, `size`, `manipulations`, `custom_properties`, `generated_conversions`, `responsive_images`, `order_column`, `created_at`, `updated_at`) VALUES ('33', 'product', '3', 'bde223a7-3562-421e-a1ec-adfa4d95dc0e', 'images', 'hokaclifton_4_elbu2f', 'hokaclifton_4_elbu2f.jpg', 'image/jpeg', 'public', 'public', '338363', '[]', '{"cloudinary_public_id":"hokaclifton_4_elbu2f","primary":false}', '{"zoom":true,"large":true,"medium":true,"small":true}', '[]', '4', '2026-02-04 17:05:46', '2026-02-04 17:44:51');
INSERT INTO `media` (`id`, `model_type`, `model_id`, `uuid`, `collection_name`, `name`, `file_name`, `mime_type`, `disk`, `conversions_disk`, `size`, `manipulations`, `custom_properties`, `generated_conversions`, `responsive_images`, `order_column`, `created_at`, `updated_at`) VALUES ('34', 'product', '3', '79ed8dbd-6439-4115-a2dd-035f3f07276a', 'images', 'hokaclifton_5_h7gvlb', 'hokaclifton_5_h7gvlb.jpg', 'image/jpeg', 'public', 'public', '134509', '[]', '{"cloudinary_public_id":"hokaclifton_5_h7gvlb","primary":false}', '{"zoom":true,"large":true,"medium":true,"small":true}', '[]', '5', '2026-02-04 17:05:46', '2026-02-04 17:44:53');
INSERT INTO `media` (`id`, `model_type`, `model_id`, `uuid`, `collection_name`, `name`, `file_name`, `mime_type`, `disk`, `conversions_disk`, `size`, `manipulations`, `custom_properties`, `generated_conversions`, `responsive_images`, `order_column`, `created_at`, `updated_at`) VALUES ('35', 'product', '4', 'dae3fa19-5551-46f6-9c86-9efc33501e2f', 'images', 'adidasultraboost_1_brbnkt', 'adidasultraboost_1_brbnkt.jpg', 'image/jpeg', 'public', 'public', '89854', '[]', '{"primary":true,"cloudinary_public_id":"adidasultraboost_1_brbnkt"}', '{"zoom":true,"large":true,"medium":true,"small":true}', '[]', '1', '2026-02-04 17:05:47', '2026-02-04 17:44:54');
INSERT INTO `media` (`id`, `model_type`, `model_id`, `uuid`, `collection_name`, `name`, `file_name`, `mime_type`, `disk`, `conversions_disk`, `size`, `manipulations`, `custom_properties`, `generated_conversions`, `responsive_images`, `order_column`, `created_at`, `updated_at`) VALUES ('36', 'product', '4', '80768d22-ea08-44d9-941a-761c06f4f41e', 'images', 'adidasultraboost_2_dalxlu', 'adidasultraboost_2_dalxlu.jpg', 'image/jpeg', 'public', 'public', '61262', '[]', '{"cloudinary_public_id":"adidasultraboost_2_dalxlu","primary":false}', '{"zoom":true,"large":true,"medium":true,"small":true}', '[]', '2', '2026-02-04 17:05:48', '2026-02-04 17:44:56');
INSERT INTO `media` (`id`, `model_type`, `model_id`, `uuid`, `collection_name`, `name`, `file_name`, `mime_type`, `disk`, `conversions_disk`, `size`, `manipulations`, `custom_properties`, `generated_conversions`, `responsive_images`, `order_column`, `created_at`, `updated_at`) VALUES ('37', 'product', '4', 'f858f720-81a2-40c3-b235-5438e24c29bf', 'images', 'adidasultraboost_3_ykp6ol', 'adidasultraboost_3_ykp6ol.jpg', 'image/jpeg', 'public', 'public', '88201', '[]', '{"cloudinary_public_id":"adidasultraboost_3_ykp6ol","primary":false}', '{"zoom":true,"large":true,"medium":true,"small":true}', '[]', '3', '2026-02-04 17:05:49', '2026-02-04 17:44:57');
INSERT INTO `media` (`id`, `model_type`, `model_id`, `uuid`, `collection_name`, `name`, `file_name`, `mime_type`, `disk`, `conversions_disk`, `size`, `manipulations`, `custom_properties`, `generated_conversions`, `responsive_images`, `order_column`, `created_at`, `updated_at`) VALUES ('38', 'product', '4', 'f0bcae83-a1b9-44b9-bbca-b55cf83855e8', 'images', 'adidasultraboost_4_ajpc6u', 'adidasultraboost_4_ajpc6u.jpg', 'image/jpeg', 'public', 'public', '92166', '[]', '{"cloudinary_public_id":"adidasultraboost_4_ajpc6u","primary":false}', '{"zoom":true,"large":true,"medium":true,"small":true}', '[]', '4', '2026-02-04 17:05:49', '2026-02-04 17:44:58');
INSERT INTO `media` (`id`, `model_type`, `model_id`, `uuid`, `collection_name`, `name`, `file_name`, `mime_type`, `disk`, `conversions_disk`, `size`, `manipulations`, `custom_properties`, `generated_conversions`, `responsive_images`, `order_column`, `created_at`, `updated_at`) VALUES ('39', 'product', '4', 'ea2d43bd-1179-46b6-b220-0a3dcad8c4aa', 'images', 'adidasultraboost_5_syqvmg', 'adidasultraboost_5_syqvmg.jpg', 'image/jpeg', 'public', 'public', '119079', '[]', '{"cloudinary_public_id":"adidasultraboost_5_syqvmg","primary":false}', '{"zoom":true,"large":true,"medium":true,"small":true}', '[]', '5', '2026-02-04 17:05:50', '2026-02-04 17:45:00');
INSERT INTO `media` (`id`, `model_type`, `model_id`, `uuid`, `collection_name`, `name`, `file_name`, `mime_type`, `disk`, `conversions_disk`, `size`, `manipulations`, `custom_properties`, `generated_conversions`, `responsive_images`, `order_column`, `created_at`, `updated_at`) VALUES ('40', 'product', '5', 'a3c0a61f-2ba5-4d8c-861c-31f450c76638', 'images', 'salomonspeedcross_1_bkhkvj', 'salomonspeedcross_1_bkhkvj.jpg', 'image/jpeg', 'public', 'public', '115033', '[]', '{"primary":true,"cloudinary_public_id":"salomonspeedcross_1_bkhkvj"}', '{"zoom":true,"large":true,"medium":true,"small":true}', '[]', '1', '2026-02-04 17:05:51', '2026-02-04 17:45:01');
INSERT INTO `media` (`id`, `model_type`, `model_id`, `uuid`, `collection_name`, `name`, `file_name`, `mime_type`, `disk`, `conversions_disk`, `size`, `manipulations`, `custom_properties`, `generated_conversions`, `responsive_images`, `order_column`, `created_at`, `updated_at`) VALUES ('41', 'product', '5', 'c95ff4ac-0cc7-4380-8659-60e41942325b', 'images', 'salomonspeedcross_2_c76yef', 'salomonspeedcross_2_c76yef.jpg', 'image/jpeg', 'public', 'public', '77893', '[]', '{"cloudinary_public_id":"salomonspeedcross_2_c76yef","primary":false}', '{"zoom":true,"large":true,"medium":true,"small":true}', '[]', '2', '2026-02-04 17:05:51', '2026-02-04 17:45:03');
INSERT INTO `media` (`id`, `model_type`, `model_id`, `uuid`, `collection_name`, `name`, `file_name`, `mime_type`, `disk`, `conversions_disk`, `size`, `manipulations`, `custom_properties`, `generated_conversions`, `responsive_images`, `order_column`, `created_at`, `updated_at`) VALUES ('42', 'product', '5', 'ac161053-839e-4bbc-918e-cf2b33bce5f8', 'images', 'salomonspeedcross_3_pwoi6k', 'salomonspeedcross_3_pwoi6k.jpg', 'image/jpeg', 'public', 'public', '112228', '[]', '{"cloudinary_public_id":"salomonspeedcross_3_pwoi6k","primary":false}', '{"zoom":true,"large":true,"medium":true,"small":true}', '[]', '3', '2026-02-04 17:05:51', '2026-02-04 17:45:04');
INSERT INTO `media` (`id`, `model_type`, `model_id`, `uuid`, `collection_name`, `name`, `file_name`, `mime_type`, `disk`, `conversions_disk`, `size`, `manipulations`, `custom_properties`, `generated_conversions`, `responsive_images`, `order_column`, `created_at`, `updated_at`) VALUES ('43', 'product', '5', '9d48b327-2102-414b-9c74-c1a3503e0d75', 'images', 'salomonspeedcross_4_mrkggo', 'salomonspeedcross_4_mrkggo.jpg', 'image/jpeg', 'public', 'public', '98350', '[]', '{"cloudinary_public_id":"salomonspeedcross_4_mrkggo","primary":false}', '{"zoom":true,"large":true,"medium":true,"small":true}', '[]', '4', '2026-02-04 17:05:52', '2026-02-04 17:45:06');
INSERT INTO `media` (`id`, `model_type`, `model_id`, `uuid`, `collection_name`, `name`, `file_name`, `mime_type`, `disk`, `conversions_disk`, `size`, `manipulations`, `custom_properties`, `generated_conversions`, `responsive_images`, `order_column`, `created_at`, `updated_at`) VALUES ('44', 'product', '5', '0d8acd0d-fa9c-4604-8ab6-dcb0ce6837c1', 'images', 'salomonspeedcross_5_m6wctj', 'salomonspeedcross_5_m6wctj.jpg', 'image/jpeg', 'public', 'public', '66910', '[]', '{"cloudinary_public_id":"salomonspeedcross_5_m6wctj","primary":false}', '{"zoom":true,"large":true,"medium":true,"small":true}', '[]', '5', '2026-02-04 17:05:52', '2026-02-04 17:45:07');
INSERT INTO `media` (`id`, `model_type`, `model_id`, `uuid`, `collection_name`, `name`, `file_name`, `mime_type`, `disk`, `conversions_disk`, `size`, `manipulations`, `custom_properties`, `generated_conversions`, `responsive_images`, `order_column`, `created_at`, `updated_at`) VALUES ('45', 'product', '6', '1c7f9ba0-28b6-4540-aecb-7e1414d65d55', 'images', 'sauconyperegrine_1_bcemfn', 'sauconyperegrine_1_bcemfn.jpg', 'image/jpeg', 'public', 'public', '138136', '[]', '{"primary":true,"cloudinary_public_id":"sauconyperegrine_1_bcemfn"}', '{"zoom":true,"large":true,"medium":true,"small":true}', '[]', '1', '2026-02-04 17:05:53', '2026-02-04 17:45:09');
INSERT INTO `media` (`id`, `model_type`, `model_id`, `uuid`, `collection_name`, `name`, `file_name`, `mime_type`, `disk`, `conversions_disk`, `size`, `manipulations`, `custom_properties`, `generated_conversions`, `responsive_images`, `order_column`, `created_at`, `updated_at`) VALUES ('46', 'product', '6', '8f310423-2c24-4d8a-9139-f83b9e0d7d15', 'images', 'sauconyperegrine_2_iufmht', 'sauconyperegrine_2_iufmht.jpg', 'image/jpeg', 'public', 'public', '102540', '[]', '{"cloudinary_public_id":"sauconyperegrine_2_iufmht","primary":false}', '{"zoom":true,"large":true,"medium":true,"small":true}', '[]', '2', '2026-02-04 17:05:53', '2026-02-04 17:45:10');
INSERT INTO `media` (`id`, `model_type`, `model_id`, `uuid`, `collection_name`, `name`, `file_name`, `mime_type`, `disk`, `conversions_disk`, `size`, `manipulations`, `custom_properties`, `generated_conversions`, `responsive_images`, `order_column`, `created_at`, `updated_at`) VALUES ('47', 'product', '6', 'cb5c2a44-7296-465d-a56f-c588b641386a', 'images', 'sauconyperegrine_3_o32bkd', 'sauconyperegrine_3_o32bkd.jpg', 'image/jpeg', 'public', 'public', '133396', '[]', '{"cloudinary_public_id":"sauconyperegrine_3_o32bkd","primary":false}', '{"zoom":true,"large":true,"medium":true,"small":true}', '[]', '3', '2026-02-04 17:05:54', '2026-02-04 17:45:12');
INSERT INTO `media` (`id`, `model_type`, `model_id`, `uuid`, `collection_name`, `name`, `file_name`, `mime_type`, `disk`, `conversions_disk`, `size`, `manipulations`, `custom_properties`, `generated_conversions`, `responsive_images`, `order_column`, `created_at`, `updated_at`) VALUES ('48', 'product', '6', '3bbc4098-4170-42cf-b6da-e7ac2e1ec96b', 'images', 'sauconyperegrine_4_q6z63p', 'sauconyperegrine_4_q6z63p.jpg', 'image/jpeg', 'public', 'public', '148001', '[]', '{"cloudinary_public_id":"sauconyperegrine_4_q6z63p","primary":false}', '{"zoom":true,"large":true,"medium":true,"small":true}', '[]', '4', '2026-02-04 17:05:54', '2026-02-04 17:45:13');
INSERT INTO `media` (`id`, `model_type`, `model_id`, `uuid`, `collection_name`, `name`, `file_name`, `mime_type`, `disk`, `conversions_disk`, `size`, `manipulations`, `custom_properties`, `generated_conversions`, `responsive_images`, `order_column`, `created_at`, `updated_at`) VALUES ('49', 'product', '6', '369e0c16-bc57-4c97-9411-5fbf96c0d572', 'images', 'sauconyperegrine_5_gihqgx', 'sauconyperegrine_5_gihqgx.jpg', 'image/jpeg', 'public', 'public', '136424', '[]', '{"cloudinary_public_id":"sauconyperegrine_5_gihqgx","primary":false}', '{"zoom":true,"large":true,"medium":true,"small":true}', '[]', '5', '2026-02-04 17:05:55', '2026-02-04 17:45:15');
INSERT INTO `media` (`id`, `model_type`, `model_id`, `uuid`, `collection_name`, `name`, `file_name`, `mime_type`, `disk`, `conversions_disk`, `size`, `manipulations`, `custom_properties`, `generated_conversions`, `responsive_images`, `order_column`, `created_at`, `updated_at`) VALUES ('50', 'product', '7', 'afe145b0-3a28-49c9-b3d5-3828b61e061f', 'images', 'lasportivabushido_1_ip1iye', 'lasportivabushido_1_ip1iye.jpg', 'image/jpeg', 'public', 'public', '101920', '[]', '{"primary":true,"cloudinary_public_id":"lasportivabushido_1_ip1iye"}', '{"zoom":true,"large":true,"medium":true,"small":true}', '[]', '1', '2026-02-04 17:05:56', '2026-02-04 17:45:16');
INSERT INTO `media` (`id`, `model_type`, `model_id`, `uuid`, `collection_name`, `name`, `file_name`, `mime_type`, `disk`, `conversions_disk`, `size`, `manipulations`, `custom_properties`, `generated_conversions`, `responsive_images`, `order_column`, `created_at`, `updated_at`) VALUES ('51', 'product', '7', '2fb90a0f-6c02-4350-8674-a32baa55d565', 'images', 'lasportivabushido_2_oimypy', 'lasportivabushido_2_oimypy.jpg', 'image/jpeg', 'public', 'public', '109588', '[]', '{"cloudinary_public_id":"lasportivabushido_2_oimypy","primary":false}', '{"zoom":true,"large":true,"medium":true,"small":true}', '[]', '2', '2026-02-04 17:05:57', '2026-02-04 17:45:18');
INSERT INTO `media` (`id`, `model_type`, `model_id`, `uuid`, `collection_name`, `name`, `file_name`, `mime_type`, `disk`, `conversions_disk`, `size`, `manipulations`, `custom_properties`, `generated_conversions`, `responsive_images`, `order_column`, `created_at`, `updated_at`) VALUES ('52', 'product', '7', 'd61dd041-cb71-463f-89c0-fcdd9676dc7b', 'images', 'lasportivabushido_3_vngit2', 'lasportivabushido_3_vngit2.jpg', 'image/jpeg', 'public', 'public', '85023', '[]', '{"cloudinary_public_id":"lasportivabushido_3_vngit2","primary":false}', '{"zoom":true,"large":true,"medium":true,"small":true}', '[]', '3', '2026-02-04 17:05:57', '2026-02-04 17:45:19');
INSERT INTO `media` (`id`, `model_type`, `model_id`, `uuid`, `collection_name`, `name`, `file_name`, `mime_type`, `disk`, `conversions_disk`, `size`, `manipulations`, `custom_properties`, `generated_conversions`, `responsive_images`, `order_column`, `created_at`, `updated_at`) VALUES ('53', 'product', '7', '3a6affdc-987a-4813-816f-2169c6ef7742', 'images', 'lasportivabushido_4_qr8foi', 'lasportivabushido_4_qr8foi.jpg', 'image/jpeg', 'public', 'public', '84908', '[]', '{"cloudinary_public_id":"lasportivabushido_4_qr8foi","primary":false}', '{"zoom":true,"large":true,"medium":true,"small":true}', '[]', '4', '2026-02-04 17:05:58', '2026-02-04 17:45:21');
INSERT INTO `media` (`id`, `model_type`, `model_id`, `uuid`, `collection_name`, `name`, `file_name`, `mime_type`, `disk`, `conversions_disk`, `size`, `manipulations`, `custom_properties`, `generated_conversions`, `responsive_images`, `order_column`, `created_at`, `updated_at`) VALUES ('54', 'product', '7', '36151d6f-634c-4437-b346-ca953e4d1afa', 'images', 'lasportivabushido_5_t6ec2m', 'lasportivabushido_5_t6ec2m.jpg', 'image/jpeg', 'public', 'public', '102282', '[]', '{"cloudinary_public_id":"lasportivabushido_5_t6ec2m","primary":false}', '{"zoom":true,"large":true,"medium":true,"small":true}', '[]', '5', '2026-02-04 17:05:59', '2026-02-04 17:45:22');
INSERT INTO `media` (`id`, `model_type`, `model_id`, `uuid`, `collection_name`, `name`, `file_name`, `mime_type`, `disk`, `conversions_disk`, `size`, `manipulations`, `custom_properties`, `generated_conversions`, `responsive_images`, `order_column`, `created_at`, `updated_at`) VALUES ('55', 'product', '8', '2d14b142-68b4-41b5-8245-162581e82bbf', 'images', 'brooksghost_1_qh4wxj', 'brooksghost_1_qh4wxj.jpg', 'image/jpeg', 'public', 'public', '123664', '[]', '{"primary":true,"cloudinary_public_id":"brooksghost_1_qh4wxj"}', '{"zoom":true,"large":true,"medium":true,"small":true}', '[]', '1', '2026-02-04 17:05:59', '2026-02-04 17:45:24');
INSERT INTO `media` (`id`, `model_type`, `model_id`, `uuid`, `collection_name`, `name`, `file_name`, `mime_type`, `disk`, `conversions_disk`, `size`, `manipulations`, `custom_properties`, `generated_conversions`, `responsive_images`, `order_column`, `created_at`, `updated_at`) VALUES ('56', 'product', '8', '26ada4d6-bdc4-41ec-8ad0-330aa10eea42', 'images', 'brooksghost_2_iowgyt', 'brooksghost_2_iowgyt.jpg', 'image/jpeg', 'public', 'public', '125574', '[]', '{"cloudinary_public_id":"brooksghost_2_iowgyt","primary":false}', '{"zoom":true,"large":true,"medium":true,"small":true}', '[]', '2', '2026-02-04 17:06:00', '2026-02-04 17:45:25');
INSERT INTO `media` (`id`, `model_type`, `model_id`, `uuid`, `collection_name`, `name`, `file_name`, `mime_type`, `disk`, `conversions_disk`, `size`, `manipulations`, `custom_properties`, `generated_conversions`, `responsive_images`, `order_column`, `created_at`, `updated_at`) VALUES ('57', 'product', '8', 'f93ea0f4-5956-4a1d-8ccf-eb93bf592f42', 'images', 'brooksghost_3_hkgxqa', 'brooksghost_3_hkgxqa.jpg', 'image/jpeg', 'public', 'public', '125261', '[]', '{"cloudinary_public_id":"brooksghost_3_hkgxqa","primary":false}', '{"zoom":true,"large":true,"medium":true,"small":true}', '[]', '3', '2026-02-04 17:06:01', '2026-02-04 17:45:27');
INSERT INTO `media` (`id`, `model_type`, `model_id`, `uuid`, `collection_name`, `name`, `file_name`, `mime_type`, `disk`, `conversions_disk`, `size`, `manipulations`, `custom_properties`, `generated_conversions`, `responsive_images`, `order_column`, `created_at`, `updated_at`) VALUES ('58', 'product', '8', 'eaf9fa66-f5d6-4c04-b154-590234d2c299', 'images', 'brooksghost_4_ji7ad7', 'brooksghost_4_ji7ad7.jpg', 'image/jpeg', 'public', 'public', '112775', '[]', '{"cloudinary_public_id":"brooksghost_4_ji7ad7","primary":false}', '{"zoom":true,"large":true,"medium":true,"small":true}', '[]', '4', '2026-02-04 17:06:02', '2026-02-04 17:45:29');
INSERT INTO `media` (`id`, `model_type`, `model_id`, `uuid`, `collection_name`, `name`, `file_name`, `mime_type`, `disk`, `conversions_disk`, `size`, `manipulations`, `custom_properties`, `generated_conversions`, `responsive_images`, `order_column`, `created_at`, `updated_at`) VALUES ('59', 'product', '8', '9c168aa2-9102-4262-a525-426772900928', 'images', 'brooksghost_5_facb2i', 'brooksghost_5_facb2i.jpg', 'image/jpeg', 'public', 'public', '159308', '[]', '{"cloudinary_public_id":"brooksghost_5_facb2i","primary":false}', '{"zoom":true,"large":true,"medium":true,"small":true}', '[]', '5', '2026-02-04 17:06:02', '2026-02-04 17:45:30');
INSERT INTO `media` (`id`, `model_type`, `model_id`, `uuid`, `collection_name`, `name`, `file_name`, `mime_type`, `disk`, `conversions_disk`, `size`, `manipulations`, `custom_properties`, `generated_conversions`, `responsive_images`, `order_column`, `created_at`, `updated_at`) VALUES ('60', 'product', '9', '3e29949c-eb46-40e6-9ea8-ceb0e585154a', 'images', 'newbalancefreshfoam_1_akp6th', 'newbalancefreshfoam_1_akp6th.jpg', 'image/jpeg', 'public', 'public', '100003', '[]', '{"primary":true,"cloudinary_public_id":"newbalancefreshfoam_1_akp6th"}', '{"zoom":true,"large":true,"medium":true,"small":true}', '[]', '1', '2026-02-04 17:06:03', '2026-02-04 17:45:32');
INSERT INTO `media` (`id`, `model_type`, `model_id`, `uuid`, `collection_name`, `name`, `file_name`, `mime_type`, `disk`, `conversions_disk`, `size`, `manipulations`, `custom_properties`, `generated_conversions`, `responsive_images`, `order_column`, `created_at`, `updated_at`) VALUES ('61', 'product', '9', '2dbb5611-87eb-4c69-9540-dd95cf75c70d', 'images', 'newbalancefreshfoam_2_imfp8o', 'newbalancefreshfoam_2_imfp8o.jpg', 'image/jpeg', 'public', 'public', '78385', '[]', '{"cloudinary_public_id":"newbalancefreshfoam_2_imfp8o","primary":false}', '{"zoom":true,"large":true,"medium":true,"small":true}', '[]', '2', '2026-02-04 17:06:03', '2026-02-04 17:45:33');
INSERT INTO `media` (`id`, `model_type`, `model_id`, `uuid`, `collection_name`, `name`, `file_name`, `mime_type`, `disk`, `conversions_disk`, `size`, `manipulations`, `custom_properties`, `generated_conversions`, `responsive_images`, `order_column`, `created_at`, `updated_at`) VALUES ('62', 'product', '9', '821db8cb-a176-43b3-b055-0835a9941194', 'images', 'newbalancefreshfoam_3_uz0uwz', 'newbalancefreshfoam_3_uz0uwz.jpg', 'image/jpeg', 'public', 'public', '86727', '[]', '{"cloudinary_public_id":"newbalancefreshfoam_3_uz0uwz","primary":false}', '{"zoom":true,"large":true,"medium":true,"small":true}', '[]', '3', '2026-02-04 17:06:04', '2026-02-04 17:45:35');
INSERT INTO `media` (`id`, `model_type`, `model_id`, `uuid`, `collection_name`, `name`, `file_name`, `mime_type`, `disk`, `conversions_disk`, `size`, `manipulations`, `custom_properties`, `generated_conversions`, `responsive_images`, `order_column`, `created_at`, `updated_at`) VALUES ('63', 'product', '9', '1e17109b-83fb-4754-8a1e-b2553c30bcca', 'images', 'newbalancefreshfoam_4_jqex84', 'newbalancefreshfoam_4_jqex84.jpg', 'image/jpeg', 'public', 'public', '88211', '[]', '{"cloudinary_public_id":"newbalancefreshfoam_4_jqex84","primary":false}', '{"zoom":true,"large":true,"medium":true,"small":true}', '[]', '4', '2026-02-04 17:06:04', '2026-02-04 17:45:36');
INSERT INTO `media` (`id`, `model_type`, `model_id`, `uuid`, `collection_name`, `name`, `file_name`, `mime_type`, `disk`, `conversions_disk`, `size`, `manipulations`, `custom_properties`, `generated_conversions`, `responsive_images`, `order_column`, `created_at`, `updated_at`) VALUES ('64', 'product', '9', '70a796b7-f6fa-4c44-85f2-f0cf3478128a', 'images', 'newbalancefreshfoam_5_wib9u5', 'newbalancefreshfoam_5_wib9u5.jpg', 'image/jpeg', 'public', 'public', '117284', '[]', '{"cloudinary_public_id":"newbalancefreshfoam_5_wib9u5","primary":false}', '{"zoom":true,"large":true,"medium":true,"small":true}', '[]', '5', '2026-02-04 17:06:05', '2026-02-04 17:45:38');
INSERT INTO `media` (`id`, `model_type`, `model_id`, `uuid`, `collection_name`, `name`, `file_name`, `mime_type`, `disk`, `conversions_disk`, `size`, `manipulations`, `custom_properties`, `generated_conversions`, `responsive_images`, `order_column`, `created_at`, `updated_at`) VALUES ('65', 'product', '10', 'b36494f8-e6fd-4b7a-bd60-29cdd1b1a8c9', 'images', 'mizunowaverider_1_iy7vpj', 'mizunowaverider_1_iy7vpj.jpg', 'image/jpeg', 'public', 'public', '135191', '[]', '{"primary":true,"cloudinary_public_id":"mizunowaverider_1_iy7vpj"}', '{"zoom":true,"large":true,"medium":true,"small":true}', '[]', '1', '2026-02-04 17:06:06', '2026-02-04 17:45:39');
INSERT INTO `media` (`id`, `model_type`, `model_id`, `uuid`, `collection_name`, `name`, `file_name`, `mime_type`, `disk`, `conversions_disk`, `size`, `manipulations`, `custom_properties`, `generated_conversions`, `responsive_images`, `order_column`, `created_at`, `updated_at`) VALUES ('66', 'product', '10', '79085ee3-f3e2-4627-a648-3b7e71eb3751', 'images', 'mizunowaverider_2_oo9bmn', 'mizunowaverider_2_oo9bmn.jpg', 'image/jpeg', 'public', 'public', '124409', '[]', '{"cloudinary_public_id":"mizunowaverider_2_oo9bmn","primary":false}', '{"zoom":true,"large":true,"medium":true,"small":true}', '[]', '2', '2026-02-04 17:06:06', '2026-02-04 17:45:41');
INSERT INTO `media` (`id`, `model_type`, `model_id`, `uuid`, `collection_name`, `name`, `file_name`, `mime_type`, `disk`, `conversions_disk`, `size`, `manipulations`, `custom_properties`, `generated_conversions`, `responsive_images`, `order_column`, `created_at`, `updated_at`) VALUES ('67', 'product', '10', '9c69d4d3-1f47-419c-985c-291a433a1b4d', 'images', 'mizunowaverider_3_bdycrd', 'mizunowaverider_3_bdycrd.jpg', 'image/jpeg', 'public', 'public', '136050', '[]', '{"cloudinary_public_id":"mizunowaverider_3_bdycrd","primary":false}', '{"zoom":true,"large":true,"medium":true,"small":true}', '[]', '3', '2026-02-04 17:06:07', '2026-02-04 17:45:42');
INSERT INTO `media` (`id`, `model_type`, `model_id`, `uuid`, `collection_name`, `name`, `file_name`, `mime_type`, `disk`, `conversions_disk`, `size`, `manipulations`, `custom_properties`, `generated_conversions`, `responsive_images`, `order_column`, `created_at`, `updated_at`) VALUES ('68', 'product', '10', '16a4c372-498e-4881-b138-26e448bf61ad', 'images', 'mizunowaverider_4_mesuyf', 'mizunowaverider_4_mesuyf.jpg', 'image/jpeg', 'public', 'public', '103037', '[]', '{"cloudinary_public_id":"mizunowaverider_4_mesuyf","primary":false}', '{"zoom":true,"large":true,"medium":true,"small":true}', '[]', '4', '2026-02-04 17:06:08', '2026-02-04 17:45:44');
INSERT INTO `media` (`id`, `model_type`, `model_id`, `uuid`, `collection_name`, `name`, `file_name`, `mime_type`, `disk`, `conversions_disk`, `size`, `manipulations`, `custom_properties`, `generated_conversions`, `responsive_images`, `order_column`, `created_at`, `updated_at`) VALUES ('69', 'product', '10', '753711a0-58c5-40fe-9e45-63005fa3dfba', 'images', 'mizunowaverider_5_vvkbd6', 'mizunowaverider_5_vvkbd6.jpg', 'image/jpeg', 'public', 'public', '125657', '[]', '{"cloudinary_public_id":"mizunowaverider_5_vvkbd6","primary":false}', '{"zoom":true,"large":true,"medium":true,"small":true}', '[]', '5', '2026-02-04 17:06:09', '2026-02-04 17:45:45');

-- Table: migrations
CREATE TABLE `migrations` (`id` INT AUTO_INCREMENT PRIMARY KEY not null, `migration` VARCHAR(255) not null, `batch` INT not null);

INSERT INTO `migrations` (`id`, `migration`, `batch`) VALUES ('1', '0001_01_01_000000_create_users_table', '1');
INSERT INTO `migrations` (`id`, `migration`, `batch`) VALUES ('2', '0001_01_01_000001_create_cache_table', '1');
INSERT INTO `migrations` (`id`, `migration`, `batch`) VALUES ('3', '0001_01_01_000002_create_jobs_table', '1');
INSERT INTO `migrations` (`id`, `migration`, `batch`) VALUES ('4', '2021_07_29_100000_create_channels_table', '1');
INSERT INTO `migrations` (`id`, `migration`, `batch`) VALUES ('5', '2021_07_29_100001_create_languages_table', '1');
INSERT INTO `migrations` (`id`, `migration`, `batch`) VALUES ('6', '2021_07_29_100002_create_channelables_table', '1');
INSERT INTO `migrations` (`id`, `migration`, `batch`) VALUES ('7', '2021_07_29_100003_create_currencies_table', '1');
INSERT INTO `migrations` (`id`, `migration`, `batch`) VALUES ('8', '2021_07_29_100004_create_attribute_groups_table', '1');
INSERT INTO `migrations` (`id`, `migration`, `batch`) VALUES ('9', '2021_07_29_100005_create_attributes_table', '1');
INSERT INTO `migrations` (`id`, `migration`, `batch`) VALUES ('10', '2021_07_29_100006_create_attributables_table', '1');
INSERT INTO `migrations` (`id`, `migration`, `batch`) VALUES ('11', '2021_07_29_100010_create_product_types_table', '1');
INSERT INTO `migrations` (`id`, `migration`, `batch`) VALUES ('12', '2021_07_29_100011_create_tax_classes_table', '1');
INSERT INTO `migrations` (`id`, `migration`, `batch`) VALUES ('13', '2021_07_29_100012_create_tax_zones_table', '1');
INSERT INTO `migrations` (`id`, `migration`, `batch`) VALUES ('14', '2021_07_29_100020_create_products_table', '1');
INSERT INTO `migrations` (`id`, `migration`, `batch`) VALUES ('15', '2021_07_29_100025_create_product_associations_table', '1');
INSERT INTO `migrations` (`id`, `migration`, `batch`) VALUES ('16', '2021_07_29_100030_create_product_variants_table', '1');
INSERT INTO `migrations` (`id`, `migration`, `batch`) VALUES ('17', '2021_07_29_100040_create_customer_groups_table', '1');
INSERT INTO `migrations` (`id`, `migration`, `batch`) VALUES ('18', '2021_07_29_100041_create_customer_group_product_table', '1');
INSERT INTO `migrations` (`id`, `migration`, `batch`) VALUES ('19', '2021_07_29_100041_create_customers_table', '1');
INSERT INTO `migrations` (`id`, `migration`, `batch`) VALUES ('20', '2021_07_29_100042_create_customer_customer_group_table', '1');
INSERT INTO `migrations` (`id`, `migration`, `batch`) VALUES ('21', '2021_07_29_100042_create_customer_user_table', '1');
INSERT INTO `migrations` (`id`, `migration`, `batch`) VALUES ('22', '2021_07_29_100050_create_prices_table', '1');
INSERT INTO `migrations` (`id`, `migration`, `batch`) VALUES ('23', '2021_07_30_100000_create_countries_table', '1');
INSERT INTO `migrations` (`id`, `migration`, `batch`) VALUES ('24', '2021_07_30_100001_create_states_table', '1');
INSERT INTO `migrations` (`id`, `migration`, `batch`) VALUES ('25', '2021_07_30_100002_create_addresses_table', '1');
INSERT INTO `migrations` (`id`, `migration`, `batch`) VALUES ('26', '2021_07_30_100003_create_tax_zone_countries_table', '1');
INSERT INTO `migrations` (`id`, `migration`, `batch`) VALUES ('27', '2021_07_30_100004_create_tax_zone_states_table', '1');
INSERT INTO `migrations` (`id`, `migration`, `batch`) VALUES ('28', '2021_07_30_100005_create_tax_zone_postcodes_table', '1');
INSERT INTO `migrations` (`id`, `migration`, `batch`) VALUES ('29', '2021_07_30_100006_create_tax_zone_customer_groups_table', '1');
INSERT INTO `migrations` (`id`, `migration`, `batch`) VALUES ('30', '2021_07_30_100007_create_tax_rates_table', '1');
INSERT INTO `migrations` (`id`, `migration`, `batch`) VALUES ('31', '2021_07_30_100008_create_tax_rate_amounts_table', '1');
INSERT INTO `migrations` (`id`, `migration`, `batch`) VALUES ('32', '2021_08_10_101547_create_media_table', '1');
INSERT INTO `migrations` (`id`, `migration`, `batch`) VALUES ('33', '2021_08_10_102000_create_collection_groups_table', '1');
INSERT INTO `migrations` (`id`, `migration`, `batch`) VALUES ('34', '2021_08_10_103000_create_collections_table', '1');
INSERT INTO `migrations` (`id`, `migration`, `batch`) VALUES ('35', '2021_08_10_103001_create_collection_product_table', '1');
INSERT INTO `migrations` (`id`, `migration`, `batch`) VALUES ('36', '2021_08_10_103002_create_collection_customer_group_table', '1');
INSERT INTO `migrations` (`id`, `migration`, `batch`) VALUES ('37', '2021_08_17_142630_create_activity_log_table', '1');
INSERT INTO `migrations` (`id`, `migration`, `batch`) VALUES ('38', '2021_08_19_110000_create_staff_table', '1');
INSERT INTO `migrations` (`id`, `migration`, `batch`) VALUES ('39', '2021_09_09_100000_create_product_options_table', '1');
INSERT INTO `migrations` (`id`, `migration`, `batch`) VALUES ('40', '2021_09_09_100001_create_product_option_values_table', '1');
INSERT INTO `migrations` (`id`, `migration`, `batch`) VALUES ('41', '2021_09_09_100010_create_product_option_value_product_variant_table', '1');
INSERT INTO `migrations` (`id`, `migration`, `batch`) VALUES ('42', '2021_09_10_100000_create_tags_table', '1');
INSERT INTO `migrations` (`id`, `migration`, `batch`) VALUES ('43', '2021_09_10_100001_create_taggables_table', '1');
INSERT INTO `migrations` (`id`, `migration`, `batch`) VALUES ('44', '2021_09_29_100000_create_urls_table', '1');
INSERT INTO `migrations` (`id`, `migration`, `batch`) VALUES ('45', '2021_10_01_090000_create_orders_table', '1');
INSERT INTO `migrations` (`id`, `migration`, `batch`) VALUES ('46', '2021_10_01_090001_create_order_lines_table', '1');
INSERT INTO `migrations` (`id`, `migration`, `batch`) VALUES ('47', '2021_10_01_090002_create_order_addresses_table', '1');
INSERT INTO `migrations` (`id`, `migration`, `batch`) VALUES ('48', '2021_10_01_090003_create_transactions_table', '1');
INSERT INTO `migrations` (`id`, `migration`, `batch`) VALUES ('49', '2021_10_01_100000_create_carts_table', '1');
INSERT INTO `migrations` (`id`, `migration`, `batch`) VALUES ('50', '2021_10_01_100001_create_cart_addresses_table', '1');
INSERT INTO `migrations` (`id`, `migration`, `batch`) VALUES ('51', '2021_10_01_100001_create_cart_lines_table', '1');
INSERT INTO `migrations` (`id`, `migration`, `batch`) VALUES ('52', '2022_01_12_100000_add_columns_to_attributes_table', '1');
INSERT INTO `migrations` (`id`, `migration`, `batch`) VALUES ('53', '2022_01_12_100001_add_attribute_data_to_product_variants_table', '1');
INSERT INTO `migrations` (`id`, `migration`, `batch`) VALUES ('54', '2022_01_12_100002_add_default_column_to_tax_classes_table', '1');
INSERT INTO `migrations` (`id`, `migration`, `batch`) VALUES ('55', '2022_01_18_100000_add_starts_ends_at_to_channelables_table', '1');
INSERT INTO `migrations` (`id`, `migration`, `batch`) VALUES ('56', '2022_01_18_100001_add_customer_id_to_orders_table', '1');
INSERT INTO `migrations` (`id`, `migration`, `batch`) VALUES ('57', '2022_03_11_100000_remove_formatting_columns_from_currencies_table', '1');
INSERT INTO `migrations` (`id`, `migration`, `batch`) VALUES ('58', '2022_03_17_100000_add_fields_to_transactions_table', '1');
INSERT INTO `migrations` (`id`, `migration`, `batch`) VALUES ('59', '2022_03_29_100000_update_quantity_on_cart_lines_table', '1');
INSERT INTO `migrations` (`id`, `migration`, `batch`) VALUES ('60', '2022_03_30_100000_update_quantity_on_order_lines_table', '1');
INSERT INTO `migrations` (`id`, `migration`, `batch`) VALUES ('61', '2022_05_10_100000_fix_last_four_on_transactions_table', '1');
INSERT INTO `migrations` (`id`, `migration`, `batch`) VALUES ('62', '2022_05_19_100000_add_attributes_to_customers_table', '1');
INSERT INTO `migrations` (`id`, `migration`, `batch`) VALUES ('63', '2022_06_29_100000_create_assets_table', '1');
INSERT INTO `migrations` (`id`, `migration`, `batch`) VALUES ('64', '2022_07_15_100000_set_last_four_to_nullable_on_transactions', '1');
INSERT INTO `migrations` (`id`, `migration`, `batch`) VALUES ('65', '2022_07_23_215417_add_handle_position_to_product_options_table', '1');
INSERT INTO `migrations` (`id`, `migration`, `batch`) VALUES ('66', '2022_07_23_215418_add_position_to_product_option_values_table', '1');
INSERT INTO `migrations` (`id`, `migration`, `batch`) VALUES ('67', '2022_08_09_100000_create_media_variant_table', '1');
INSERT INTO `migrations` (`id`, `migration`, `batch`) VALUES ('68', '2022_08_09_100001_create_brands_table', '1');
INSERT INTO `migrations` (`id`, `migration`, `batch`) VALUES ('69', '2022_08_09_100002_add_brand_id_to_products_table', '1');
INSERT INTO `migrations` (`id`, `migration`, `batch`) VALUES ('70', '2022_09_05_100000_add_account_ref_to_customers_table', '1');
INSERT INTO `migrations` (`id`, `migration`, `batch`) VALUES ('71', '2022_09_08_100000_add_position_to_media_product_variant_table', '1');
INSERT INTO `migrations` (`id`, `migration`, `batch`) VALUES ('72', '2022_11_13_110447_update_prices_on_prices_table', '1');
INSERT INTO `migrations` (`id`, `migration`, `batch`) VALUES ('73', '2022_11_13_111734_update_prices_on_orders_table', '1');
INSERT INTO `migrations` (`id`, `migration`, `batch`) VALUES ('74', '2022_11_13_111744_update_prices_on_order_lines_table', '1');
INSERT INTO `migrations` (`id`, `migration`, `batch`) VALUES ('75', '2022_11_18_100000_create_discounts_table', '1');
INSERT INTO `migrations` (`id`, `migration`, `batch`) VALUES ('76', '2022_11_18_100005_create_cart_line_discount_table', '1');
INSERT INTO `migrations` (`id`, `migration`, `batch`) VALUES ('77', '2022_11_18_100010_create_brand_discount_table', '1');
INSERT INTO `migrations` (`id`, `migration`, `batch`) VALUES ('78', '2022_11_18_100015_create_customer_group_discount_table', '1');
INSERT INTO `migrations` (`id`, `migration`, `batch`) VALUES ('79', '2022_11_18_100020_create_discount_collections_table', '1');
INSERT INTO `migrations` (`id`, `migration`, `batch`) VALUES ('80', '2022_11_18_100030_create_discount_purchasables_table', '1');
INSERT INTO `migrations` (`id`, `migration`, `batch`) VALUES ('81', '2022_12_09_100000_add_new_customer_flag_to_orders_table', '1');
INSERT INTO `migrations` (`id`, `migration`, `batch`) VALUES ('82', '2023_03_03_100001_add_discount_breakdown_to_orders_table', '1');
INSERT INTO `migrations` (`id`, `migration`, `batch`) VALUES ('83', '2023_03_03_100001_add_max_uses_per_user_to_discounts_table', '1');
INSERT INTO `migrations` (`id`, `migration`, `batch`) VALUES ('84', '2023_03_13_100030_create_discount_user_table', '1');
INSERT INTO `migrations` (`id`, `migration`, `batch`) VALUES ('85', '2023_04_19_100000_add_shipping_breakdown_to_orders_table', '1');
INSERT INTO `migrations` (`id`, `migration`, `batch`) VALUES ('86', '2023_05_20_100000_add_customer_id_to_carts_table', '1');
INSERT INTO `migrations` (`id`, `migration`, `batch`) VALUES ('87', '2023_05_26_100000_add_label_to_product_options_table', '1');
INSERT INTO `migrations` (`id`, `migration`, `batch`) VALUES ('88', '2023_05_31_100000_create_permission_tables', '1');
INSERT INTO `migrations` (`id`, `migration`, `batch`) VALUES ('89', '2023_06_07_100000_add_cart_id_to_orders_table', '1');
INSERT INTO `migrations` (`id`, `migration`, `batch`) VALUES ('90', '2023_08_16_100013_add_attributes_to_brands_table', '1');
INSERT INTO `migrations` (`id`, `migration`, `batch`) VALUES ('91', '2023_09_21_100000_set_section_to_nullable_on_attributes', '1');
INSERT INTO `migrations` (`id`, `migration`, `batch`) VALUES ('92', '2023_10_06_100010_add_type_to_brand_discount_table', '1');
INSERT INTO `migrations` (`id`, `migration`, `batch`) VALUES ('93', '2023_10_06_100010_add_type_to_collection_discount_table', '1');
INSERT INTO `migrations` (`id`, `migration`, `batch`) VALUES ('94', '2023_12_18_100000_add_quantity_increment_min_quantity_to_product_variants_table', '1');
INSERT INTO `migrations` (`id`, `migration`, `batch`) VALUES ('95', '2024_01_04_100013_add_attributes_to_customer_groups_table', '1');
INSERT INTO `migrations` (`id`, `migration`, `batch`) VALUES ('96', '2024_01_11_100000_add_description_to_attributes_table', '1');
INSERT INTO `migrations` (`id`, `migration`, `batch`) VALUES ('97', '2024_01_16_100000_create_product_product_option_table', '1');
INSERT INTO `migrations` (`id`, `migration`, `batch`) VALUES ('98', '2024_01_16_100010_update_product_option_relations', '1');
INSERT INTO `migrations` (`id`, `migration`, `batch`) VALUES ('99', '2024_01_16_100020_remove_position_from_product_options_table', '1');
INSERT INTO `migrations` (`id`, `migration`, `batch`) VALUES ('100', '2024_01_16_100030_add_and_set_shared_to_product_options_table', '1');
INSERT INTO `migrations` (`id`, `migration`, `batch`) VALUES ('101', '2024_01_24_100000_update_product_option_handle_fk', '1');
INSERT INTO `migrations` (`id`, `migration`, `batch`) VALUES ('102', '2024_01_29_100000_update_nullable_currency_on_prices_table', '1');
INSERT INTO `migrations` (`id`, `migration`, `batch`) VALUES ('103', '2024_01_31_100000_update_tier_to_min_quantity_on_prices_table', '1');
INSERT INTO `migrations` (`id`, `migration`, `batch`) VALUES ('104', '2024_03_15_100000_remap_polymorphic_relations', '1');
INSERT INTO `migrations` (`id`, `migration`, `batch`) VALUES ('105', '2024_03_26_100000_create_brand_collection_table', '1');
INSERT INTO `migrations` (`id`, `migration`, `batch`) VALUES ('106', '2024_04_23_100000_add_soft_deletes_to_carts_table', '1');
INSERT INTO `migrations` (`id`, `migration`, `batch`) VALUES ('107', '2024_05_25_100000_update_collection_group_handle_unique', '1');
INSERT INTO `migrations` (`id`, `migration`, `batch`) VALUES ('108', '2024_07_23_100000_add_fingerprint_to_orders_table', '1');
INSERT INTO `migrations` (`id`, `migration`, `batch`) VALUES ('109', '2024_11_25_110000_rename_firstname_column_on_staff_table', '1');
INSERT INTO `migrations` (`id`, `migration`, `batch`) VALUES ('110', '2024_11_25_110001_rename_lastname_column_on_staff_table', '1');
INSERT INTO `migrations` (`id`, `migration`, `batch`) VALUES ('111', '2025_02_07_100000_create_customer_discount_table', '1');
INSERT INTO `migrations` (`id`, `migration`, `batch`) VALUES ('112', '2025_02_14_100000_add_tax_identifier_to_addresses_table', '1');
INSERT INTO `migrations` (`id`, `migration`, `batch`) VALUES ('113', '2025_02_14_100010_add_tax_identifier_to_order_addresses_table', '1');
INSERT INTO `migrations` (`id`, `migration`, `batch`) VALUES ('114', '2025_02_14_100020_add_tax_identifier_to_cart_addresses_table', '1');
INSERT INTO `migrations` (`id`, `migration`, `batch`) VALUES ('115', '2025_02_14_100030_rename_vat_no_at_customers_table', '1');
INSERT INTO `migrations` (`id`, `migration`, `batch`) VALUES ('116', '2025_04_28_100000_add_two_factor_columns_to_staff_table', '1');
INSERT INTO `migrations` (`id`, `migration`, `batch`) VALUES ('117', '2025_06_18_100000_add_sync_prices_to_currencies_table', '1');
INSERT INTO `migrations` (`id`, `migration`, `batch`) VALUES ('118', '2025_06_18_100000_rename_discount_purchasables_table', '1');
INSERT INTO `migrations` (`id`, `migration`, `batch`) VALUES ('119', '2025_08_05_083800_update_delivery_instructions_columns', '1');
INSERT INTO `migrations` (`id`, `migration`, `batch`) VALUES ('120', '2025_08_14_164000_switch_to_jsonb', '1');
INSERT INTO `migrations` (`id`, `migration`, `batch`) VALUES ('121', '2025_10_29_084000_add_missing_indexes_to_tables', '1');
INSERT INTO `migrations` (`id`, `migration`, `batch`) VALUES ('122', '2025_11_12_005200_add_meta_to_product_options', '1');
INSERT INTO `migrations` (`id`, `migration`, `batch`) VALUES ('123', '2026_02_04_163910_add_slug_to_lunar_products_table', '1');
INSERT INTO `migrations` (`id`, `migration`, `batch`) VALUES ('124', '2026_02_04_164815_add_thumbnail_id_to_lunar_products_table', '1');
INSERT INTO `migrations` (`id`, `migration`, `batch`) VALUES ('125', '2026_02_04_235509_create_personal_access_tokens_table', '2');

-- Table: model_has_permissions
CREATE TABLE `model_has_permissions` (`permission_id` INT not null, `model_type` VARCHAR(255) not null, `model_id` INT not null, foreign key(`permission_id`) references `permissions`(`id`) on delete cascade, primary key (`permission_id`, `model_id`, `model_type`));

-- Table: model_has_roles
CREATE TABLE `model_has_roles` (`role_id` INT not null, `model_type` VARCHAR(255) not null, `model_id` INT not null, foreign key(`role_id`) references `roles`(`id`) on delete cascade, primary key (`role_id`, `model_id`, `model_type`));

-- Table: password_reset_tokens
CREATE TABLE `password_reset_tokens` (`email` VARCHAR(255) not null, `token` VARCHAR(255) not null, `created_at` DATETIME, primary key (`email`));

-- Table: permissions
CREATE TABLE `permissions` (`id` INT AUTO_INCREMENT PRIMARY KEY not null, `name` VARCHAR(255) not null, `guard_name` VARCHAR(255) not null, `created_at` DATETIME, `updated_at` DATETIME);

INSERT INTO `permissions` (`id`, `name`, `guard_name`, `created_at`, `updated_at`) VALUES ('1', 'settings', 'staff', '2026-02-04 16:50:32', '2026-02-04 16:50:32');
INSERT INTO `permissions` (`id`, `name`, `guard_name`, `created_at`, `updated_at`) VALUES ('2', 'settings:core', 'staff', '2026-02-04 16:50:32', '2026-02-04 16:50:32');
INSERT INTO `permissions` (`id`, `name`, `guard_name`, `created_at`, `updated_at`) VALUES ('3', 'settings:manage-staff', 'staff', '2026-02-04 16:50:32', '2026-02-04 16:50:32');
INSERT INTO `permissions` (`id`, `name`, `guard_name`, `created_at`, `updated_at`) VALUES ('4', 'settings:manage-attributes', 'staff', '2026-02-04 16:50:32', '2026-02-04 16:50:32');
INSERT INTO `permissions` (`id`, `name`, `guard_name`, `created_at`, `updated_at`) VALUES ('5', 'catalog:manage-products', 'staff', '2026-02-04 16:50:32', '2026-02-04 16:50:32');
INSERT INTO `permissions` (`id`, `name`, `guard_name`, `created_at`, `updated_at`) VALUES ('6', 'catalog:manage-collections', 'staff', '2026-02-04 16:50:32', '2026-02-04 16:50:32');
INSERT INTO `permissions` (`id`, `name`, `guard_name`, `created_at`, `updated_at`) VALUES ('7', 'sales:manage-orders', 'staff', '2026-02-04 16:50:32', '2026-02-04 16:50:32');
INSERT INTO `permissions` (`id`, `name`, `guard_name`, `created_at`, `updated_at`) VALUES ('8', 'sales:manage-customers', 'staff', '2026-02-04 16:50:32', '2026-02-04 16:50:32');
INSERT INTO `permissions` (`id`, `name`, `guard_name`, `created_at`, `updated_at`) VALUES ('9', 'sales:manage-discounts', 'staff', '2026-02-04 16:50:32', '2026-02-04 16:50:32');

-- Table: personal_access_tokens
CREATE TABLE `personal_access_tokens` (`id` INT AUTO_INCREMENT PRIMARY KEY not null, `tokenable_type` VARCHAR(255) not null, `tokenable_id` INT not null, `name` text not null, `token` VARCHAR(255) not null, `abilities` text, `last_used_at` DATETIME, `expires_at` DATETIME, `created_at` DATETIME, `updated_at` DATETIME);

-- Table: role_has_permissions
CREATE TABLE `role_has_permissions` (`permission_id` INT not null, `role_id` INT not null, foreign key(`permission_id`) references `permissions`(`id`) on delete cascade, foreign key(`role_id`) references `roles`(`id`) on delete cascade, primary key (`permission_id`, `role_id`));

-- Table: roles
CREATE TABLE `roles` (`id` INT AUTO_INCREMENT PRIMARY KEY not null, `name` VARCHAR(255) not null, `guard_name` VARCHAR(255) not null, `created_at` DATETIME, `updated_at` DATETIME);

INSERT INTO `roles` (`id`, `name`, `guard_name`, `created_at`, `updated_at`) VALUES ('1', 'admin', 'staff', '2026-02-04 16:50:32', '2026-02-04 16:50:32');
INSERT INTO `roles` (`id`, `name`, `guard_name`, `created_at`, `updated_at`) VALUES ('2', 'staff', 'staff', '2026-02-04 16:50:32', '2026-02-04 16:50:32');

-- Table: sessions
CREATE TABLE `sessions` (`id` VARCHAR(255) not null, `user_id` INT, `ip_address` VARCHAR(255), `user_agent` text, `payload` text not null, `last_activity` INT not null, primary key (`id`));

INSERT INTO `sessions` (`id`, `user_id`, `ip_address`, `user_agent`, `payload`, `last_activity`) VALUES ('chF8We3k1rwwcQTYgy7V2jfhopNqSO4DUAZd7j7Q', '3', '127.0.0.1', 'Mozilla/5.0 (Windows NT 10.0; Win64; x64) AppleWebKit/537.36 (KHTML, like Gecko) Chrome/146.0.0.0 Safari/537.36', 'YTo0OntzOjY6Il90b2tlbiI7czo0MDoiQjBaamJPVFVaY3ZzbUI2cHphT1RmTllqYW05VTU3bGI1UGc3dmlVdCI7czo5OiJfcHJldmlvdXMiO2E6MTp7czozOiJ1cmwiO3M6Mzk6Imh0dHA6Ly9iYWNrZW5kLnRlc3Qvc2FuY3R1bS9jc3JmLWNvb2tpZSI7fXM6NjoiX2ZsYXNoIjthOjI6e3M6Mzoib2xkIjthOjA6e31zOjM6Im5ldyI7YTowOnt9fXM6NTA6ImxvZ2luX3dlYl81OWJhMzZhZGRjMmIyZjk0MDE1ODBmMDE0YzdmNThlYTRlMzA5ODlkIjtpOjM7fQ==', '1773327153');

-- Table: users
CREATE TABLE `users` (`id` INT AUTO_INCREMENT PRIMARY KEY not null, `name` VARCHAR(255) not null, `email` VARCHAR(255) not null, `email_verified_at` DATETIME, `password` VARCHAR(255) not null, `remember_token` VARCHAR(255), `created_at` DATETIME, `updated_at` DATETIME);

INSERT INTO `users` (`id`, `name`, `email`, `email_verified_at`, `password`, `remember_token`, `created_at`, `updated_at`) VALUES ('1', 'Admin', 'admin@admin.com', NULL, '$2y$12$BYNA9RDEAyg3ukeZg24naOqx.OR/OvXXDArPweTbr1l6wSs/Y2Cni', 'yfUUzVZbYHYLIeS6YoWWivajV7rIFaYviuGt5DLUFd3YyUPDb7Y0sTFbnTAB', '2026-02-04 16:51:33', '2026-02-04 16:51:33');
INSERT INTO `users` (`id`, `name`, `email`, `email_verified_at`, `password`, `remember_token`, `created_at`, `updated_at`) VALUES ('2', 'Albert Test', 'albert@test.com', NULL, '$2y$12$I2DvMaFClGQORGZCTItOb.0ky24Zf4ZsVFlUPsSS8wyN2HyrBZBY2', NULL, '2026-02-05 00:08:13', '2026-02-05 00:08:13');
INSERT INTO `users` (`id`, `name`, `email`, `email_verified_at`, `password`, `remember_token`, `created_at`, `updated_at`) VALUES ('3', 'Albert Domenech Obiol', 'domenechobiol@gmail.com', NULL, '$2y$12$MBtGWgWbaDj8bqaVYxRZNOAhfx5o6QDwijAwUZqPdw6RRxrwqQdB.', NULL, '2026-02-05 15:31:31', '2026-02-05 15:31:31');
INSERT INTO `users` (`id`, `name`, `email`, `email_verified_at`, `password`, `remember_token`, `created_at`, `updated_at`) VALUES ('4', 'David', 'david@test.com', NULL, '$2y$12$/FfRfL316vlmH5enQulYruecOmF5Zg980UcHXy1I0DlsoNn2LAYAa', NULL, '2026-02-09 14:13:24', '2026-02-09 14:13:24');
INSERT INTO `users` (`id`, `name`, `email`, `email_verified_at`, `password`, `remember_token`, `created_at`, `updated_at`) VALUES ('5', 'Pepe Gotera', 'pepe@test.com', NULL, '$2y$12$qCXVXMop2ryR0E2ZvyvX3.3u8u2xjVqVkT/QxOzh/r4RjJwzQoB9q', NULL, '2026-02-10 19:35:10', '2026-02-10 19:35:10');
INSERT INTO `users` (`id`, `name`, `email`, `email_verified_at`, `password`, `remember_token`, `created_at`, `updated_at`) VALUES ('7', 'David', 'ddiaz4@milaifontanals.org', '2026-02-23 14:17:38', '$2y$12$stmueU4EtCnn4NdfcyMQnO4AeMRx11X0S6u0.Taes6/7m.REdx2q.', NULL, '2026-02-23 14:17:12', '2026-02-23 14:17:38');



